scene_file,model,mesh,material,primitive_type,index_count,radius,min,max,index_binary,vertex_binaries
baskets.SCNE,arena_clutchtime_int_master@GameObjects@MAIN@basket0:glass,glass_shotclock_controller_geo3Shape,basket_stanchioni2_nba:glass_backboard_mat,TRIANGLE_LIST,78,321.318726,"[-91.2656174,34.498806,-463.581757]","[89.0743866,522.365417,0.031921387]",IndexBuffer.51ed9667055f7b41.bin,VertexBuffer.53e22477fb59a80a.bin;VertexBuffer.896a75cc5eec7080.bin;VertexBuffer.0c64554d1de5c384.bin
baskets.SCNE,arena_clutchtime_int_master@GameObjects@MAIN@basket0:glass,glass_shotclock_primary_geo3Shape,,,12,321.318726,"[-91.2656174,34.498806,-463.581757]","[89.0743866,522.365417,0.031921387]",IndexBuffer.51ed9667055f7b41.bin,VertexBuffer.53e22477fb59a80a.bin;VertexBuffer.896a75cc5eec7080.bin;VertexBuffer.0c64554d1de5c384.bin
baskets.SCNE,arena_clutchtime_int_master@GameObjects@MAIN@basket0:glass,glass_shotclock_secondary_geo3Shape,,,12,321.318726,"[-91.2656174,34.498806,-463.581757]","[89.0743866,522.365417,0.031921387]",IndexBuffer.51ed9667055f7b41.bin,VertexBuffer.53e22477fb59a80a.bin;VertexBuffer.896a75cc5eec7080.bin;VertexBuffer.0c64554d1de5c384.bin
baskets.SCNE,arena_clutchtime_int_master@GameObjects@MAIN@basket0:glass,glass_backboard_arena_geo3Shape,,,12,321.318726,"[-91.2656174,34.498806,-463.581757]","[89.0743866,522.365417,0.031921387]",IndexBuffer.51ed9667055f7b41.bin,VertexBuffer.53e22477fb59a80a.bin;VertexBuffer.896a75cc5eec7080.bin;VertexBuffer.0c64554d1de5c384.bin
baskets.SCNE,arena_clutchtime_int_master@GameObjects@MAIN@basket0:basket,stanchion_i_geo3Shape,basket_stanchioni2_nba:stanchion_metal_paint_charcoal_mat,TRIANGLE_LIST,3654,358.312958,"[-94.7033539,-0.551921308,-516.983459]","[94.7033539,534.952148,62.3042221]",IndexBuffer.2faa94a692eecb55.gz,VertexBuffer.396eff6e2f806326.gz;VertexBuffer.c7008f082a4e24dd.gz;VertexBuffer.8d2e607c050161de.gz
baskets.SCNE,arena_clutchtime_int_master@GameObjects@MAIN@basket0:basket,,basket_stanchioni2_nba:487f6159:backboard_chrome_white_mat,,3294,358.312958,"[-94.7033539,-0.551921308,-516.983459]","[94.7033539,534.952148,62.3042221]",IndexBuffer.2faa94a692eecb55.gz,VertexBuffer.396eff6e2f806326.gz;VertexBuffer.c7008f082a4e24dd.gz;VertexBuffer.8d2e607c050161de.gz
baskets.SCNE,arena_clutchtime_int_master@GameObjects@MAIN@basket0:basket,,basket_stanchioni2_nba:metal_metal_paint_charcoal_dull_mat,,11406,358.312958,"[-94.7033539,-0.551921308,-516.983459]","[94.7033539,534.952148,62.3042221]",IndexBuffer.2faa94a692eecb55.gz,VertexBuffer.396eff6e2f806326.gz;VertexBuffer.c7008f082a4e24dd.gz;VertexBuffer.8d2e607c050161de.gz
baskets.SCNE,arena_clutchtime_int_master@GameObjects@MAIN@basket0:basket,,basket_stanchioni2_nba:bracket_metal_powder_mat,,3720,358.312958,"[-94.7033539,-0.551921308,-516.983459]","[94.7033539,534.952148,62.3042221]",IndexBuffer.2faa94a692eecb55.gz,VertexBuffer.396eff6e2f806326.gz;VertexBuffer.c7008f082a4e24dd.gz;VertexBuffer.8d2e607c050161de.gz
baskets.SCNE,arena_clutchtime_int_master@GameObjects@MAIN@basket0:basket,,basket_stanchioni2_nba:bracket_chrome_midgray_mat,,8256,358.312958,"[-94.7033539,-0.551921308,-516.983459]","[94.7033539,534.952148,62.3042221]",IndexBuffer.2faa94a692eecb55.gz,VertexBuffer.396eff6e2f806326.gz;VertexBuffer.c7008f082a4e24dd.gz;VertexBuffer.8d2e607c050161de.gz
baskets.SCNE,arena_clutchtime_int_master@GameObjects@MAIN@basket0:basket,,basket_stanchioni2_nba:metal_chrome_shiny_mat,,28872,358.312958,"[-94.7033539,-0.551921308,-516.983459]","[94.7033539,534.952148,62.3042221]",IndexBuffer.2faa94a692eecb55.gz,VertexBuffer.396eff6e2f806326.gz;VertexBuffer.c7008f082a4e24dd.gz;VertexBuffer.8d2e607c050161de.gz
baskets.SCNE,arena_clutchtime_int_master@GameObjects@MAIN@basket0:basket,,basket_stanchioni2_nba:plastic_coarse_black_mat,,4680,358.312958,"[-94.7033539,-0.551921308,-516.983459]","[94.7033539,534.952148,62.3042221]",IndexBuffer.2faa94a692eecb55.gz,VertexBuffer.396eff6e2f806326.gz;VertexBuffer.c7008f082a4e24dd.gz;VertexBuffer.8d2e607c050161de.gz
baskets.SCNE,arena_clutchtime_int_master@GameObjects@MAIN@basket0:basket,stanchion_i_backboard_wires_geo3Shape,,,8154,358.312958,"[-94.7033539,-0.551921308,-516.983459]","[94.7033539,534.952148,62.3042221]",IndexBuffer.2faa94a692eecb55.gz,VertexBuffer.396eff6e2f806326.gz;VertexBuffer.c7008f082a4e24dd.gz;VertexBuffer.8d2e607c050161de.gz
baskets.SCNE,arena_clutchtime_int_master@GameObjects@MAIN@basket0:basket,stanchion_i_padding_upright_logos_geo2Shape,basket_stanchioni2_nba:padding_base_sides_mat,,1383,358.312958,"[-94.7033539,-0.551921308,-516.983459]","[94.7033539,534.952148,62.3042221]",IndexBuffer.2faa94a692eecb55.gz,VertexBuffer.396eff6e2f806326.gz;VertexBuffer.c7008f082a4e24dd.gz;VertexBuffer.8d2e607c050161de.gz
baskets.SCNE,arena_clutchtime_int_master@GameObjects@MAIN@basket0:basket,,basket_stanchioni2_nba:17c4a8d6:padding_base_front_mat,,924,358.312958,"[-94.7033539,-0.551921308,-516.983459]","[94.7033539,534.952148,62.3042221]",IndexBuffer.2faa94a692eecb55.gz,VertexBuffer.396eff6e2f806326.gz;VertexBuffer.c7008f082a4e24dd.gz;VertexBuffer.8d2e607c050161de.gz
baskets.SCNE,arena_clutchtime_int_master@GameObjects@MAIN@basket0:basket,,basket_stanchioni2_nba:8851661a:padding_logo_upright_front_mat,,486,358.312958,"[-94.7033539,-0.551921308,-516.983459]","[94.7033539,534.952148,62.3042221]",IndexBuffer.2faa94a692eecb55.gz,VertexBuffer.396eff6e2f806326.gz;VertexBuffer.c7008f082a4e24dd.gz;VertexBuffer.8d2e607c050161de.gz
baskets.SCNE,arena_clutchtime_int_master@GameObjects@MAIN@basket0:basket,,basket_stanchioni2_nba:6a4e4e89:padding_logo_upright_sides_mat,,675,358.312958,"[-94.7033539,-0.551921308,-516.983459]","[94.7033539,534.952148,62.3042221]",IndexBuffer.2faa94a692eecb55.gz,VertexBuffer.396eff6e2f806326.gz;VertexBuffer.c7008f082a4e24dd.gz;VertexBuffer.8d2e607c050161de.gz
baskets.SCNE,arena_clutchtime_int_master@GameObjects@MAIN@basket0:basket,stanchion_i_padding_arm_geo3Shape,basket_stanchioni2_nba:c1142d1a:padding_logo_arm_mat,,672,358.312958,"[-94.7033539,-0.551921308,-516.983459]","[94.7033539,534.952148,62.3042221]",IndexBuffer.2faa94a692eecb55.gz,VertexBuffer.396eff6e2f806326.gz;VertexBuffer.c7008f082a4e24dd.gz;VertexBuffer.8d2e607c050161de.gz
baskets.SCNE,arena_clutchtime_int_master@GameObjects@MAIN@basket0:basket,stanchion_i_padding_arm_tape_geo3Shape,basket_stanchioni2_nba:bracket_rubber_black_mat,,432,358.312958,"[-94.7033539,-0.551921308,-516.983459]","[94.7033539,534.952148,62.3042221]",IndexBuffer.2faa94a692eecb55.gz,VertexBuffer.396eff6e2f806326.gz;VertexBuffer.c7008f082a4e24dd.gz;VertexBuffer.8d2e607c050161de.gz
baskets.SCNE,arena_clutchtime_int_master@GameObjects@MAIN@basket0:basket,stanchion_i_shotclock_primary_support_geo3Shape,basket_stanchioni2_nba:stanchion_metal_paint_charcoal_mat,,426,358.312958,"[-94.7033539,-0.551921308,-516.983459]","[94.7033539,534.952148,62.3042221]",IndexBuffer.2faa94a692eecb55.gz,VertexBuffer.396eff6e2f806326.gz;VertexBuffer.c7008f082a4e24dd.gz;VertexBuffer.8d2e607c050161de.gz
baskets.SCNE,arena_clutchtime_int_master@GameObjects@MAIN@basket0:basket,,basket_stanchioni2_nba:487f6159:backboard_chrome_white_mat,,288,358.312958,"[-94.7033539,-0.551921308,-516.983459]","[94.7033539,534.952148,62.3042221]",IndexBuffer.2faa94a692eecb55.gz,VertexBuffer.396eff6e2f806326.gz;VertexBuffer.c7008f082a4e24dd.gz;VertexBuffer.8d2e607c050161de.gz
baskets.SCNE,arena_clutchtime_int_master@GameObjects@MAIN@basket0:basket,,basket_stanchioni2_nba:shotclock_chrome_white_mat,,240,358.312958,"[-94.7033539,-0.551921308,-516.983459]","[94.7033539,534.952148,62.3042221]",IndexBuffer.2faa94a692eecb55.gz,VertexBuffer.396eff6e2f806326.gz;VertexBuffer.c7008f082a4e24dd.gz;VertexBuffer.8d2e607c050161de.gz
baskets.SCNE,arena_clutchtime_int_master@GameObjects@MAIN@basket0:basket,stanchion_i_shotclock_secondary_support_geo3Shape,basket_stanchioni2_nba:metal_metal_paint_charcoal_dull_mat,,516,358.312958,"[-94.7033539,-0.551921308,-516.983459]","[94.7033539,534.952148,62.3042221]",IndexBuffer.2faa94a692eecb55.gz,VertexBuffer.396eff6e2f806326.gz;VertexBuffer.c7008f082a4e24dd.gz;VertexBuffer.8d2e607c050161de.gz
baskets.SCNE,arena_clutchtime_int_master@GameObjects@MAIN@basket0:basket,,basket_stanchioni2_nba:bracket_chrome_midgray_mat,,672,358.312958,"[-94.7033539,-0.551921308,-516.983459]","[94.7033539,534.952148,62.3042221]",IndexBuffer.2faa94a692eecb55.gz,VertexBuffer.396eff6e2f806326.gz;VertexBuffer.c7008f082a4e24dd.gz;VertexBuffer.8d2e607c050161de.gz
baskets.SCNE,arena_clutchtime_int_master@GameObjects@MAIN@basket0:basket,,basket_stanchioni2_nba:shotclock_chrome_white_mat,,240,358.312958,"[-94.7033539,-0.551921308,-516.983459]","[94.7033539,534.952148,62.3042221]",IndexBuffer.2faa94a692eecb55.gz,VertexBuffer.396eff6e2f806326.gz;VertexBuffer.c7008f082a4e24dd.gz;VertexBuffer.8d2e607c050161de.gz
baskets.SCNE,arena_clutchtime_int_master@GameObjects@MAIN@basket0:basket,stanchion_i_shotclock_brace_geo5Shape,,,72,358.312958,"[-94.7033539,-0.551921308,-516.983459]","[94.7033539,534.952148,62.3042221]",IndexBuffer.2faa94a692eecb55.gz,VertexBuffer.396eff6e2f806326.gz;VertexBuffer.c7008f082a4e24dd.gz;VertexBuffer.8d2e607c050161de.gz
baskets.SCNE,arena_clutchtime_int_master@GameObjects@MAIN@basket0:basket,,basket_stanchioni2_nba:487f6159:backboard_chrome_white_mat,,804,358.312958,"[-94.7033539,-0.551921308,-516.983459]","[94.7033539,534.952148,62.3042221]",IndexBuffer.2faa94a692eecb55.gz,VertexBuffer.396eff6e2f806326.gz;VertexBuffer.c7008f082a4e24dd.gz;VertexBuffer.8d2e607c050161de.gz
baskets.SCNE,arena_clutchtime_int_master@GameObjects@MAIN@basket0:basket,,basket_stanchioni2_nba:stanchion_metal_paint_charcoal_mat,,48,358.312958,"[-94.7033539,-0.551921308,-516.983459]","[94.7033539,534.952148,62.3042221]",IndexBuffer.2faa94a692eecb55.gz,VertexBuffer.396eff6e2f806326.gz;VertexBuffer.c7008f082a4e24dd.gz;VertexBuffer.8d2e607c050161de.gz
baskets.SCNE,arena_clutchtime_int_master@GameObjects@MAIN@basket0:basket,stanchion_i_shotclock_brace_geo6Shape,basket_stanchioni2_nba:shotclock_chrome_white_mat,,72,358.312958,"[-94.7033539,-0.551921308,-516.983459]","[94.7033539,534.952148,62.3042221]",IndexBuffer.2faa94a692eecb55.gz,VertexBuffer.396eff6e2f806326.gz;VertexBuffer.c7008f082a4e24dd.gz;VertexBuffer.8d2e607c050161de.gz
baskets.SCNE,arena_clutchtime_int_master@GameObjects@MAIN@basket0:basket,,basket_stanchioni2_nba:487f6159:backboard_chrome_white_mat,,804,358.312958,"[-94.7033539,-0.551921308,-516.983459]","[94.7033539,534.952148,62.3042221]",IndexBuffer.2faa94a692eecb55.gz,VertexBuffer.396eff6e2f806326.gz;VertexBuffer.c7008f082a4e24dd.gz;VertexBuffer.8d2e607c050161de.gz
baskets.SCNE,arena_clutchtime_int_master@GameObjects@MAIN@basket0:basket,,basket_stanchioni2_nba:stanchion_metal_paint_charcoal_mat,,48,358.312958,"[-94.7033539,-0.551921308,-516.983459]","[94.7033539,534.952148,62.3042221]",IndexBuffer.2faa94a692eecb55.gz,VertexBuffer.396eff6e2f806326.gz;VertexBuffer.c7008f082a4e24dd.gz;VertexBuffer.8d2e607c050161de.gz
baskets.SCNE,arena_clutchtime_int_master@GameObjects@MAIN@basket0:basket,stanchion_i_shotclock_wire_geo3Shape,basket_stanchioni2_nba:plastic_coarse_black_mat,,12090,358.312958,"[-94.7033539,-0.551921308,-516.983459]","[94.7033539,534.952148,62.3042221]",IndexBuffer.2faa94a692eecb55.gz,VertexBuffer.396eff6e2f806326.gz;VertexBuffer.c7008f082a4e24dd.gz;VertexBuffer.8d2e607c050161de.gz
baskets.SCNE,arena_clutchtime_int_master@GameObjects@MAIN@basket0:basket,shotclock_controller_geo3Shape,basket_stanchioni2_nba:bracket_metal_paint_midgray1_mat,,60,358.312958,"[-94.7033539,-0.551921308,-516.983459]","[94.7033539,534.952148,62.3042221]",IndexBuffer.2faa94a692eecb55.gz,VertexBuffer.396eff6e2f806326.gz;VertexBuffer.c7008f082a4e24dd.gz;VertexBuffer.8d2e607c050161de.gz
baskets.SCNE,arena_clutchtime_int_master@GameObjects@MAIN@basket0:basket,,basket_stanchioni2_nba:bracket_rubber_gray_mat,,504,358.312958,"[-94.7033539,-0.551921308,-516.983459]","[94.7033539,534.952148,62.3042221]",IndexBuffer.2faa94a692eecb55.gz,VertexBuffer.396eff6e2f806326.gz;VertexBuffer.c7008f082a4e24dd.gz;VertexBuffer.8d2e607c050161de.gz
baskets.SCNE,arena_clutchtime_int_master@GameObjects@MAIN@basket0:basket,stanchion_i_speaker_geo5Shape,basket_stanchioni2_nba:bracket_metal_paint_charcoal_mat,,288,358.312958,"[-94.7033539,-0.551921308,-516.983459]","[94.7033539,534.952148,62.3042221]",IndexBuffer.2faa94a692eecb55.gz,VertexBuffer.396eff6e2f806326.gz;VertexBuffer.c7008f082a4e24dd.gz;VertexBuffer.8d2e607c050161de.gz
baskets.SCNE,arena_clutchtime_int_master@GameObjects@MAIN@basket0:basket,,basket_stanchioni2_nba:bracket_metal_paint_midgray2_mat,,96,358.312958,"[-94.7033539,-0.551921308,-516.983459]","[94.7033539,534.952148,62.3042221]",IndexBuffer.2faa94a692eecb55.gz,VertexBuffer.396eff6e2f806326.gz;VertexBuffer.c7008f082a4e24dd.gz;VertexBuffer.8d2e607c050161de.gz
baskets.SCNE,arena_clutchtime_int_master@GameObjects@MAIN@basket0:basket,,basket_stanchioni2_nba:bracket_chrome_midgray_mat,,48,358.312958,"[-94.7033539,-0.551921308,-516.983459]","[94.7033539,534.952148,62.3042221]",IndexBuffer.2faa94a692eecb55.gz,VertexBuffer.396eff6e2f806326.gz;VertexBuffer.c7008f082a4e24dd.gz;VertexBuffer.8d2e607c050161de.gz
baskets.SCNE,arena_clutchtime_int_master@GameObjects@MAIN@basket0:basket,stanchion_i_speaker_geo6Shape,basket_stanchioni2_nba:bracket_metal_paint_charcoal_mat,,288,358.312958,"[-94.7033539,-0.551921308,-516.983459]","[94.7033539,534.952148,62.3042221]",IndexBuffer.2faa94a692eecb55.gz,VertexBuffer.396eff6e2f806326.gz;VertexBuffer.c7008f082a4e24dd.gz;VertexBuffer.8d2e607c050161de.gz
baskets.SCNE,arena_clutchtime_int_master@GameObjects@MAIN@basket0:basket,,basket_stanchioni2_nba:bracket_metal_paint_midgray2_mat,,96,358.312958,"[-94.7033539,-0.551921308,-516.983459]","[94.7033539,534.952148,62.3042221]",IndexBuffer.2faa94a692eecb55.gz,VertexBuffer.396eff6e2f806326.gz;VertexBuffer.c7008f082a4e24dd.gz;VertexBuffer.8d2e607c050161de.gz
baskets.SCNE,arena_clutchtime_int_master@GameObjects@MAIN@basket0:basket,,basket_stanchioni2_nba:bracket_chrome_midgray_mat,,48,358.312958,"[-94.7033539,-0.551921308,-516.983459]","[94.7033539,534.952148,62.3042221]",IndexBuffer.2faa94a692eecb55.gz,VertexBuffer.396eff6e2f806326.gz;VertexBuffer.c7008f082a4e24dd.gz;VertexBuffer.8d2e607c050161de.gz
baskets.SCNE,arena_clutchtime_int_master@GameObjects@MAIN@basket0:basket,stanchion_i_speaker_control_geo3Shape,basket_stanchioni2_nba:bracket_metal_paint_charcoal_mat,,132,358.312958,"[-94.7033539,-0.551921308,-516.983459]","[94.7033539,534.952148,62.3042221]",IndexBuffer.2faa94a692eecb55.gz,VertexBuffer.396eff6e2f806326.gz;VertexBuffer.c7008f082a4e24dd.gz;VertexBuffer.8d2e607c050161de.gz
baskets.SCNE,arena_clutchtime_int_master@GameObjects@MAIN@basket0:basket,,basket_stanchioni2_nba:bracket_metal_powder_mat,,84,358.312958,"[-94.7033539,-0.551921308,-516.983459]","[94.7033539,534.952148,62.3042221]",IndexBuffer.2faa94a692eecb55.gz,VertexBuffer.396eff6e2f806326.gz;VertexBuffer.c7008f082a4e24dd.gz;VertexBuffer.8d2e607c050161de.gz
baskets.SCNE,arena_clutchtime_int_master@GameObjects@MAIN@basket0:basket,,basket_stanchioni2_nba:bracket_metal_paint_midgray2_mat,,216,358.312958,"[-94.7033539,-0.551921308,-516.983459]","[94.7033539,534.952148,62.3042221]",IndexBuffer.2faa94a692eecb55.gz,VertexBuffer.396eff6e2f806326.gz;VertexBuffer.c7008f082a4e24dd.gz;VertexBuffer.8d2e607c050161de.gz
baskets.SCNE,arena_clutchtime_int_master@GameObjects@MAIN@basket0:basket,stanchion_i_speaker_wire_geo3Shape,basket_stanchioni2_nba:plastic_coarse_black_mat,,2196,358.312958,"[-94.7033539,-0.551921308,-516.983459]","[94.7033539,534.952148,62.3042221]",IndexBuffer.2faa94a692eecb55.gz,VertexBuffer.396eff6e2f806326.gz;VertexBuffer.c7008f082a4e24dd.gz;VertexBuffer.8d2e607c050161de.gz
baskets.SCNE,arena_clutchtime_int_master@GameObjects@MAIN@basket0:basket,shotclock_primary_geo3Shape,basket_stanchioni2_nba:shotclock_chrome_white_mat,,792,358.312958,"[-94.7033539,-0.551921308,-516.983459]","[94.7033539,534.952148,62.3042221]",IndexBuffer.2faa94a692eecb55.gz,VertexBuffer.396eff6e2f806326.gz;VertexBuffer.c7008f082a4e24dd.gz;VertexBuffer.8d2e607c050161de.gz
baskets.SCNE,arena_clutchtime_int_master@GameObjects@MAIN@basket0:basket,,basket_stanchioni2_nba:shotclock_plastic_coarse_decal_mat,,1392,358.312958,"[-94.7033539,-0.551921308,-516.983459]","[94.7033539,534.952148,62.3042221]",IndexBuffer.2faa94a692eecb55.gz,VertexBuffer.396eff6e2f806326.gz;VertexBuffer.c7008f082a4e24dd.gz;VertexBuffer.8d2e607c050161de.gz
baskets.SCNE,arena_clutchtime_int_master@GameObjects@MAIN@basket0:basket,,basket_stanchioni2_nba:plastic_coarse_black_mat,,336,358.312958,"[-94.7033539,-0.551921308,-516.983459]","[94.7033539,534.952148,62.3042221]",IndexBuffer.2faa94a692eecb55.gz,VertexBuffer.396eff6e2f806326.gz;VertexBuffer.c7008f082a4e24dd.gz;VertexBuffer.8d2e607c050161de.gz
baskets.SCNE,arena_clutchtime_int_master@GameObjects@MAIN@basket0:basket,,basket_stanchioni2_nba:shotclock_metal_paint_charcoal_mat,,912,358.312958,"[-94.7033539,-0.551921308,-516.983459]","[94.7033539,534.952148,62.3042221]",IndexBuffer.2faa94a692eecb55.gz,VertexBuffer.396eff6e2f806326.gz;VertexBuffer.c7008f082a4e24dd.gz;VertexBuffer.8d2e607c050161de.gz
baskets.SCNE,arena_clutchtime_int_master@GameObjects@MAIN@basket0:basket,,basket_stanchioni2_nba:bracket_metal_paint_charcoal_mat,,132,358.312958,"[-94.7033539,-0.551921308,-516.983459]","[94.7033539,534.952148,62.3042221]",IndexBuffer.2faa94a692eecb55.gz,VertexBuffer.396eff6e2f806326.gz;VertexBuffer.c7008f082a4e24dd.gz;VertexBuffer.8d2e607c050161de.gz
baskets.SCNE,arena_clutchtime_int_master@GameObjects@MAIN@basket0:basket,shotclock_digits_primary_geo3Shape,basket_stanchioni2_nba:shot_bottom,,12,358.312958,"[-94.7033539,-0.551921308,-516.983459]","[94.7033539,534.952148,62.3042221]",IndexBuffer.2faa94a692eecb55.gz,VertexBuffer.396eff6e2f806326.gz;VertexBuffer.c7008f082a4e24dd.gz;VertexBuffer.8d2e607c050161de.gz
baskets.SCNE,arena_clutchtime_int_master@GameObjects@MAIN@basket0:basket,,basket_stanchioni2_nba:shot_dig7,,120,358.312958,"[-94.7033539,-0.551921308,-516.983459]","[94.7033539,534.952148,62.3042221]",IndexBuffer.2faa94a692eecb55.gz,VertexBuffer.396eff6e2f806326.gz;VertexBuffer.c7008f082a4e24dd.gz;VertexBuffer.8d2e607c050161de.gz
baskets.SCNE,arena_clutchtime_int_master@GameObjects@MAIN@basket0:basket,,basket_stanchioni2_nba:shot_dig5,,120,358.312958,"[-94.7033539,-0.551921308,-516.983459]","[94.7033539,534.952148,62.3042221]",IndexBuffer.2faa94a692eecb55.gz,VertexBuffer.396eff6e2f806326.gz;VertexBuffer.c7008f082a4e24dd.gz;VertexBuffer.8d2e607c050161de.gz
baskets.SCNE,arena_clutchtime_int_master@GameObjects@MAIN@basket0:basket,,basket_stanchioni2_nba:shot_dig6,,120,358.312958,"[-94.7033539,-0.551921308,-516.983459]","[94.7033539,534.952148,62.3042221]",IndexBuffer.2faa94a692eecb55.gz,VertexBuffer.396eff6e2f806326.gz;VertexBuffer.c7008f082a4e24dd.gz;VertexBuffer.8d2e607c050161de.gz
baskets.SCNE,arena_clutchtime_int_master@GameObjects@MAIN@basket0:basket,,basket_stanchioni2_nba:shot_dig4,,120,358.312958,"[-94.7033539,-0.551921308,-516.983459]","[94.7033539,534.952148,62.3042221]",IndexBuffer.2faa94a692eecb55.gz,VertexBuffer.396eff6e2f806326.gz;VertexBuffer.c7008f082a4e24dd.gz;VertexBuffer.8d2e607c050161de.gz
baskets.SCNE,arena_clutchtime_int_master@GameObjects@MAIN@basket0:basket,,basket_stanchioni2_nba:shot_dig3,,120,358.312958,"[-94.7033539,-0.551921308,-516.983459]","[94.7033539,534.952148,62.3042221]",IndexBuffer.2faa94a692eecb55.gz,VertexBuffer.396eff6e2f806326.gz;VertexBuffer.c7008f082a4e24dd.gz;VertexBuffer.8d2e607c050161de.gz
baskets.SCNE,arena_clutchtime_int_master@GameObjects@MAIN@basket0:basket,,basket_stanchioni2_nba:shot_down,,12,358.312958,"[-94.7033539,-0.551921308,-516.983459]","[94.7033539,534.952148,62.3042221]",IndexBuffer.2faa94a692eecb55.gz,VertexBuffer.396eff6e2f806326.gz;VertexBuffer.c7008f082a4e24dd.gz;VertexBuffer.8d2e607c050161de.gz
baskets.SCNE,arena_clutchtime_int_master@GameObjects@MAIN@basket0:basket,,basket_stanchioni2_nba:shot_up,,12,358.312958,"[-94.7033539,-0.551921308,-516.983459]","[94.7033539,534.952148,62.3042221]",IndexBuffer.2faa94a692eecb55.gz,VertexBuffer.396eff6e2f806326.gz;VertexBuffer.c7008f082a4e24dd.gz;VertexBuffer.8d2e607c050161de.gz
baskets.SCNE,arena_clutchtime_int_master@GameObjects@MAIN@basket0:basket,,basket_stanchioni2_nba:shot_dig1,,120,358.312958,"[-94.7033539,-0.551921308,-516.983459]","[94.7033539,534.952148,62.3042221]",IndexBuffer.2faa94a692eecb55.gz,VertexBuffer.396eff6e2f806326.gz;VertexBuffer.c7008f082a4e24dd.gz;VertexBuffer.8d2e607c050161de.gz
baskets.SCNE,arena_clutchtime_int_master@GameObjects@MAIN@basket0:basket,,basket_stanchioni2_nba:shot_dig2,,120,358.312958,"[-94.7033539,-0.551921308,-516.983459]","[94.7033539,534.952148,62.3042221]",IndexBuffer.2faa94a692eecb55.gz,VertexBuffer.396eff6e2f806326.gz;VertexBuffer.c7008f082a4e24dd.gz;VertexBuffer.8d2e607c050161de.gz
baskets.SCNE,arena_clutchtime_int_master@GameObjects@MAIN@basket0:basket,,basket_stanchioni2_nba:shot_dig11,,120,358.312958,"[-94.7033539,-0.551921308,-516.983459]","[94.7033539,534.952148,62.3042221]",IndexBuffer.2faa94a692eecb55.gz,VertexBuffer.396eff6e2f806326.gz;VertexBuffer.c7008f082a4e24dd.gz;VertexBuffer.8d2e607c050161de.gz
baskets.SCNE,arena_clutchtime_int_master@GameObjects@MAIN@basket0:basket,,basket_stanchioni2_nba:shot_dig10,,120,358.312958,"[-94.7033539,-0.551921308,-516.983459]","[94.7033539,534.952148,62.3042221]",IndexBuffer.2faa94a692eecb55.gz,VertexBuffer.396eff6e2f806326.gz;VertexBuffer.c7008f082a4e24dd.gz;VertexBuffer.8d2e607c050161de.gz
baskets.SCNE,arena_clutchtime_int_master@GameObjects@MAIN@basket0:basket,,basket_stanchioni2_nba:shot_dots,,24,358.312958,"[-94.7033539,-0.551921308,-516.983459]","[94.7033539,534.952148,62.3042221]",IndexBuffer.2faa94a692eecb55.gz,VertexBuffer.396eff6e2f806326.gz;VertexBuffer.c7008f082a4e24dd.gz;VertexBuffer.8d2e607c050161de.gz
baskets.SCNE,arena_clutchtime_int_master@GameObjects@MAIN@basket0:basket,,basket_stanchioni2_nba:shot_dig8,,120,358.312958,"[-94.7033539,-0.551921308,-516.983459]","[94.7033539,534.952148,62.3042221]",IndexBuffer.2faa94a692eecb55.gz,VertexBuffer.396eff6e2f806326.gz;VertexBuffer.c7008f082a4e24dd.gz;VertexBuffer.8d2e607c050161de.gz
baskets.SCNE,arena_clutchtime_int_master@GameObjects@MAIN@basket0:basket,,basket_stanchioni2_nba:shot_dig9,,120,358.312958,"[-94.7033539,-0.551921308,-516.983459]","[94.7033539,534.952148,62.3042221]",IndexBuffer.2faa94a692eecb55.gz,VertexBuffer.396eff6e2f806326.gz;VertexBuffer.c7008f082a4e24dd.gz;VertexBuffer.8d2e607c050161de.gz
baskets.SCNE,arena_clutchtime_int_master@GameObjects@MAIN@basket0:basket,shotclock_digits_grey_primary_geo3Shape,basket_stanchioni2_nba:shotclock_digits_grey_mat,,2892,358.312958,"[-94.7033539,-0.551921308,-516.983459]","[94.7033539,534.952148,62.3042221]",IndexBuffer.2faa94a692eecb55.gz,VertexBuffer.396eff6e2f806326.gz;VertexBuffer.c7008f082a4e24dd.gz;VertexBuffer.8d2e607c050161de.gz
baskets.SCNE,arena_clutchtime_int_master@GameObjects@MAIN@basket0:basket,shotclock_primary_yellowLights_front_on_geo3Shape,basket_stanchioni2_nba:led_light_strips_yellow,,6,358.312958,"[-94.7033539,-0.551921308,-516.983459]","[94.7033539,534.952148,62.3042221]",IndexBuffer.2faa94a692eecb55.gz,VertexBuffer.396eff6e2f806326.gz;VertexBuffer.c7008f082a4e24dd.gz;VertexBuffer.8d2e607c050161de.gz
baskets.SCNE,arena_clutchtime_int_master@GameObjects@MAIN@basket0:basket,shotclock_primary_yellowLights_back_on_geo3Shape,,,6,358.312958,"[-94.7033539,-0.551921308,-516.983459]","[94.7033539,534.952148,62.3042221]",IndexBuffer.2faa94a692eecb55.gz,VertexBuffer.396eff6e2f806326.gz;VertexBuffer.c7008f082a4e24dd.gz;VertexBuffer.8d2e607c050161de.gz
baskets.SCNE,arena_clutchtime_int_master@GameObjects@MAIN@basket0:basket,shotclock_primary_redLights_back_on_geo3Shape,basket_stanchioni2_nba:led_light_strips_red,,48,358.312958,"[-94.7033539,-0.551921308,-516.983459]","[94.7033539,534.952148,62.3042221]",IndexBuffer.2faa94a692eecb55.gz,VertexBuffer.396eff6e2f806326.gz;VertexBuffer.c7008f082a4e24dd.gz;VertexBuffer.8d2e607c050161de.gz
baskets.SCNE,arena_clutchtime_int_master@GameObjects@MAIN@basket0:basket,shotclock_primary_redLights_front_on_geo3Shape,,,48,358.312958,"[-94.7033539,-0.551921308,-516.983459]","[94.7033539,534.952148,62.3042221]",IndexBuffer.2faa94a692eecb55.gz,VertexBuffer.396eff6e2f806326.gz;VertexBuffer.c7008f082a4e24dd.gz;VertexBuffer.8d2e607c050161de.gz
baskets.SCNE,arena_clutchtime_int_master@GameObjects@MAIN@basket0:basket,shotclock_secondary_geo3Shape,basket_stanchioni2_nba:shotclock_plastic_coarse_decal_mat,,348,358.312958,"[-94.7033539,-0.551921308,-516.983459]","[94.7033539,534.952148,62.3042221]",IndexBuffer.2faa94a692eecb55.gz,VertexBuffer.396eff6e2f806326.gz;VertexBuffer.c7008f082a4e24dd.gz;VertexBuffer.8d2e607c050161de.gz
baskets.SCNE,arena_clutchtime_int_master@GameObjects@MAIN@basket0:basket,,basket_stanchioni2_nba:shotclock_chrome_white_mat,,696,358.312958,"[-94.7033539,-0.551921308,-516.983459]","[94.7033539,534.952148,62.3042221]",IndexBuffer.2faa94a692eecb55.gz,VertexBuffer.396eff6e2f806326.gz;VertexBuffer.c7008f082a4e24dd.gz;VertexBuffer.8d2e607c050161de.gz
baskets.SCNE,arena_clutchtime_int_master@GameObjects@MAIN@basket0:basket,,basket_stanchioni2_nba:plastic_coarse_black_mat,,240,358.312958,"[-94.7033539,-0.551921308,-516.983459]","[94.7033539,534.952148,62.3042221]",IndexBuffer.2faa94a692eecb55.gz,VertexBuffer.396eff6e2f806326.gz;VertexBuffer.c7008f082a4e24dd.gz;VertexBuffer.8d2e607c050161de.gz
baskets.SCNE,arena_clutchtime_int_master@GameObjects@MAIN@basket0:basket,,basket_stanchioni2_nba:shotclock_metal_paint_charcoal_mat,,1212,358.312958,"[-94.7033539,-0.551921308,-516.983459]","[94.7033539,534.952148,62.3042221]",IndexBuffer.2faa94a692eecb55.gz,VertexBuffer.396eff6e2f806326.gz;VertexBuffer.c7008f082a4e24dd.gz;VertexBuffer.8d2e607c050161de.gz
baskets.SCNE,arena_clutchtime_int_master@GameObjects@MAIN@basket0:basket,shotclock_digits_secondary_geo3Shape,basket_stanchioni2_nba:shot_bottom,,12,358.312958,"[-94.7033539,-0.551921308,-516.983459]","[94.7033539,534.952148,62.3042221]",IndexBuffer.2faa94a692eecb55.gz,VertexBuffer.396eff6e2f806326.gz;VertexBuffer.c7008f082a4e24dd.gz;VertexBuffer.8d2e607c050161de.gz
baskets.SCNE,arena_clutchtime_int_master@GameObjects@MAIN@basket0:basket,,basket_stanchioni2_nba:shot_dig7,,120,358.312958,"[-94.7033539,-0.551921308,-516.983459]","[94.7033539,534.952148,62.3042221]",IndexBuffer.2faa94a692eecb55.gz,VertexBuffer.396eff6e2f806326.gz;VertexBuffer.c7008f082a4e24dd.gz;VertexBuffer.8d2e607c050161de.gz
baskets.SCNE,arena_clutchtime_int_master@GameObjects@MAIN@basket0:basket,,basket_stanchioni2_nba:shot_dig5,,120,358.312958,"[-94.7033539,-0.551921308,-516.983459]","[94.7033539,534.952148,62.3042221]",IndexBuffer.2faa94a692eecb55.gz,VertexBuffer.396eff6e2f806326.gz;VertexBuffer.c7008f082a4e24dd.gz;VertexBuffer.8d2e607c050161de.gz
baskets.SCNE,arena_clutchtime_int_master@GameObjects@MAIN@basket0:basket,,basket_stanchioni2_nba:shot_dig6,,120,358.312958,"[-94.7033539,-0.551921308,-516.983459]","[94.7033539,534.952148,62.3042221]",IndexBuffer.2faa94a692eecb55.gz,VertexBuffer.396eff6e2f806326.gz;VertexBuffer.c7008f082a4e24dd.gz;VertexBuffer.8d2e607c050161de.gz
baskets.SCNE,arena_clutchtime_int_master@GameObjects@MAIN@basket0:basket,,basket_stanchioni2_nba:shot_dig3,,120,358.312958,"[-94.7033539,-0.551921308,-516.983459]","[94.7033539,534.952148,62.3042221]",IndexBuffer.2faa94a692eecb55.gz,VertexBuffer.396eff6e2f806326.gz;VertexBuffer.c7008f082a4e24dd.gz;VertexBuffer.8d2e607c050161de.gz
baskets.SCNE,arena_clutchtime_int_master@GameObjects@MAIN@basket0:basket,,basket_stanchioni2_nba:shot_dig4,,120,358.312958,"[-94.7033539,-0.551921308,-516.983459]","[94.7033539,534.952148,62.3042221]",IndexBuffer.2faa94a692eecb55.gz,VertexBuffer.396eff6e2f806326.gz;VertexBuffer.c7008f082a4e24dd.gz;VertexBuffer.8d2e607c050161de.gz
baskets.SCNE,arena_clutchtime_int_master@GameObjects@MAIN@basket0:basket,,basket_stanchioni2_nba:shot_down,,12,358.312958,"[-94.7033539,-0.551921308,-516.983459]","[94.7033539,534.952148,62.3042221]",IndexBuffer.2faa94a692eecb55.gz,VertexBuffer.396eff6e2f806326.gz;VertexBuffer.c7008f082a4e24dd.gz;VertexBuffer.8d2e607c050161de.gz
baskets.SCNE,arena_clutchtime_int_master@GameObjects@MAIN@basket0:basket,,basket_stanchioni2_nba:shot_up,,12,358.312958,"[-94.7033539,-0.551921308,-516.983459]","[94.7033539,534.952148,62.3042221]",IndexBuffer.2faa94a692eecb55.gz,VertexBuffer.396eff6e2f806326.gz;VertexBuffer.c7008f082a4e24dd.gz;VertexBuffer.8d2e607c050161de.gz
baskets.SCNE,arena_clutchtime_int_master@GameObjects@MAIN@basket0:basket,,basket_stanchioni2_nba:shot_dig2,,120,358.312958,"[-94.7033539,-0.551921308,-516.983459]","[94.7033539,534.952148,62.3042221]",IndexBuffer.2faa94a692eecb55.gz,VertexBuffer.396eff6e2f806326.gz;VertexBuffer.c7008f082a4e24dd.gz;VertexBuffer.8d2e607c050161de.gz
baskets.SCNE,arena_clutchtime_int_master@GameObjects@MAIN@basket0:basket,,basket_stanchioni2_nba:shot_dig1,,120,358.312958,"[-94.7033539,-0.551921308,-516.983459]","[94.7033539,534.952148,62.3042221]",IndexBuffer.2faa94a692eecb55.gz,VertexBuffer.396eff6e2f806326.gz;VertexBuffer.c7008f082a4e24dd.gz;VertexBuffer.8d2e607c050161de.gz
baskets.SCNE,arena_clutchtime_int_master@GameObjects@MAIN@basket0:basket,,basket_stanchioni2_nba:shot_dig10,,120,358.312958,"[-94.7033539,-0.551921308,-516.983459]","[94.7033539,534.952148,62.3042221]",IndexBuffer.2faa94a692eecb55.gz,VertexBuffer.396eff6e2f806326.gz;VertexBuffer.c7008f082a4e24dd.gz;VertexBuffer.8d2e607c050161de.gz
baskets.SCNE,arena_clutchtime_int_master@GameObjects@MAIN@basket0:basket,,basket_stanchioni2_nba:shot_dig11,,120,358.312958,"[-94.7033539,-0.551921308,-516.983459]","[94.7033539,534.952148,62.3042221]",IndexBuffer.2faa94a692eecb55.gz,VertexBuffer.396eff6e2f806326.gz;VertexBuffer.c7008f082a4e24dd.gz;VertexBuffer.8d2e607c050161de.gz
baskets.SCNE,arena_clutchtime_int_master@GameObjects@MAIN@basket0:basket,,basket_stanchioni2_nba:shot_dots,,24,358.312958,"[-94.7033539,-0.551921308,-516.983459]","[94.7033539,534.952148,62.3042221]",IndexBuffer.2faa94a692eecb55.gz,VertexBuffer.396eff6e2f806326.gz;VertexBuffer.c7008f082a4e24dd.gz;VertexBuffer.8d2e607c050161de.gz
baskets.SCNE,arena_clutchtime_int_master@GameObjects@MAIN@basket0:basket,,basket_stanchioni2_nba:shot_dig9,,120,358.312958,"[-94.7033539,-0.551921308,-516.983459]","[94.7033539,534.952148,62.3042221]",IndexBuffer.2faa94a692eecb55.gz,VertexBuffer.396eff6e2f806326.gz;VertexBuffer.c7008f082a4e24dd.gz;VertexBuffer.8d2e607c050161de.gz
baskets.SCNE,arena_clutchtime_int_master@GameObjects@MAIN@basket0:basket,,basket_stanchioni2_nba:shot_dig8,,120,358.312958,"[-94.7033539,-0.551921308,-516.983459]","[94.7033539,534.952148,62.3042221]",IndexBuffer.2faa94a692eecb55.gz,VertexBuffer.396eff6e2f806326.gz;VertexBuffer.c7008f082a4e24dd.gz;VertexBuffer.8d2e607c050161de.gz
baskets.SCNE,arena_clutchtime_int_master@GameObjects@MAIN@basket0:basket,shotclock_digits_grey_secondary_geo3Shape,basket_stanchioni2_nba:shotclock_digits_grey_mat,,2892,358.312958,"[-94.7033539,-0.551921308,-516.983459]","[94.7033539,534.952148,62.3042221]",IndexBuffer.2faa94a692eecb55.gz,VertexBuffer.396eff6e2f806326.gz;VertexBuffer.c7008f082a4e24dd.gz;VertexBuffer.8d2e607c050161de.gz
baskets.SCNE,arena_clutchtime_int_master@GameObjects@MAIN@basket0:basket,shotclock_secondary_redLights_front_on_geo3Shape,basket_stanchioni2_nba:led_light_strips_red,,24,358.312958,"[-94.7033539,-0.551921308,-516.983459]","[94.7033539,534.952148,62.3042221]",IndexBuffer.2faa94a692eecb55.gz,VertexBuffer.396eff6e2f806326.gz;VertexBuffer.c7008f082a4e24dd.gz;VertexBuffer.8d2e607c050161de.gz
baskets.SCNE,arena_clutchtime_int_master@GameObjects@MAIN@basket0:basket,shotclock_secondary_yellowLights_back_on_geo3Shape,basket_stanchioni2_nba:led_light_strips_yellow,,6,358.312958,"[-94.7033539,-0.551921308,-516.983459]","[94.7033539,534.952148,62.3042221]",IndexBuffer.2faa94a692eecb55.gz,VertexBuffer.396eff6e2f806326.gz;VertexBuffer.c7008f082a4e24dd.gz;VertexBuffer.8d2e607c050161de.gz
baskets.SCNE,arena_clutchtime_int_master@GameObjects@MAIN@basket0:basket,shotclock_secondary_redLights_back_on_geo3Shape,basket_stanchioni2_nba:led_light_strips_red,,48,358.312958,"[-94.7033539,-0.551921308,-516.983459]","[94.7033539,534.952148,62.3042221]",IndexBuffer.2faa94a692eecb55.gz,VertexBuffer.396eff6e2f806326.gz;VertexBuffer.c7008f082a4e24dd.gz;VertexBuffer.8d2e607c050161de.gz
baskets.SCNE,arena_clutchtime_int_master@GameObjects@MAIN@basket0:basket,shotclock_secondary_yellowLights_front_on_geo3Shape,basket_stanchioni2_nba:led_light_strips_yellow,,6,358.312958,"[-94.7033539,-0.551921308,-516.983459]","[94.7033539,534.952148,62.3042221]",IndexBuffer.2faa94a692eecb55.gz,VertexBuffer.396eff6e2f806326.gz;VertexBuffer.c7008f082a4e24dd.gz;VertexBuffer.8d2e607c050161de.gz
baskets.SCNE,arena_clutchtime_int_master@GameObjects@MAIN@basket0:basket,backboard_arena_frame_geo3Shape,basket_stanchioni2_nba:487f6159:backboard_chrome_white_mat,,2460,358.312958,"[-94.7033539,-0.551921308,-516.983459]","[94.7033539,534.952148,62.3042221]",IndexBuffer.2faa94a692eecb55.gz,VertexBuffer.396eff6e2f806326.gz;VertexBuffer.c7008f082a4e24dd.gz;VertexBuffer.8d2e607c050161de.gz
baskets.SCNE,arena_clutchtime_int_master@GameObjects@MAIN@basket0:basket,,basket_stanchioni2_nba:backboard_rubber_ltgray_mat,,48,358.312958,"[-94.7033539,-0.551921308,-516.983459]","[94.7033539,534.952148,62.3042221]",IndexBuffer.2faa94a692eecb55.gz,VertexBuffer.396eff6e2f806326.gz;VertexBuffer.c7008f082a4e24dd.gz;VertexBuffer.8d2e607c050161de.gz
baskets.SCNE,arena_clutchtime_int_master@GameObjects@MAIN@basket0:basket,backboard_arena_shooting_square_geo3Shape,,,144,358.312958,"[-94.7033539,-0.551921308,-516.983459]","[94.7033539,534.952148,62.3042221]",IndexBuffer.2faa94a692eecb55.gz,VertexBuffer.396eff6e2f806326.gz;VertexBuffer.c7008f082a4e24dd.gz;VertexBuffer.8d2e607c050161de.gz
baskets.SCNE,arena_clutchtime_int_master@GameObjects@MAIN@basket0:basket,backboard_arena_rim_gasket_geo3Shape,basket_stanchioni2_nba:rim_hinge_mat,,114,358.312958,"[-94.7033539,-0.551921308,-516.983459]","[94.7033539,534.952148,62.3042221]",IndexBuffer.2faa94a692eecb55.gz,VertexBuffer.396eff6e2f806326.gz;VertexBuffer.c7008f082a4e24dd.gz;VertexBuffer.8d2e607c050161de.gz
baskets.SCNE,arena_clutchtime_int_master@GameObjects@MAIN@basket0:basket,backboard_arena_padding_geo3Shape,basket_stanchioni2_nba:backboard_pad_mat,,3084,358.312958,"[-94.7033539,-0.551921308,-516.983459]","[94.7033539,534.952148,62.3042221]",IndexBuffer.2faa94a692eecb55.gz,VertexBuffer.396eff6e2f806326.gz;VertexBuffer.c7008f082a4e24dd.gz;VertexBuffer.8d2e607c050161de.gz
baskets.SCNE,arena_clutchtime_int_master@GameObjects@MAIN@basket0:basket,backboard_arena_lights_frame_geo3Shape,basket_stanchioni2_nba:bracket_chrome_midgray_mat,,1110,358.312958,"[-94.7033539,-0.551921308,-516.983459]","[94.7033539,534.952148,62.3042221]",IndexBuffer.2faa94a692eecb55.gz,VertexBuffer.396eff6e2f806326.gz;VertexBuffer.c7008f082a4e24dd.gz;VertexBuffer.8d2e607c050161de.gz
baskets.SCNE,arena_clutchtime_int_master@GameObjects@MAIN@basket0:basket,,basket_stanchioni2_nba:487f6159:backboard_chrome_white_mat,,78,358.312958,"[-94.7033539,-0.551921308,-516.983459]","[94.7033539,534.952148,62.3042221]",IndexBuffer.2faa94a692eecb55.gz,VertexBuffer.396eff6e2f806326.gz;VertexBuffer.c7008f082a4e24dd.gz;VertexBuffer.8d2e607c050161de.gz
baskets.SCNE,arena_clutchtime_int_master@GameObjects@MAIN@basket0:basket,backboard_arena_yellowlights_on_geo3Shape,basket_stanchioni2_nba:led_light_strips_yellow,,6,358.312958,"[-94.7033539,-0.551921308,-516.983459]","[94.7033539,534.952148,62.3042221]",IndexBuffer.2faa94a692eecb55.gz,VertexBuffer.396eff6e2f806326.gz;VertexBuffer.c7008f082a4e24dd.gz;VertexBuffer.8d2e607c050161de.gz
baskets.SCNE,arena_clutchtime_int_master@GameObjects@MAIN@basket0:basket,backboard_arena_redlights_on_geo3Shape,basket_stanchioni2_nba:led_light_strips_red,,30,358.312958,"[-94.7033539,-0.551921308,-516.983459]","[94.7033539,534.952148,62.3042221]",IndexBuffer.2faa94a692eecb55.gz,VertexBuffer.396eff6e2f806326.gz;VertexBuffer.c7008f082a4e24dd.gz;VertexBuffer.8d2e607c050161de.gz
baskets.SCNE,arena_clutchtime_int_master@GameObjects@MAIN@basket0:basket,decal_right_backboard_arena_geo3Shape,basket_stanchioni2_nba:caec8cc4:logo_right_mat,,6,358.312958,"[-94.7033539,-0.551921308,-516.983459]","[94.7033539,534.952148,62.3042221]",IndexBuffer.2faa94a692eecb55.gz,VertexBuffer.396eff6e2f806326.gz;VertexBuffer.c7008f082a4e24dd.gz;VertexBuffer.8d2e607c050161de.gz
baskets.SCNE,arena_clutchtime_int_master@GameObjects@MAIN@basket0:basket,decal_left_backboard_arena_geo3Shape,basket_stanchioni2_nba:24bfd8b5:logo_left_mat,,222,358.312958,"[-94.7033539,-0.551921308,-516.983459]","[94.7033539,534.952148,62.3042221]",IndexBuffer.2faa94a692eecb55.gz,VertexBuffer.396eff6e2f806326.gz;VertexBuffer.c7008f082a4e24dd.gz;VertexBuffer.8d2e607c050161de.gz
baskets.SCNE,arena_clutchtime_int_master@GameObjects@MAIN@basket0:basket,basket_rim_nba_geo3Shape,basket_stanchioni2_nba:rim_mat,,4056,358.312958,"[-94.7033539,-0.551921308,-516.983459]","[94.7033539,534.952148,62.3042221]",IndexBuffer.2faa94a692eecb55.gz,VertexBuffer.396eff6e2f806326.gz;VertexBuffer.c7008f082a4e24dd.gz;VertexBuffer.8d2e607c050161de.gz
baskets.SCNE,arena_clutchtime_int_master@GameObjects@MAIN@basket0:rimr,base_reflect3Shape,basket_stanchioni2_nba:rimr_mat,TRIANGLE_LIST,4056,32.1661682,"[-24.4080811,-16.5097656,1.0]","[24.4567299,0.009490967,62.3042221]",IndexBuffer.2a251deade9ef00a.bin,VertexBuffer.8327373a27831405.bin;VertexBuffer.eee8b4de884f4773.bin
crowd.SCNE,crowd_cards,crowdCardsShape,crowdcard_mat,TRIANGLE_LIST,324,2834.24902,"[-1031.66943,1342.90601,-2637.20947]","[1031.04297,1611.11304,2637.20898]",IndexBuffer.dca618be473bedca.bin,VertexBuffer.097e6d4531bb1cbe.bin
level.SCNE,arena_clutchtime_int_master@arena_clutchtime_int_shared_layout@GameObjects@balcony@clutchtime_balcony_b_8:clutchtime_balcony_b_low,clutchtime_balcony_b_geo_lowShape,clutchtime_balcony_b:balcony2_amt,TRIANGLE_LIST,1692,605.183044,"[-337.167908,-23.0391846,-1070.11865]","[337.168243,157.378906,29.8439941]",IndexBuffer.99c75f5a406165d8.gz,VertexBuffer.59a35352f7c6fcd3.bin;VertexBuffer.b201bfb4df388b0e.bin;VertexBuffer.4eae799cbb970d4b.bin
level.SCNE,arena_clutchtime_int_master@arena_clutchtime_int_shared_layout@GameObjects@balcony@clutchtime_balcony_b_8:clutchtime_balcony_b_low,,clutchtime_balcony_b:balcony4_mat,,960,605.183044,"[-337.167908,-23.0391846,-1070.11865]","[337.168243,157.378906,29.8439941]",IndexBuffer.99c75f5a406165d8.gz,VertexBuffer.59a35352f7c6fcd3.bin;VertexBuffer.b201bfb4df388b0e.bin;VertexBuffer.4eae799cbb970d4b.bin
level.SCNE,arena_clutchtime_int_master@arena_clutchtime_int_shared_layout@GameObjects@balcony@clutchtime_balcony_b_8:clutchtime_balcony_b_low,,clutchtime_balcony_b:balcony_mat,,1764,605.183044,"[-337.167908,-23.0391846,-1070.11865]","[337.168243,157.378906,29.8439941]",IndexBuffer.99c75f5a406165d8.gz,VertexBuffer.59a35352f7c6fcd3.bin;VertexBuffer.b201bfb4df388b0e.bin;VertexBuffer.4eae799cbb970d4b.bin
level.SCNE,arena_clutchtime_int_master@arena_clutchtime_int_shared_layout@GameObjects@balcony@clutchtime_balcony_b_8:clutchtime_balcony_b_low,,clutchtime_balcony_railing:railing_mat,,504,605.183044,"[-337.167908,-23.0391846,-1070.11865]","[337.168243,157.378906,29.8439941]",IndexBuffer.99c75f5a406165d8.gz,VertexBuffer.59a35352f7c6fcd3.bin;VertexBuffer.b201bfb4df388b0e.bin;VertexBuffer.4eae799cbb970d4b.bin
level.SCNE,arena_clutchtime_int_master@arena_clutchtime_int_shared_layout@GameObjects@ceiling@clutchtime_ceiling_c:clutchtime_ceiling_c_low,clutchtime_ceiling_c_geo_lowShape,clutchtime_ceiling_ribs:ceilingribs_mat,TRIANGLE_LIST,3108,3302.94971,"[-2533.68726,0.0,-3593.104]","[2533.69043,76.9916992,666.100586]",IndexBuffer.821d1ea41bf44169.bin,VertexBuffer.c322ac27f23f6700.bin;VertexBuffer.9be4b6a1139b2309.bin;VertexBuffer.af25ab9cc7486f14.bin
level.SCNE,arena_clutchtime_int_master@arena_clutchtime_int_shared_layout@GameObjects@balcony_chairs@chair_arenacrowd_seatbackcushion_85:chair_arenacrowd_seatbackcushion_low,chair_arenacrowd_seatbackcushion_seatShape,chair_arenacrowd_seatbackcushion:leather_mat,TRIANGLE_LIST,1776,52.7287292,"[-25.0002193,0.000341415,-21.3614483]","[25.0002193,85.1456833,33.3031998]",IndexBuffer.78e6fb86ae405bf5.gz,VertexBuffer.79012b538d364ed6.bin;VertexBuffer.3c7e00bc8edd202d.bin;VertexBuffer.a97ddf54f5b859e9.gz
level.SCNE,arena_clutchtime_int_master@arena_clutchtime_int_shared_layout@GameObjects@balcony_chairs@chair_arenacrowd_seatbackcushion_85:chair_arenacrowd_seatbackcushion_low,chair_arenacrowd_seatbackcushion_cusionShape,,,1518,52.7287292,"[-25.0002193,0.000341415,-21.3614483]","[25.0002193,85.1456833,33.3031998]",IndexBuffer.78e6fb86ae405bf5.gz,VertexBuffer.79012b538d364ed6.bin;VertexBuffer.3c7e00bc8edd202d.bin;VertexBuffer.a97ddf54f5b859e9.gz
level.SCNE,arena_clutchtime_int_master@arena_clutchtime_int_shared_layout@GameObjects@balcony_chairs@chair_arenacrowd_seatbackcushion_85:chair_arenacrowd_seatbackcushion_low,chair_arenacrowd_seatbackcushion_front_legShape,chair_arenacrowd_seatbackcushion:metal_mat,,1512,52.7287292,"[-25.0002193,0.000341415,-21.3614483]","[25.0002193,85.1456833,33.3031998]",IndexBuffer.78e6fb86ae405bf5.gz,VertexBuffer.79012b538d364ed6.bin;VertexBuffer.3c7e00bc8edd202d.bin;VertexBuffer.a97ddf54f5b859e9.gz
level.SCNE,arena_clutchtime_int_master@arena_clutchtime_int_shared_layout@GameObjects@balcony_chairs@chair_arenacrowd_seatbackcushion_85:chair_arenacrowd_seatbackcushion_low,chair_arenacrowd_seatbackcushion_back_legShape,,,636,52.7287292,"[-25.0002193,0.000341415,-21.3614483]","[25.0002193,85.1456833,33.3031998]",IndexBuffer.78e6fb86ae405bf5.gz,VertexBuffer.79012b538d364ed6.bin;VertexBuffer.3c7e00bc8edd202d.bin;VertexBuffer.a97ddf54f5b859e9.gz
level.SCNE,arena_clutchtime_int_master@arena_clutchtime_int_shared_layout@GameObjects@balcony_chairs@chair_arenacrowd_seatbackcushion_85:chair_arenacrowd_seatbackcushion_low,chair_arenacrowd_seatbackcushion_seatShape,,,660,52.7287292,"[-25.0002193,0.000341415,-21.3614483]","[25.0002193,85.1456833,33.3031998]",IndexBuffer.78e6fb86ae405bf5.gz,VertexBuffer.79012b538d364ed6.bin;VertexBuffer.3c7e00bc8edd202d.bin;VertexBuffer.a97ddf54f5b859e9.gz
level.SCNE,arena_clutchtime_int_master@arena_clutchtime_int_shared_layout@GameObjects@balcony_chairs@chair_arenacrowd_seatbackcushion_85:chair_arenacrowd_seatbackcushion_low,chair_arenacrowd_seatbackcushion_cusionShape,,,516,52.7287292,"[-25.0002193,0.000341415,-21.3614483]","[25.0002193,85.1456833,33.3031998]",IndexBuffer.78e6fb86ae405bf5.gz,VertexBuffer.79012b538d364ed6.bin;VertexBuffer.3c7e00bc8edd202d.bin;VertexBuffer.a97ddf54f5b859e9.gz
level.SCNE,arena_clutchtime_int_master@arena_clutchtime_int_shared_layout@GameObjects@balcony_chairs@chair_arenacrowd_seatbackcushion_85:chair_arenacrowd_seatbackcushion_low,chair_arenacrowd_seatbackcushion_front_legShape,chair_arenacrowd_seatbackcushion:rubber_mat,,840,52.7287292,"[-25.0002193,0.000341415,-21.3614483]","[25.0002193,85.1456833,33.3031998]",IndexBuffer.78e6fb86ae405bf5.gz,VertexBuffer.79012b538d364ed6.bin;VertexBuffer.3c7e00bc8edd202d.bin;VertexBuffer.a97ddf54f5b859e9.gz
level.SCNE,arena_clutchtime_int_master@arena_clutchtime_int_shared_layout@GameObjects@balcony_chairs@chair_arenacrowd_seatbackcushion_85:chair_arenacrowd_seatbackcushion_low,chair_arenacrowd_seatbackcushion_seatShape,,,102,52.7287292,"[-25.0002193,0.000341415,-21.3614483]","[25.0002193,85.1456833,33.3031998]",IndexBuffer.78e6fb86ae405bf5.gz,VertexBuffer.79012b538d364ed6.bin;VertexBuffer.3c7e00bc8edd202d.bin;VertexBuffer.a97ddf54f5b859e9.gz
level.SCNE,arena_clutchtime_int_master@arena_clutchtime_int_shared_layout@GameObjects@balcony_chairs@chair_arenacrowd_seatbackcushion_85:chair_arenacrowd_seatbackcushion_low,chair_arenacrowd_seatbackcushion_cusionShape,,,894,52.7287292,"[-25.0002193,0.000341415,-21.3614483]","[25.0002193,85.1456833,33.3031998]",IndexBuffer.78e6fb86ae405bf5.gz,VertexBuffer.79012b538d364ed6.bin;VertexBuffer.3c7e00bc8edd202d.bin;VertexBuffer.a97ddf54f5b859e9.gz
level.SCNE,arena_clutchtime_int_master@arena_clutchtime_int_shared_layout@GameObjects@doors@electrical_switch_double_1:light_switch_double_low,plateShape,electrical_switch_double:eletrical_switch_double,TRIANGLE_LIST,372,7.6584301,"[-5.3067627,0.0,-0.51671946]","[5.3067503,11.0058746,1.45708334]",IndexBuffer.9647f7db957075fd.bin,VertexBuffer.71418291495f9f01.bin;VertexBuffer.7456762d6dd19bc3.bin;VertexBuffer.b37d946ab09cd8e0.bin
level.SCNE,arena_clutchtime_int_master@arena_clutchtime_int_shared_layout@GameObjects@ceiling_panelslights@clutchtime_ceilingpanellight_b_4:clutchtime_ceilingpanellight_b_low,clutchtime_ceilingpanellight_b_geo_lowShape,clutchtime_ceilingpanellight_e:lighte_mat,TRIANGLE_LIST,312,2456.39893,"[-2455.92041,0.0,-30.7124023]","[2455.92065,0.0,332.740723]",IndexBuffer.c7aade9a08862bfb.bin,VertexBuffer.8cdb2c21839e862f.bin;VertexBuffer.4e6916dc1d7c79cf.bin;VertexBuffer.422cab7b05829eec.bin
level.SCNE,arena_clutchtime_int_master@arena_clutchtime_int_shared_layout@GameObjects@scorecube@clutchtime_scorecube_screensupport:clutchtime_scorecube_screensupport_low,clutchtime_scorecube_screensupport_geo_lowShape,clutchtime_scorecube_supportpipes:pipes_mat,TRIANGLE_LIST,912,1043.20581,"[-1071.3407,-68.3486328,-2076.29297]","[991.105103,269.146484,9.396945]",IndexBuffer.e0549d96c1f57652.bin,VertexBuffer.797275d288539ae4.bin;VertexBuffer.df98e77ea86c95ff.bin;VertexBuffer.c0a699af76e92b27.bin
level.SCNE,arena_clutchtime_int_master@arena_clutchtime_int_shared_layout@GameObjects@walls@clutchtime_wall_b:clutchtime_wall_b_low,clutchtime_wall_b_geo_lowShape,clutchtime_ceiling_ribs:ceilingribs_mat,TRIANGLE_LIST,246,1825.68188,"[-307.1604,-3.14839599e-13,-2636.44482]","[369.629883,2163.19092,289.083496]",IndexBuffer.1b3c6cac1f1d06f9.bin,VertexBuffer.33378e9a040f3e9d.bin;VertexBuffer.d1cba2a215183fbc.bin;VertexBuffer.a5a88626de49dd61.bin
level.SCNE,arena_clutchtime_int_master@arena_clutchtime_int_shared_layout@GameObjects@walls@clutchtime_wall_b:clutchtime_wall_b_low,,clutchtime_wall_c:wall_mat,,282,1825.68188,"[-307.1604,-3.14839599e-13,-2636.44482]","[369.629883,2163.19092,289.083496]",IndexBuffer.1b3c6cac1f1d06f9.bin,VertexBuffer.33378e9a040f3e9d.bin;VertexBuffer.d1cba2a215183fbc.bin;VertexBuffer.a5a88626de49dd61.bin
level.SCNE,arena_clutchtime_int_master@arena_clutchtime_int_shared_layout@GameObjects@mural_lights@light_stage_spotlight_1:light_stage_spotlight_low,spotlight_lens_geoShape,light_stage_spotlight:stage_spotlight_lens,TRIANGLE_LIST,42,31.1328316,"[-20.1167946,-7.62939453e-06,-20.1167889]","[20.1168003,54.0342484,20.4660091]",IndexBuffer.7e14845367a23307.bin,VertexBuffer.ae0e9e97f41dd4a5.bin;VertexBuffer.8981151851f6ccd2.bin;VertexBuffer.3cc5f0e6823b4016.bin
level.SCNE,arena_clutchtime_int_master@arena_clutchtime_int_shared_layout@GameObjects@mural_lights@light_stage_spotlight_1:light_stage_spotlight_low,light_stage_spotlight_geoShape,light_stage_spotlight:stage_spotlight_metal,,3666,31.1328316,"[-20.1167946,-7.62939453e-06,-20.1167889]","[20.1168003,54.0342484,20.4660091]",IndexBuffer.7e14845367a23307.bin,VertexBuffer.ae0e9e97f41dd4a5.bin;VertexBuffer.8981151851f6ccd2.bin;VertexBuffer.3cc5f0e6823b4016.bin
level.SCNE,arena_clutchtime_int_master@arena_clutchtime_int_shared_layout@GameObjects@mural@clutchtime_mural_handrail:clutchtime_mural_handrail_low,clutchtime_mural_handrail_geo_lowShape,clutchtime_balcony_railing:railing_mat,TRIANGLE_LIST,44904,2522.7561,"[-2521.36694,0.0,-24.8120117]","[2524.07617,68.2810059,619.600098]",IndexBuffer.308058bbdb7182b5.gz,VertexBuffer.fc93808615eb7dac.gz;VertexBuffer.cc5928d758be2bf3.gz;VertexBuffer.7b45a5f963b7faa2.gz
level.SCNE,arena_clutchtime_int_master@arena_clutchtime_int_shared_layout@GameObjects@scorecube@clutchtime_scorecube_spiral:clutchtime_scorecube_spiral_low,clutchtime_scorecube_spiral_geo_lowShape,clutchtime_ceilingpanellight_e:lighte_mat,TRIANGLE_LIST,900,786.28418,"[-609.803467,-0.552612305,-1217.87146]","[605.791443,1120.06006,0.126220703]",IndexBuffer.dfefe7b7ea0b6019.gz,VertexBuffer.e029cb9cdb47debc.bin;VertexBuffer.4870729034c5aa5f.bin;VertexBuffer.36190778ab75a1de.gz
level.SCNE,arena_clutchtime_int_master@arena_clutchtime_int_shared_layout@GameObjects@scorecube@clutchtime_scorecube_spiral:clutchtime_scorecube_spiral_low,,clutchtime_scorecube_screen:metal_mat,,6336,786.28418,"[-609.803467,-0.552612305,-1217.87146]","[605.791443,1120.06006,0.126220703]",IndexBuffer.dfefe7b7ea0b6019.gz,VertexBuffer.e029cb9cdb47debc.bin;VertexBuffer.4870729034c5aa5f.bin;VertexBuffer.36190778ab75a1de.gz
level.SCNE,arena_clutchtime_int_master@arena_clutchtime_int_shared_layout@GameObjects@walls@clutchtime_wall_a:clutchtime_wall_a_low,clutchtime_wall_a_geo_lowShape,clutchtime_ceiling_ribs:ceilingribs_mat,TRIANGLE_LIST,246,2757.33008,"[-858.27832,0.0,-4774.28809]","[307.1604,2163.19092,289.083496]",IndexBuffer.20f7a6a2a165d4de.bin,VertexBuffer.0acf0511ac7b76ab.bin;VertexBuffer.5485cb9bb09668d6.bin;VertexBuffer.4b6fe99d647755da.bin
level.SCNE,arena_clutchtime_int_master@arena_clutchtime_int_shared_layout@GameObjects@walls@clutchtime_wall_a:clutchtime_wall_a_low,,clutchtime_wall_c:wall_mat,,282,2757.33008,"[-858.27832,0.0,-4774.28809]","[307.1604,2163.19092,289.083496]",IndexBuffer.20f7a6a2a165d4de.bin,VertexBuffer.0acf0511ac7b76ab.bin;VertexBuffer.5485cb9bb09668d6.bin;VertexBuffer.4b6fe99d647755da.bin
level.SCNE,arena_clutchtime_int_master@arena_clutchtime_int_shared_layout@GameObjects@ceiling_panelslights@clutchtime_ceilingpanellight_d_0:clutchtime_ceilingpanellight_d_low,clutchtime_ceilingpanellight_d_geo_lowShape,clutchtime_ceilingpanellight_e:lighte_mat,TRIANGLE_LIST,312,2456.02637,"[-2455.92041,0.0,-41.949585]","[2455.92065,0.0,208.356201]",IndexBuffer.059b7c5c72f09854.bin,VertexBuffer.dd38cb3580511597.bin;VertexBuffer.16e80e5bdf731c1b.bin;VertexBuffer.5a2b413425b121ec.bin
level.SCNE,arena_clutchtime_int_master@arena_clutchtime_int_shared_layout@GameObjects@walls@clutchtime_wall_corner_2:clutchtime_wall_corner_low,clutchtime_wall_corner_geo_lowShape,clutchtime_wall_corner:wallcorner_mat,TRIANGLE_LIST,12,440.84613,"[-397.973022,0.0,-397.973145]","[0.0,678.687012,0.0]",IndexBuffer.eb42e9881d673390.bin,VertexBuffer.d4f0953411098944.bin;VertexBuffer.ab562fda1d972075.bin;VertexBuffer.1994021ce06d8923.bin
level.SCNE,arena_clutchtime_int_master@GameObjects@clutchtime_mural_wall:clutchtime_mural_wall_low,clutchtime_mural_wall_geo_lowShape,clutchtime_mural_wall:led_mat,TRIANGLE_LIST,588,2461.61279,"[-2412.52979,-3.05175781e-05,-6.10351563e-05]","[2412.46851,978.540649,429.030273]",IndexBuffer.bf1ff40d244fd968.bin,VertexBuffer.66e4f18482b9747f.bin;VertexBuffer.1db9d6e86739e81f.bin;VertexBuffer.dc729904104d551d.bin
level.SCNE,arena_clutchtime_int_master@GameObjects@clutchtime_mural_wall:clutchtime_mural_wall_low,,clutchtime_mural_wall:mural1_mat,,54,2461.61279,"[-2412.52979,-3.05175781e-05,-6.10351563e-05]","[2412.46851,978.540649,429.030273]",IndexBuffer.bf1ff40d244fd968.bin,VertexBuffer.66e4f18482b9747f.bin;VertexBuffer.1db9d6e86739e81f.bin;VertexBuffer.dc729904104d551d.bin
level.SCNE,arena_clutchtime_int_master@GameObjects@clutchtime_mural_wall:clutchtime_mural_wall_low,,clutchtime_mural_wall:mural2_mat,,54,2461.61279,"[-2412.52979,-3.05175781e-05,-6.10351563e-05]","[2412.46851,978.540649,429.030273]",IndexBuffer.bf1ff40d244fd968.bin,VertexBuffer.66e4f18482b9747f.bin;VertexBuffer.1db9d6e86739e81f.bin;VertexBuffer.dc729904104d551d.bin
level.SCNE,arena_clutchtime_int_master@GameObjects@clutchtime_mural_wall:clutchtime_mural_wall_low,,clutchtime_mural_wall:mural3_mat,,54,2461.61279,"[-2412.52979,-3.05175781e-05,-6.10351563e-05]","[2412.46851,978.540649,429.030273]",IndexBuffer.bf1ff40d244fd968.bin,VertexBuffer.66e4f18482b9747f.bin;VertexBuffer.1db9d6e86739e81f.bin;VertexBuffer.dc729904104d551d.bin
level.SCNE,arena_clutchtime_int_master@GameObjects@clutchtime_mural_wall:clutchtime_mural_wall_low,,clutchtime_mural_wall:mural4_mat,,54,2461.61279,"[-2412.52979,-3.05175781e-05,-6.10351563e-05]","[2412.46851,978.540649,429.030273]",IndexBuffer.bf1ff40d244fd968.bin,VertexBuffer.66e4f18482b9747f.bin;VertexBuffer.1db9d6e86739e81f.bin;VertexBuffer.dc729904104d551d.bin
level.SCNE,arena_clutchtime_int_master@GameObjects@clutchtime_mural_wall:clutchtime_mural_wall_low,,clutchtime_mural_wall:mural5_mat,,36,2461.61279,"[-2412.52979,-3.05175781e-05,-6.10351563e-05]","[2412.46851,978.540649,429.030273]",IndexBuffer.bf1ff40d244fd968.bin,VertexBuffer.66e4f18482b9747f.bin;VertexBuffer.1db9d6e86739e81f.bin;VertexBuffer.dc729904104d551d.bin
level.SCNE,arena_clutchtime_int_master@GameObjects@clutchtime_mural_wall:clutchtime_mural_wall_low,,clutchtime_mural_wall:mural_mat,,1428,2461.61279,"[-2412.52979,-3.05175781e-05,-6.10351563e-05]","[2412.46851,978.540649,429.030273]",IndexBuffer.bf1ff40d244fd968.bin,VertexBuffer.66e4f18482b9747f.bin;VertexBuffer.1db9d6e86739e81f.bin;VertexBuffer.dc729904104d551d.bin
level.SCNE,arena_clutchtime_int_master@arena_clutchtime_int_shared_layout@GameObjects@doors@box_electrical_commerciala:box_electrical_commerciala_low,box_electrical_commerciala_geoShape,box_electrical_commerciala:box_electrical_commercialA_mat,TRIANGLE_LIST,30,68.7759247,"[-25.4000015,-63.5,-7.30249929]","[25.3760433,63.5,7.30249977]",IndexBuffer.d5ebbaf694f774b9.bin,VertexBuffer.e9dc342333759af1.bin;VertexBuffer.28e56caa8078eb21.bin;VertexBuffer.96e7d31246664f61.bin
level.SCNE,arena_clutchtime_int_master@arena_clutchtime_int_shared_layout@GameObjects@stands@clutchtime_stair_4step_2:clutchtime_stair_4step_low,clutchtime_stair_4step_geo_lowShape,clutchtime_stair_3step:light_mat,TRIANGLE_LIST,24,181.692978,"[-2.27373675e-13,0.0,-314.998901]","[115.0,140.000031,6.86645508e-05]",IndexBuffer.7079a0acdd8a3734.bin,VertexBuffer.86cee40c1eb9f7af.bin;VertexBuffer.8ce5cb92a9f14242.bin;VertexBuffer.94d81c4770f46d9e.bin
level.SCNE,arena_clutchtime_int_master@arena_clutchtime_int_shared_layout@GameObjects@stands@clutchtime_stair_4step_2:clutchtime_stair_4step_low,,clutchtime_stair_3step:steps_mat,,264,181.692978,"[-2.27373675e-13,0.0,-314.998901]","[115.0,140.000031,6.86645508e-05]",IndexBuffer.7079a0acdd8a3734.bin,VertexBuffer.86cee40c1eb9f7af.bin;VertexBuffer.8ce5cb92a9f14242.bin;VertexBuffer.94d81c4770f46d9e.bin
level.SCNE,arena_clutchtime_int_master@arena_clutchtime_int_shared_layout@GameObjects@doors@electrical_outlet_industrial_0:electircal_outlet_industrial,electircal_outlet_industrial_geoShape,electrical_outlet_industrial:magic_props_socket_set_vrt_lght_mat,TRIANGLE_LIST,210,13.3303413,"[-9.11181641,0.0,-3.92687988]","[9.11181641,18.8966064,3.92687988]",IndexBuffer.4c1943117fe62328.bin,VertexBuffer.6edda968ee30e4bb.bin;VertexBuffer.7ff1eac2995d8f1c.bin;VertexBuffer.92a351b2ac12ca4e.bin
level.SCNE,arena_clutchtime_int_master@GameObjects@apron@clutchtime_floor_apron:clutchtime_floor_apron_low,clutchtime_floor_apron_geo_lowShape,clutchtime_floor_apron:floor_mat,TRIANGLE_LIST,48,8384.16602,"[-7500.0,0.0,-5128.43848]","[5420.20508,0.0,5560.11816]",IndexBuffer.08d0ffb842995ab8.bin,VertexBuffer.9a5fd52030714447.bin;VertexBuffer.dbb06d372240c1f1.bin;VertexBuffer.cfebbcac1c079478.bin
level.SCNE,arena_clutchtime_int_master@arena_clutchtime_int_shared_layout@GameObjects@stands@clutchtime_crowd_seating:clutchtime_crowd_seating_low,crowd_bowlrow2seat_cushiona_geo_lowShape,clutchtime_crowd_seating:chair,TRIANGLE_LIST,26736,2544.20776,"[-3937.55957,23.3498535,-2399.1665]","[-1544.797,895.037354,2401.18872]",IndexBuffer.014d4b88d79127a8.gz,VertexBuffer.b9707a0682793e64.gz;VertexBuffer.17a41d0026ff6592.gz;VertexBuffer.eb974b3c35b4d68e.gz
level.SCNE,arena_clutchtime_int_master@arena_clutchtime_int_shared_layout@GameObjects@stands@clutchtime_crowd_seating:clutchtime_crowd_seating_low,crowd_bowlrow3seat_cushiona_geo_lowShape,,,120,2544.20776,"[-3937.55957,23.3498535,-2399.1665]","[-1544.797,895.037354,2401.18872]",IndexBuffer.014d4b88d79127a8.gz,VertexBuffer.b9707a0682793e64.gz;VertexBuffer.17a41d0026ff6592.gz;VertexBuffer.eb974b3c35b4d68e.gz
level.SCNE,arena_clutchtime_int_master@arena_clutchtime_int_shared_layout@GameObjects@stands@clutchtime_crowd_seating:clutchtime_crowd_seating_low,crowd_bowlrow4seat_cushiona_geo_lowShape,,,24,2544.20776,"[-3937.55957,23.3498535,-2399.1665]","[-1544.797,895.037354,2401.18872]",IndexBuffer.014d4b88d79127a8.gz,VertexBuffer.b9707a0682793e64.gz;VertexBuffer.17a41d0026ff6592.gz;VertexBuffer.eb974b3c35b4d68e.gz
level.SCNE,arena_clutchtime_int_master@arena_clutchtime_int_shared_layout@GameObjects@stands@clutchtime_crowd_seating:clutchtime_crowd_seating_low,crowd_bowlrow5seat_cushiona_geo_lowShape,,,24,2544.20776,"[-3937.55957,23.3498535,-2399.1665]","[-1544.797,895.037354,2401.18872]",IndexBuffer.014d4b88d79127a8.gz,VertexBuffer.b9707a0682793e64.gz;VertexBuffer.17a41d0026ff6592.gz;VertexBuffer.eb974b3c35b4d68e.gz
level.SCNE,arena_clutchtime_int_master@arena_clutchtime_int_shared_layout@GameObjects@stands@clutchtime_crowd_seating:clutchtime_crowd_seating_low,crowd_bowlrow6seat_cushiona_geo_lowShape,,,60,2544.20776,"[-3937.55957,23.3498535,-2399.1665]","[-1544.797,895.037354,2401.18872]",IndexBuffer.014d4b88d79127a8.gz,VertexBuffer.b9707a0682793e64.gz;VertexBuffer.17a41d0026ff6592.gz;VertexBuffer.eb974b3c35b4d68e.gz
level.SCNE,arena_clutchtime_int_master@arena_clutchtime_int_shared_layout@GameObjects@stands@clutchtime_crowd_seating:clutchtime_crowd_seating_low,crowd_bowlrow7seat_cushiona_geo_lowShape,,,492,2544.20776,"[-3937.55957,23.3498535,-2399.1665]","[-1544.797,895.037354,2401.18872]",IndexBuffer.014d4b88d79127a8.gz,VertexBuffer.b9707a0682793e64.gz;VertexBuffer.17a41d0026ff6592.gz;VertexBuffer.eb974b3c35b4d68e.gz
level.SCNE,arena_clutchtime_int_master@arena_clutchtime_int_shared_layout@GameObjects@stands@clutchtime_crowd_seating:clutchtime_crowd_seating_low,crowd_bowlrow8seat_cushiona_geo_lowShape,,,300,2544.20776,"[-3937.55957,23.3498535,-2399.1665]","[-1544.797,895.037354,2401.18872]",IndexBuffer.014d4b88d79127a8.gz,VertexBuffer.b9707a0682793e64.gz;VertexBuffer.17a41d0026ff6592.gz;VertexBuffer.eb974b3c35b4d68e.gz
level.SCNE,arena_clutchtime_int_master@arena_clutchtime_int_shared_layout@GameObjects@stands@clutchtime_crowd_seating:clutchtime_crowd_seating_low,crowd_bowlrow9seat_cushiona_geo_lowShape,,,216,2544.20776,"[-3937.55957,23.3498535,-2399.1665]","[-1544.797,895.037354,2401.18872]",IndexBuffer.014d4b88d79127a8.gz,VertexBuffer.b9707a0682793e64.gz;VertexBuffer.17a41d0026ff6592.gz;VertexBuffer.eb974b3c35b4d68e.gz
level.SCNE,arena_clutchtime_int_master@arena_clutchtime_int_shared_layout@GameObjects@ceiling_panelslights@clutchtime_ceilingpanellight_i:clutchtime_ceilingpanellight_i_low,clutchtime_ceilingpanellight_i_geo_lowShape,clutchtime_ceilingpanellight_e:lighte_mat,TRIANGLE_LIST,348,2495.02734,"[-2488.82812,-6.59383659e-12,-81.2941895]","[2488.82812,0.0,290.537842]",IndexBuffer.02c055b76eaeed8f.bin,VertexBuffer.8af1ef6baf3e5f99.bin;VertexBuffer.6d468d2ab83005f7.bin;VertexBuffer.6a888350db7a7cd6.bin
level.SCNE,arena_clutchtime_int_master@arena_clutchtime_int_shared_layout@GameObjects@ceiling_panelslights@clutchtime_ceilingpanellight_a_3:clutchtime_ceilingpanellight_a_low,clutchtime_ceilingpanellight_a_geo_lowShape,clutchtime_ceilingpanellight_e:lighte_mat,TRIANGLE_LIST,312,2456.22974,"[-2455.92017,0.0,-53.130127]","[2455.92065,0.0,398.155029]",IndexBuffer.84e2f3ffbfbc30fe.bin,VertexBuffer.8f940798e932624a.bin;VertexBuffer.b193b9fe4023801f.bin;VertexBuffer.bc71ab9ab38304c5.bin
level.SCNE,arena_clutchtime_int_master@arena_clutchtime_int_shared_layout@GameObjects@clutchtimecurtainstunnels1@Prototype_arena_curtains_prototype_2@curtain100x20_arena_straight300c_2:curtain100x20_arena_straight300c,curtain100x20_arena_straight300c_geoShape,curtain100x20_arena_straight300c:curtain_arena_mat,TRIANGLE_LIST,1107,158.097153,"[0.10194622,1.1920929e-07,0.0]","[99.8614807,299.931915,19.5442104]",IndexBuffer.9d86d41a0b59b343.bin,VertexBuffer.66471ac647e297e9.bin;VertexBuffer.ff633302a8643b28.bin;VertexBuffer.d3c3a3aaf013c764.bin
level.SCNE,arena_clutchtime_int_master@arena_clutchtime_int_shared_layout@GameObjects@doors@electical_outlet_common_aluminum:eletrical_oulet_common,eletrical_oulet_common_geoShape,electrical_outleta_dual:sockets_and_light_switch_01_mat1,TRIANGLE_LIST,138,6.9414134,"[-3.72316074,0.0,-0.503441811]","[3.72315884,11.8877563,0.503486633]",IndexBuffer.42dce16f4e3a826d.bin,VertexBuffer.170aa62c32030d99.bin;VertexBuffer.71178ba9f0e24eba.bin;VertexBuffer.c9f65f24e66e103e.bin
level.SCNE,arena_clutchtime_int_master@arena_clutchtime_int_shared_layout@GameObjects@ceiling_panelslights@clutchtime_ceilingpanellight_g:clutchtime_ceilingpanellight_g_low,clutchtime_ceilingpanellight_g_geo_lowShape,clutchtime_ceilingpanellight_e:lighte_mat,TRIANGLE_LIST,258,2074.02344,"[-2074.02344,2.27373675e-13,-166.489563]","[2074.02344,2.27373675e-13,216.79834]",IndexBuffer.e4c73dbf1dee31b1.bin,VertexBuffer.39e1358206850b45.bin;VertexBuffer.6fb34c2c7a74a035.bin;VertexBuffer.977d07d6c7b05b85.bin
level.SCNE,arena_clutchtime_int_master@arena_clutchtime_int_shared_layout@GameObjects@clutchtimecurtainstunnels1@Prototype_arena_curtains_prototype_2@curtain100x20_arena_straight400c_9:curtain100x20_arena_straight400c,curtain100x20_arena_straight400c_geoShape,curtain100x20_arena_straight400c:curtain_arena_mat,TRIANGLE_LIST,852,206.106277,"[0.034989577,0.0,0.0]","[99.9527588,399.91452,18.7387772]",IndexBuffer.68165f69e868a526.bin,VertexBuffer.8be96d6470e0d5ea.bin;VertexBuffer.59e27e02ab540a12.bin;VertexBuffer.9f0e9048a338eb78.bin
level.SCNE,arena_clutchtime_int_master@arena_clutchtime_int_shared_layout@GameObjects@doors@door_interiorwindowb_rightdbl_2:door_interiorwindowb_rightdbl,window_geo_272Shape,door_interiorwindowb_leftdbl:36dc6bdd:door_glass_mat,TRIANGLE_LIST,12,132.258606,"[-6.12280273,5.54833957e-14,-0.433654785]","[10.9864502,241.239746,110.092163]",IndexBuffer.70ad9f582fa9fdee.gz,VertexBuffer.fb469fa9437370cc.bin;VertexBuffer.5963c3f0abef4c27.bin;VertexBuffer.ee190f27f6b43f56.bin
level.SCNE,arena_clutchtime_int_master@arena_clutchtime_int_shared_layout@GameObjects@doors@door_interiorwindowb_rightdbl_2:door_interiorwindowb_rightdbl,door_accessories_geo_173Shape,door_interiorwindowb_leftdbl:door_accessories_mat,,120,132.258606,"[-6.12280273,5.54833957e-14,-0.433654785]","[10.9864502,241.239746,110.092163]",IndexBuffer.70ad9f582fa9fdee.gz,VertexBuffer.fb469fa9437370cc.bin;VertexBuffer.5963c3f0abef4c27.bin;VertexBuffer.ee190f27f6b43f56.bin
level.SCNE,arena_clutchtime_int_master@arena_clutchtime_int_shared_layout@GameObjects@doors@door_interiorwindowb_rightdbl_2:door_interiorwindowb_rightdbl,door_geo_221Shape,door_interiorwindowb_leftdbl:door_interior_glass,,4116,132.258606,"[-6.12280273,5.54833957e-14,-0.433654785]","[10.9864502,241.239746,110.092163]",IndexBuffer.70ad9f582fa9fdee.gz,VertexBuffer.fb469fa9437370cc.bin;VertexBuffer.5963c3f0abef4c27.bin;VertexBuffer.ee190f27f6b43f56.bin
level.SCNE,arena_clutchtime_int_master@arena_clutchtime_int_shared_layout@GameObjects@ceiling@clutchtime_ceiling_a:clutchtime_ceiling_a_low,clutchtime_ceiling_a_geo_lowShape,clutchtime_ceiling_a:ceilinga_mat,TRIANGLE_LIST,834,4087.51123,"[0.0,0.0,-5785.69336]","[5773.38623,612.474121,0.000244141]",IndexBuffer.92d355695cf84b6d.bin,VertexBuffer.f36bacd1df67e8ec.bin;VertexBuffer.6d96c6ae518522cd.bin;VertexBuffer.1fac5c73a0bf4c33.bin
level.SCNE,arena_clutchtime_int_master@arena_clutchtime_int_shared_layout@GameObjects@walls@clutchtime_wall_d:clutchtime_wall_d_low,clutchtime_wall_d_geo_lowShape,clutchtime_ceiling_ribs:ceilingribs_mat,TRIANGLE_LIST,246,1825.68201,"[-369.629883,-1.7544317e-13,-2636.44482]","[307.1604,2163.19092,289.083496]",IndexBuffer.bf06c667de106dfe.bin,VertexBuffer.c806893497c954ba.bin;VertexBuffer.d2365d7bcc1a3a95.bin;VertexBuffer.3e83038445b7eecf.bin
level.SCNE,arena_clutchtime_int_master@arena_clutchtime_int_shared_layout@GameObjects@walls@clutchtime_wall_d:clutchtime_wall_d_low,,clutchtime_wall_c:wall_mat,,282,1825.68201,"[-369.629883,-1.7544317e-13,-2636.44482]","[307.1604,2163.19092,289.083496]",IndexBuffer.bf06c667de106dfe.bin,VertexBuffer.c806893497c954ba.bin;VertexBuffer.d2365d7bcc1a3a95.bin;VertexBuffer.3e83038445b7eecf.bin
level.SCNE,arena_clutchtime_int_master@arena_clutchtime_int_shared_layout@GameObjects@scorecube@clutchtime_scorecube_supportring:clutchtime_scorecube_supportring_low,clutchtime_scorecube_supportring_geo_lowShape,clutchtime_scorecube_screen:metal_mat,TRIANGLE_LIST,2160,570.341797,"[-566.472351,0.000106812,-1114.66382]","[547.042114,241.466034,4.76837158e-06]",IndexBuffer.fb1f7ecc0c5deaf1.bin,VertexBuffer.e44da32676791aaf.bin;VertexBuffer.9efa60d586f07208.bin;VertexBuffer.82914bc247d61e8a.bin
level.SCNE,arena_clutchtime_int_master@arena_clutchtime_int_shared_layout@GameObjects@doors@doorframe_interiorhingeless_double_0:doorframe_interiorhingeless_double_low,doorframe_geo_4Shape,doorframe_interiorhingeless_double:door_frame_mat,TRIANGLE_LIST,690,173.714966,"[-120.0,-1.42108547e-14,-12.4562378]","[120.0,250.0,12.5]",IndexBuffer.c98ceaea9a75e5ff.bin,VertexBuffer.30818205e73e816e.bin;VertexBuffer.09933be1b0126c99.bin;VertexBuffer.b717a142373fc5e8.bin
level.SCNE,arena_clutchtime_int_master@arena_clutchtime_int_shared_layout@GameObjects@stands@clutchtime_stands_tunnel:clutchtime_stands_tunnel_low,clutchtime_stands_tunnel_geo_lowShape,clutchtime_stands_tunnel:tunnel_mat,TRIANGLE_LIST,132,554.842712,"[-10.000144,-10.0,-982.123291]","[372.732788,394.975555,0.000452638]",IndexBuffer.4e1db2b4c58f2e58.bin,VertexBuffer.37029293a2a9decc.bin;VertexBuffer.5e2114545f40ded8.bin;VertexBuffer.7b90edcc2d9f99a7.bin
level.SCNE,arena_clutchtime_int_master@arena_clutchtime_int_shared_layout@GameObjects@balcony_lights@light_ceilinga_round_85:light_ceilinga_round_low,light_ceilinga_round_geoShape,light_ceilinga_round:frame_mat,TRIANGLE_LIST,1176,6.48567724,"[-0.540039062,-5.94119263,-6.48477173]","[0.540039062,7.02120972,6.48477173]",IndexBuffer.7584bd862f0b2ffc.bin,VertexBuffer.63474ccf5654887f.bin;VertexBuffer.df64c15c348c7316.bin;VertexBuffer.4020ac836c486c5b.bin
level.SCNE,arena_clutchtime_int_master@arena_clutchtime_int_shared_layout@GameObjects@balcony_lights@light_ceilinga_round_85:light_ceilinga_round_low,,light_ceilinga_round:light_mat,,84,6.48567724,"[-0.540039062,-5.94119263,-6.48477173]","[0.540039062,7.02120972,6.48477173]",IndexBuffer.7584bd862f0b2ffc.bin,VertexBuffer.63474ccf5654887f.bin;VertexBuffer.df64c15c348c7316.bin;VertexBuffer.4020ac836c486c5b.bin
level.SCNE,arena_clutchtime_int_master@arena_clutchtime_int_shared_layout@GameObjects@balcony@clutchtime_balcony_c_1:clutchtime_balcony_c_low,clutchtime_balcony_c_geo_lowShape,clutchtime_ceiling_ribs:ceilingribs_mat,TRIANGLE_LIST,120,572.242065,"[-319.893005,-80.3305054,-1043.60559]","[319.893311,0.0,0.0]",IndexBuffer.8db72dddadcc6d0d.bin,VertexBuffer.b4b394b01785924f.bin;VertexBuffer.3d5f29b13905963b.bin;VertexBuffer.f1bc775e5939492d.bin
level.SCNE,arena_clutchtime_int_master@arena_clutchtime_int_shared_layout@GameObjects@ceiling_panelslights@clutchtime_ceilingpanellight_c:clutchtime_ceilingpanellight_c_low,clutchtime_ceilingpanellight_c_geo_lowShape,clutchtime_ceilingpanellight_e:lighte_mat,TRIANGLE_LIST,312,2456.04907,"[-2455.92041,0.0,-35.7003784]","[2455.92041,0.0,251.396729]",IndexBuffer.cab694bc24f9c84c.bin,VertexBuffer.4b7cba81ae323a09.bin;VertexBuffer.f48a887f9b61d7c3.bin;VertexBuffer.7f1323925ad0d6dc.bin
level.SCNE,arena_clutchtime_int_master@arena_clutchtime_int_shared_layout@GameObjects@ceiling_panels@clutchtime_ceilingpanel_f:clutchtime_ceilingpanel_f_low,clutchtime_ceilingpanel_f_geo_lowShape,clutchtime_ceilingpanel_c:panelc_mat,TRIANGLE_LIST,3744,2488.33447,"[-2486.16016,0.0,-19.4567871]","[2486.16064,212.037842,214.097656]",IndexBuffer.96c43927d551f9cb.bin,VertexBuffer.11ed7f7a4be94b2e.bin;VertexBuffer.af381e528d4b8979.bin;VertexBuffer.1092f6685ebfacb3.bin
level.SCNE,arena_clutchtime_int_master@arena_clutchtime_int_shared_layout@GameObjects@scorecube@clutchtime_scorecube_screen:clutchtime_scorecube_screen_low,clutchtime_scorecube_screen_geo_lowShape,clutchtime_ceilingpanellight_e:lighte_mat,TRIANGLE_LIST,720,1059.56213,"[-1049.99792,0.0,-2099.99609]","[1050.0,284.070068,0.0]",IndexBuffer.540af4fdaa3c49b2.gz,VertexBuffer.6a3d3ef6b6663e09.bin;VertexBuffer.f47e5d667f020038.bin;VertexBuffer.0eba11cfb619e5c9.gz
level.SCNE,arena_clutchtime_int_master@arena_clutchtime_int_shared_layout@GameObjects@scorecube@clutchtime_scorecube_screen:clutchtime_scorecube_screen_low,,clutchtime_scorecube_screen:dorna_LCD_mat,,720,1059.56213,"[-1049.99792,0.0,-2099.99609]","[1050.0,284.070068,0.0]",IndexBuffer.540af4fdaa3c49b2.gz,VertexBuffer.6a3d3ef6b6663e09.bin;VertexBuffer.f47e5d667f020038.bin;VertexBuffer.0eba11cfb619e5c9.gz
level.SCNE,arena_clutchtime_int_master@arena_clutchtime_int_shared_layout@GameObjects@scorecube@clutchtime_scorecube_screen:clutchtime_scorecube_screen_low,,clutchtime_scorecube_screen:gamestats_ribbon_mat,,720,1059.56213,"[-1049.99792,0.0,-2099.99609]","[1050.0,284.070068,0.0]",IndexBuffer.540af4fdaa3c49b2.gz,VertexBuffer.6a3d3ef6b6663e09.bin;VertexBuffer.f47e5d667f020038.bin;VertexBuffer.0eba11cfb619e5c9.gz
level.SCNE,arena_clutchtime_int_master@arena_clutchtime_int_shared_layout@GameObjects@scorecube@clutchtime_scorecube_screen:clutchtime_scorecube_screen_low,,clutchtime_scorecube_screen:metal_mat,,7920,1059.56213,"[-1049.99792,0.0,-2099.99609]","[1050.0,284.070068,0.0]",IndexBuffer.540af4fdaa3c49b2.gz,VertexBuffer.6a3d3ef6b6663e09.bin;VertexBuffer.f47e5d667f020038.bin;VertexBuffer.0eba11cfb619e5c9.gz
level.SCNE,arena_clutchtime_int_master@arena_clutchtime_int_shared_layout@GameObjects@Prototype_arena_curtains_prototype@Prototype_arena_curtains_prototype_0@curtain100x20_arena_straight500c_8:curtain100x20_arena_straight500c,curtain100x20_arena_straight500c_geoShape,curtain100x20_arena_straight500c:7783941f:curtain_arena_mat,TRIANGLE_LIST,720,254.930252,"[0.074591458,0.0,-0.841381133]","[99.8438721,500.0,19.0297165]",IndexBuffer.449df05af93ab9d0.bin,VertexBuffer.8ec8c80577a75946.bin;VertexBuffer.39f6d8447dba6f7c.bin;VertexBuffer.857b7b247e9b99e4.bin
level.SCNE,arena_clutchtime_int_master@GameObjects@dorna@clutchtime_court_dornacorner_1:clutchtime_court_dornacorner_low,pad_bottomShape,clutchtime_court_dorna:b15a0423:pad_mat,TRIANGLE_LIST,1272,331.366791,"[-399.999939,0.0,0.0]","[73.4956055,115.128059,473.495605]",IndexBuffer.7b9df6c1416bfc97.bin,VertexBuffer.3417d1bf93ec890c.bin;VertexBuffer.1353f28234fa025e.bin;VertexBuffer.e99928f76e8ff23a.bin
level.SCNE,arena_clutchtime_int_master@GameObjects@dorna@clutchtime_court_dornacorner_1:clutchtime_court_dornacorner_low,LED_housing_cornerShape,,,1026,331.366791,"[-399.999939,0.0,0.0]","[73.4956055,115.128059,473.495605]",IndexBuffer.7b9df6c1416bfc97.bin,VertexBuffer.3417d1bf93ec890c.bin;VertexBuffer.1353f28234fa025e.bin;VertexBuffer.e99928f76e8ff23a.bin
level.SCNE,arena_clutchtime_int_master@GameObjects@dorna@clutchtime_court_dornacorner_1:clutchtime_court_dornacorner_low,pad_topShape,,,648,331.366791,"[-399.999939,0.0,0.0]","[73.4956055,115.128059,473.495605]",IndexBuffer.7b9df6c1416bfc97.bin,VertexBuffer.3417d1bf93ec890c.bin;VertexBuffer.1353f28234fa025e.bin;VertexBuffer.e99928f76e8ff23a.bin
level.SCNE,arena_clutchtime_int_master@GameObjects@dorna@clutchtime_court_dornacorner_1:clutchtime_court_dornacorner_low,LED_panel_frame4Shape,clutchtime_court_dorna:frame1_mat,,72,331.366791,"[-399.999939,0.0,0.0]","[73.4956055,115.128059,473.495605]",IndexBuffer.7b9df6c1416bfc97.bin,VertexBuffer.3417d1bf93ec890c.bin;VertexBuffer.1353f28234fa025e.bin;VertexBuffer.e99928f76e8ff23a.bin
level.SCNE,arena_clutchtime_int_master@GameObjects@dorna@clutchtime_court_dornacorner_1:clutchtime_court_dornacorner_low,panel_rearShape,,,132,331.366791,"[-399.999939,0.0,0.0]","[73.4956055,115.128059,473.495605]",IndexBuffer.7b9df6c1416bfc97.bin,VertexBuffer.3417d1bf93ec890c.bin;VertexBuffer.1353f28234fa025e.bin;VertexBuffer.e99928f76e8ff23a.bin
level.SCNE,arena_clutchtime_int_master@GameObjects@dorna@clutchtime_court_dornacorner_1:clutchtime_court_dornacorner_low,feetShape,clutchtime_court_dorna:frame2_mat,,288,331.366791,"[-399.999939,0.0,0.0]","[73.4956055,115.128059,473.495605]",IndexBuffer.7b9df6c1416bfc97.bin,VertexBuffer.3417d1bf93ec890c.bin;VertexBuffer.1353f28234fa025e.bin;VertexBuffer.e99928f76e8ff23a.bin
level.SCNE,arena_clutchtime_int_master@GameObjects@dorna@clutchtime_court_dornacorner_1:clutchtime_court_dornacorner_low,LED_housing_cornerpadShape,clutchtime_court_dornacorner:pad2_mat,,648,331.366791,"[-399.999939,0.0,0.0]","[73.4956055,115.128059,473.495605]",IndexBuffer.7b9df6c1416bfc97.bin,VertexBuffer.3417d1bf93ec890c.bin;VertexBuffer.1353f28234fa025e.bin;VertexBuffer.e99928f76e8ff23a.bin
level.SCNE,arena_clutchtime_int_master@arena_clutchtime_int_shared_layout@GameObjects@ceiling_panelslights@clutchtime_ceilingpanellight_e_4:clutchtime_ceilingpanellight_e_low,clutchtime_ceilingpanellight_e_geo_lowShape,clutchtime_ceilingpanellight_e:lighte_mat,TRIANGLE_LIST,312,2456.05273,"[-2455.92041,0.0,-47.3624268]","[2455.92041,0.0,208.358154]",IndexBuffer.aef3e5d9d09a4eca.bin,VertexBuffer.5690c595632d1112.bin;VertexBuffer.9a01078b550fb10e.bin;VertexBuffer.4da1013710daa95a.bin
level.SCNE,arena_clutchtime_int_master@GameObjects@dorna@clutchtime_court_dornaled:clutchtime_court_dornaled_low,pPlane16Shape,clutchtime_court_dornaled:flp_scrf01,TRIANGLE_LIST,6,2060.61108,"[-981.01178,10.0,-1825.88208]","[981.01178,106.59259,1825.88208]",IndexBuffer.b162d91278983c2a.bin,VertexBuffer.a8711cb9c33fcb4b.bin;VertexBuffer.4e6498d7fa464000.bin;VertexBuffer.b3483ab6677f8230.bin
level.SCNE,arena_clutchtime_int_master@GameObjects@dorna@clutchtime_court_dornaled:clutchtime_court_dornaled_low,pPlane_23Shape,,,6,2060.61108,"[-981.01178,10.0,-1825.88208]","[981.01178,106.59259,1825.88208]",IndexBuffer.b162d91278983c2a.bin,VertexBuffer.a8711cb9c33fcb4b.bin;VertexBuffer.4e6498d7fa464000.bin;VertexBuffer.b3483ab6677f8230.bin
level.SCNE,arena_clutchtime_int_master@GameObjects@dorna@clutchtime_court_dornaled:clutchtime_court_dornaled_low,pPlane_24Shape,clutchtime_court_dornaled:flp_scrf02,,6,2060.61108,"[-981.01178,10.0,-1825.88208]","[981.01178,106.59259,1825.88208]",IndexBuffer.b162d91278983c2a.bin,VertexBuffer.a8711cb9c33fcb4b.bin;VertexBuffer.4e6498d7fa464000.bin;VertexBuffer.b3483ab6677f8230.bin
level.SCNE,arena_clutchtime_int_master@GameObjects@dorna@clutchtime_court_dornaled:clutchtime_court_dornaled_low,pPlane22Shape,,,6,2060.61108,"[-981.01178,10.0,-1825.88208]","[981.01178,106.59259,1825.88208]",IndexBuffer.b162d91278983c2a.bin,VertexBuffer.a8711cb9c33fcb4b.bin;VertexBuffer.4e6498d7fa464000.bin;VertexBuffer.b3483ab6677f8230.bin
level.SCNE,arena_clutchtime_int_master@GameObjects@dorna@clutchtime_court_dornaled:clutchtime_court_dornaled_low,pPlane_2Shape,clutchtime_court_dornaled:flp_scrf03,,6,2060.61108,"[-981.01178,10.0,-1825.88208]","[981.01178,106.59259,1825.88208]",IndexBuffer.b162d91278983c2a.bin,VertexBuffer.a8711cb9c33fcb4b.bin;VertexBuffer.4e6498d7fa464000.bin;VertexBuffer.b3483ab6677f8230.bin
level.SCNE,arena_clutchtime_int_master@GameObjects@dorna@clutchtime_court_dornaled:clutchtime_court_dornaled_low,pPlane_1Shape,,,6,2060.61108,"[-981.01178,10.0,-1825.88208]","[981.01178,106.59259,1825.88208]",IndexBuffer.b162d91278983c2a.bin,VertexBuffer.a8711cb9c33fcb4b.bin;VertexBuffer.4e6498d7fa464000.bin;VertexBuffer.b3483ab6677f8230.bin
level.SCNE,arena_clutchtime_int_master@GameObjects@dorna@clutchtime_court_dornaled:clutchtime_court_dornaled_low,pPlane_4Shape,clutchtime_court_dornaled:flp_scrf04,,6,2060.61108,"[-981.01178,10.0,-1825.88208]","[981.01178,106.59259,1825.88208]",IndexBuffer.b162d91278983c2a.bin,VertexBuffer.a8711cb9c33fcb4b.bin;VertexBuffer.4e6498d7fa464000.bin;VertexBuffer.b3483ab6677f8230.bin
level.SCNE,arena_clutchtime_int_master@GameObjects@dorna@clutchtime_court_dornaled:clutchtime_court_dornaled_low,pPlane_3Shape,,,6,2060.61108,"[-981.01178,10.0,-1825.88208]","[981.01178,106.59259,1825.88208]",IndexBuffer.b162d91278983c2a.bin,VertexBuffer.a8711cb9c33fcb4b.bin;VertexBuffer.4e6498d7fa464000.bin;VertexBuffer.b3483ab6677f8230.bin
level.SCNE,arena_clutchtime_int_master@GameObjects@dorna@clutchtime_court_dornaled:clutchtime_court_dornaled_low,pPlane_6Shape,clutchtime_court_dornaled:flp_scrf05,,6,2060.61108,"[-981.01178,10.0,-1825.88208]","[981.01178,106.59259,1825.88208]",IndexBuffer.b162d91278983c2a.bin,VertexBuffer.a8711cb9c33fcb4b.bin;VertexBuffer.4e6498d7fa464000.bin;VertexBuffer.b3483ab6677f8230.bin
level.SCNE,arena_clutchtime_int_master@GameObjects@dorna@clutchtime_court_dornaled:clutchtime_court_dornaled_low,pPlane_5Shape,,,6,2060.61108,"[-981.01178,10.0,-1825.88208]","[981.01178,106.59259,1825.88208]",IndexBuffer.b162d91278983c2a.bin,VertexBuffer.a8711cb9c33fcb4b.bin;VertexBuffer.4e6498d7fa464000.bin;VertexBuffer.b3483ab6677f8230.bin
level.SCNE,arena_clutchtime_int_master@GameObjects@dorna@clutchtime_court_dornaled:clutchtime_court_dornaled_low,pPlane_8Shape,clutchtime_court_dornaled:flp_scrf06,,6,2060.61108,"[-981.01178,10.0,-1825.88208]","[981.01178,106.59259,1825.88208]",IndexBuffer.b162d91278983c2a.bin,VertexBuffer.a8711cb9c33fcb4b.bin;VertexBuffer.4e6498d7fa464000.bin;VertexBuffer.b3483ab6677f8230.bin
level.SCNE,arena_clutchtime_int_master@GameObjects@dorna@clutchtime_court_dornaled:clutchtime_court_dornaled_low,pPlane_7Shape,,,6,2060.61108,"[-981.01178,10.0,-1825.88208]","[981.01178,106.59259,1825.88208]",IndexBuffer.b162d91278983c2a.bin,VertexBuffer.a8711cb9c33fcb4b.bin;VertexBuffer.4e6498d7fa464000.bin;VertexBuffer.b3483ab6677f8230.bin
level.SCNE,arena_clutchtime_int_master@GameObjects@dorna@clutchtime_court_dornaled:clutchtime_court_dornaled_low,pPlane_10Shape,clutchtime_court_dornaled:flp_scrf07,,6,2060.61108,"[-981.01178,10.0,-1825.88208]","[981.01178,106.59259,1825.88208]",IndexBuffer.b162d91278983c2a.bin,VertexBuffer.a8711cb9c33fcb4b.bin;VertexBuffer.4e6498d7fa464000.bin;VertexBuffer.b3483ab6677f8230.bin
level.SCNE,arena_clutchtime_int_master@GameObjects@dorna@clutchtime_court_dornaled:clutchtime_court_dornaled_low,pPlane_9Shape,,,6,2060.61108,"[-981.01178,10.0,-1825.88208]","[981.01178,106.59259,1825.88208]",IndexBuffer.b162d91278983c2a.bin,VertexBuffer.a8711cb9c33fcb4b.bin;VertexBuffer.4e6498d7fa464000.bin;VertexBuffer.b3483ab6677f8230.bin
level.SCNE,arena_clutchtime_int_master@GameObjects@dorna@clutchtime_court_dornaled:clutchtime_court_dornaled_low,pPlane_12Shape,clutchtime_court_dornaled:flp_scrf08,,6,2060.61108,"[-981.01178,10.0,-1825.88208]","[981.01178,106.59259,1825.88208]",IndexBuffer.b162d91278983c2a.bin,VertexBuffer.a8711cb9c33fcb4b.bin;VertexBuffer.4e6498d7fa464000.bin;VertexBuffer.b3483ab6677f8230.bin
level.SCNE,arena_clutchtime_int_master@GameObjects@dorna@clutchtime_court_dornaled:clutchtime_court_dornaled_low,pPlane_11Shape,,,6,2060.61108,"[-981.01178,10.0,-1825.88208]","[981.01178,106.59259,1825.88208]",IndexBuffer.b162d91278983c2a.bin,VertexBuffer.a8711cb9c33fcb4b.bin;VertexBuffer.4e6498d7fa464000.bin;VertexBuffer.b3483ab6677f8230.bin
level.SCNE,arena_clutchtime_int_master@GameObjects@dorna@clutchtime_court_dornaled:clutchtime_court_dornaled_low,pPlane_14Shape,clutchtime_court_dornaled:flp_scrf09,,6,2060.61108,"[-981.01178,10.0,-1825.88208]","[981.01178,106.59259,1825.88208]",IndexBuffer.b162d91278983c2a.bin,VertexBuffer.a8711cb9c33fcb4b.bin;VertexBuffer.4e6498d7fa464000.bin;VertexBuffer.b3483ab6677f8230.bin
level.SCNE,arena_clutchtime_int_master@GameObjects@dorna@clutchtime_court_dornaled:clutchtime_court_dornaled_low,pPlane_13Shape,,,6,2060.61108,"[-981.01178,10.0,-1825.88208]","[981.01178,106.59259,1825.88208]",IndexBuffer.b162d91278983c2a.bin,VertexBuffer.a8711cb9c33fcb4b.bin;VertexBuffer.4e6498d7fa464000.bin;VertexBuffer.b3483ab6677f8230.bin
level.SCNE,arena_clutchtime_int_master@GameObjects@dorna@clutchtime_court_dornaled:clutchtime_court_dornaled_low,pPlane_16Shape,clutchtime_court_dornaled:flp_scrf10,,6,2060.61108,"[-981.01178,10.0,-1825.88208]","[981.01178,106.59259,1825.88208]",IndexBuffer.b162d91278983c2a.bin,VertexBuffer.a8711cb9c33fcb4b.bin;VertexBuffer.4e6498d7fa464000.bin;VertexBuffer.b3483ab6677f8230.bin
level.SCNE,arena_clutchtime_int_master@GameObjects@dorna@clutchtime_court_dornaled:clutchtime_court_dornaled_low,pPlane_15Shape,,,6,2060.61108,"[-981.01178,10.0,-1825.88208]","[981.01178,106.59259,1825.88208]",IndexBuffer.b162d91278983c2a.bin,VertexBuffer.a8711cb9c33fcb4b.bin;VertexBuffer.4e6498d7fa464000.bin;VertexBuffer.b3483ab6677f8230.bin
level.SCNE,arena_clutchtime_int_master@GameObjects@dorna@clutchtime_court_dornaled:clutchtime_court_dornaled_low,pPlane_18Shape,clutchtime_court_dornaled:flp_scrf11,,6,2060.61108,"[-981.01178,10.0,-1825.88208]","[981.01178,106.59259,1825.88208]",IndexBuffer.b162d91278983c2a.bin,VertexBuffer.a8711cb9c33fcb4b.bin;VertexBuffer.4e6498d7fa464000.bin;VertexBuffer.b3483ab6677f8230.bin
level.SCNE,arena_clutchtime_int_master@GameObjects@dorna@clutchtime_court_dornaled:clutchtime_court_dornaled_low,pPlane_17Shape,,,6,2060.61108,"[-981.01178,10.0,-1825.88208]","[981.01178,106.59259,1825.88208]",IndexBuffer.b162d91278983c2a.bin,VertexBuffer.a8711cb9c33fcb4b.bin;VertexBuffer.4e6498d7fa464000.bin;VertexBuffer.b3483ab6677f8230.bin
level.SCNE,arena_clutchtime_int_master@GameObjects@dorna@clutchtime_court_dornaled:clutchtime_court_dornaled_low,pPlane_20Shape,clutchtime_court_dornaled:flp_scrf12,,6,2060.61108,"[-981.01178,10.0,-1825.88208]","[981.01178,106.59259,1825.88208]",IndexBuffer.b162d91278983c2a.bin,VertexBuffer.a8711cb9c33fcb4b.bin;VertexBuffer.4e6498d7fa464000.bin;VertexBuffer.b3483ab6677f8230.bin
level.SCNE,arena_clutchtime_int_master@GameObjects@dorna@clutchtime_court_dornaled:clutchtime_court_dornaled_low,pPlane_19Shape,,,6,2060.61108,"[-981.01178,10.0,-1825.88208]","[981.01178,106.59259,1825.88208]",IndexBuffer.b162d91278983c2a.bin,VertexBuffer.a8711cb9c33fcb4b.bin;VertexBuffer.4e6498d7fa464000.bin;VertexBuffer.b3483ab6677f8230.bin
level.SCNE,arena_clutchtime_int_master@GameObjects@dorna@clutchtime_court_dornaled:clutchtime_court_dornaled_low,pPlane_22Shape,clutchtime_court_dornaled:flp_scrf13,,6,2060.61108,"[-981.01178,10.0,-1825.88208]","[981.01178,106.59259,1825.88208]",IndexBuffer.b162d91278983c2a.bin,VertexBuffer.a8711cb9c33fcb4b.bin;VertexBuffer.4e6498d7fa464000.bin;VertexBuffer.b3483ab6677f8230.bin
level.SCNE,arena_clutchtime_int_master@GameObjects@dorna@clutchtime_court_dornaled:clutchtime_court_dornaled_low,pPlane_21Shape,,,6,2060.61108,"[-981.01178,10.0,-1825.88208]","[981.01178,106.59259,1825.88208]",IndexBuffer.b162d91278983c2a.bin,VertexBuffer.a8711cb9c33fcb4b.bin;VertexBuffer.4e6498d7fa464000.bin;VertexBuffer.b3483ab6677f8230.bin
level.SCNE,arena_clutchtime_int_master@arena_clutchtime_int_shared_layout@GameObjects@balcony@clutchtime_balcony_a:clutchtime_balcony_a_low,clutchtime_balcony_a_geo_lowShape,clutchtime_balcony_b:balcony2_amt,TRIANGLE_LIST,600,721.002869,"[-356.636536,-23.0394897,-1054.6864]","[317.699585,818.801331,44.704834]",IndexBuffer.fa769675283ce549.bin,VertexBuffer.20511519f355206e.bin;VertexBuffer.33e82a617e7c252c.bin;VertexBuffer.21d09e166d010ed3.bin
level.SCNE,arena_clutchtime_int_master@arena_clutchtime_int_shared_layout@GameObjects@balcony@clutchtime_balcony_a:clutchtime_balcony_a_low,,clutchtime_balcony_b:balcony4_mat,,498,721.002869,"[-356.636536,-23.0394897,-1054.6864]","[317.699585,818.801331,44.704834]",IndexBuffer.fa769675283ce549.bin,VertexBuffer.20511519f355206e.bin;VertexBuffer.33e82a617e7c252c.bin;VertexBuffer.21d09e166d010ed3.bin
level.SCNE,arena_clutchtime_int_master@arena_clutchtime_int_shared_layout@GameObjects@balcony@clutchtime_balcony_a:clutchtime_balcony_a_low,,clutchtime_balcony_b:balcony_mat,,600,721.002869,"[-356.636536,-23.0394897,-1054.6864]","[317.699585,818.801331,44.704834]",IndexBuffer.fa769675283ce549.bin,VertexBuffer.20511519f355206e.bin;VertexBuffer.33e82a617e7c252c.bin;VertexBuffer.21d09e166d010ed3.bin
level.SCNE,arena_clutchtime_int_master@arena_clutchtime_int_shared_layout@GameObjects@balcony@clutchtime_balcony_a:clutchtime_balcony_a_low,,clutchtime_balcony_railing:railing_mat,,300,721.002869,"[-356.636536,-23.0394897,-1054.6864]","[317.699585,818.801331,44.704834]",IndexBuffer.fa769675283ce549.bin,VertexBuffer.20511519f355206e.bin;VertexBuffer.33e82a617e7c252c.bin;VertexBuffer.21d09e166d010ed3.bin
level.SCNE,arena_clutchtime_int_master@arena_clutchtime_int_shared_layout@GameObjects@walls@clutchtime_wall_c:clutchtime_wall_c_low,clutchtime_wall_c_geo_lowShape,clutchtime_ceiling_ribs:ceilingribs_mat,TRIANGLE_LIST,246,2757.33008,"[-307.160645,0.0,-4774.28809]","[919.437988,2163.19092,289.083496]",IndexBuffer.2ac78329a1cd948e.bin,VertexBuffer.b192958b453e4e5a.bin;VertexBuffer.06f58e21b726dfb9.bin;VertexBuffer.7ee6a11aa7fe3665.bin
level.SCNE,arena_clutchtime_int_master@arena_clutchtime_int_shared_layout@GameObjects@walls@clutchtime_wall_c:clutchtime_wall_c_low,,clutchtime_wall_c:wall_mat,,282,2757.33008,"[-307.160645,0.0,-4774.28809]","[919.437988,2163.19092,289.083496]",IndexBuffer.2ac78329a1cd948e.bin,VertexBuffer.b192958b453e4e5a.bin;VertexBuffer.06f58e21b726dfb9.bin;VertexBuffer.7ee6a11aa7fe3665.bin
level.SCNE,arena_clutchtime_int_master@arena_clutchtime_int_shared_layout@GameObjects@stands@clutchtime_stair_3step_0:clutchtime_stair_3step_low,clutchtime_stair_3step_geo_lowShape,clutchtime_stair_3step:light_mat,TRIANGLE_LIST,18,135.876678,"[0.0,0.0,-224.999634]","[115.000252,100.0,0.00012207]",IndexBuffer.c5f4eb320743082c.bin,VertexBuffer.b5b8fa8e9ce92e78.bin;VertexBuffer.80a9b493c5afd649.bin;VertexBuffer.ee64641e83cf73f4.bin
level.SCNE,arena_clutchtime_int_master@arena_clutchtime_int_shared_layout@GameObjects@stands@clutchtime_stair_3step_0:clutchtime_stair_3step_low,,clutchtime_stair_3step:steps_mat,,198,135.876678,"[0.0,0.0,-224.999634]","[115.000252,100.0,0.00012207]",IndexBuffer.c5f4eb320743082c.bin,VertexBuffer.b5b8fa8e9ce92e78.bin;VertexBuffer.80a9b493c5afd649.bin;VertexBuffer.ee64641e83cf73f4.bin
level.SCNE,arena_clutchtime_int_master@arena_clutchtime_int_shared_layout@GameObjects@ceiling@clutchtime_ceiling_b_0:clutchtime_ceiling_b_low,clutchtime_ceiling_b_geo_lowShape,clutchtime_ceiling_ribs:ceilingribs_mat,TRIANGLE_LIST,156,3005.19385,"[-0.000244141,-348.121338,-3297.76392]","[4923.14844,236.3479,109.332764]",IndexBuffer.7e3fb23bf14f9149.bin,VertexBuffer.1e0a29df5a6374e1.bin;VertexBuffer.19f2dbdd1ac98a3e.bin;VertexBuffer.d41f9cf76a1d7138.bin
level.SCNE,arena_clutchtime_int_master@arena_clutchtime_int_shared_layout@GameObjects@stands@clutchtime_stands_tiers:clutchtime_stands_tiers_low,clutchtime_stands_tiers_geo_lowShape,clutchtime_ceiling_ribs:ceilingribs_mat,TRIANGLE_LIST,4464,4422.22705,"[-4421.82227,0.0,-4069.02148]","[4421.82227,863.351196,627.166016]",IndexBuffer.94b387ac00c9d40c.gz,VertexBuffer.0c206a2c59173941.gz;VertexBuffer.a3d9ebbe64b56308.bin;VertexBuffer.a00009bb63347916.gz
level.SCNE,arena_clutchtime_int_master@arena_clutchtime_int_shared_layout@GameObjects@stands@clutchtime_stands_tiers:clutchtime_stands_tiers_low,,clutchtime_stair_3step:steps_mat,,17472,4422.22705,"[-4421.82227,0.0,-4069.02148]","[4421.82227,863.351196,627.166016]",IndexBuffer.94b387ac00c9d40c.gz,VertexBuffer.0c206a2c59173941.gz;VertexBuffer.a3d9ebbe64b56308.bin;VertexBuffer.a00009bb63347916.gz
level.SCNE,arena_clutchtime_int_master@arena_clutchtime_int_shared_layout@GameObjects@balcony@clutchtime_ceiling_balcony_5:clutchtime_ceiling_balcony_low,clutchtime_ceiling_balcony_geo_lowShape,clutchtime_wall_c:wall_mat,TRIANGLE_LIST,54,177.718765,"[0.0,0.0,-45.2438202]","[249.301514,155.087402,155.087158]",IndexBuffer.a07245ef30a7ec60.bin,VertexBuffer.7525c77cd585cbce.bin;VertexBuffer.3d22e2c2fec370b4.bin;VertexBuffer.a671aa2dd4c31211.bin
level.SCNE,arena_clutchtime_int_master@arena_clutchtime_int_shared_layout@GameObjects@balcony@clutchtime_balcony_column_5:clutchtime_balcony_column_low,clutchtime_balcony_column_geo_lowShape,clutchtime_ceiling_ribs:ceilingribs_mat,TRIANGLE_LIST,36,1177.59753,"[-48.5128174,6.7455062e-08,-637.891602]","[76.7902069,2163.19092,289.083496]",IndexBuffer.2abbf9b6bb1052b4.bin,VertexBuffer.045fbd9a0c97ba70.bin;VertexBuffer.1f22b6e934a52ebf.bin;VertexBuffer.8adc847218e1cf56.bin
level.SCNE,arena_clutchtime_int_master@arena_clutchtime_int_shared_layout@GameObjects@balcony@clutchtime_balcony_column_5:clutchtime_balcony_column_low,,clutchtime_wall_c:wall_mat,,48,1177.59753,"[-48.5128174,6.7455062e-08,-637.891602]","[76.7902069,2163.19092,289.083496]",IndexBuffer.2abbf9b6bb1052b4.bin,VertexBuffer.045fbd9a0c97ba70.bin;VertexBuffer.1f22b6e934a52ebf.bin;VertexBuffer.8adc847218e1cf56.bin
level.SCNE,arena_clutchtime_int_master@arena_clutchtime_int_shared_layout@GameObjects@ceiling_panels@clutchtime_ceilingpanel_e:clutchtime_ceilingpanel_e_low,clutchtime_ceilingpanel_e_geo_lowShape,clutchtime_ceilingpanel_c:panelc_mat,TRIANGLE_LIST,2184,2488.3772,"[-2486.16016,0.0,-19.4567871]","[2486.16064,212.037842,214.097412]",IndexBuffer.155635632ec6b402.bin,VertexBuffer.0a2787e62e04e6a4.bin;VertexBuffer.3d89a82455d8f1e0.bin;VertexBuffer.0a6bb847e8b66818.bin
level.SCNE,arena_clutchtime_int_master@GameObjects@dorna@clutchtime_court_dornaend_1:clutchtime_court_dornaend_low,LED_housing_end_geo_lowShape,clutchtime_court_dorna:b15a0423:pad_mat,TRIANGLE_LIST,492,67.247757,"[-3.19122314,0.0,0.0]","[73.4956055,115.128052,7.81896973]",IndexBuffer.1bbc0b49d60164ae.bin,VertexBuffer.014a0713e7fe7ed9.bin;VertexBuffer.37ca9c8f7a07984c.bin;VertexBuffer.e74f1ab7c367dca7.bin
level.SCNE,arena_clutchtime_int_master@arena_clutchtime_int_shared_layout@GameObjects@ceiling_panels@clutchtime_ceilingpanel_a_0:clutchtime_ceilingpanel_a_low,clutchtime_ceilingpanel_a_geo_lowShape,clutchtime_ceilingpanel_c:panelc_mat,TRIANGLE_LIST,2184,2488.43921,"[-2486.16016,0.0,-19.4567871]","[2486.16064,212.037842,416.716064]",IndexBuffer.98e0f324e1126ae4.bin,VertexBuffer.0e84b2ad81acd68a.bin;VertexBuffer.eda783086acb6f0e.bin;VertexBuffer.a528add5462aabcc.bin
level.SCNE,arena_clutchtime_int_master@arena_clutchtime_int_shared_layout@GameObjects@ceiling_panels@clutchtime_ceilingpanel_b_3:clutchtime_ceilingpanel_b_low,clutchtime_ceilingpanel_b_geo_lowShape,clutchtime_ceilingpanel_c:panelc_mat,TRIANGLE_LIST,2184,2488.38672,"[-2486.16016,0.0,-19.4567871]","[2486.16064,212.037842,366.668457]",IndexBuffer.cef0e1a890cfe448.bin,VertexBuffer.65f5e5e89ff86628.bin;VertexBuffer.a4a0a513722805d3.bin;VertexBuffer.0f68767144383064.bin
level.SCNE,arena_clutchtime_int_master@GameObjects@dorna@clutchtime_court_dorna_7:clutchtime_court_dorna_low,pad_topShape,clutchtime_court_dorna:b15a0423:pad_mat,TRIANGLE_LIST,522,210.621704,"[-3.17034912,-1.90734863e-06,0.0]","[67.0056152,115.128059,400.0]",IndexBuffer.fd58a1d332e9450a.bin,VertexBuffer.1172312c35031dcd.bin;VertexBuffer.fd935000dde84406.bin;VertexBuffer.4eb9d07080e3f09c.bin
level.SCNE,arena_clutchtime_int_master@GameObjects@dorna@clutchtime_court_dorna_7:clutchtime_court_dorna_low,LED_panel_frameShape,clutchtime_court_dorna:frame1_mat,,36,210.621704,"[-3.17034912,-1.90734863e-06,0.0]","[67.0056152,115.128059,400.0]",IndexBuffer.fd58a1d332e9450a.bin,VertexBuffer.1172312c35031dcd.bin;VertexBuffer.fd935000dde84406.bin;VertexBuffer.4eb9d07080e3f09c.bin
level.SCNE,arena_clutchtime_int_master@GameObjects@dorna@clutchtime_court_dorna_7:clutchtime_court_dorna_low,panel_rearShape,,,66,210.621704,"[-3.17034912,-1.90734863e-06,0.0]","[67.0056152,115.128059,400.0]",IndexBuffer.fd58a1d332e9450a.bin,VertexBuffer.1172312c35031dcd.bin;VertexBuffer.fd935000dde84406.bin;VertexBuffer.4eb9d07080e3f09c.bin
level.SCNE,arena_clutchtime_int_master@GameObjects@dorna@clutchtime_court_dorna_7:clutchtime_court_dorna_low,feetShape,clutchtime_court_dorna:frame2_mat,,144,210.621704,"[-3.17034912,-1.90734863e-06,0.0]","[67.0056152,115.128059,400.0]",IndexBuffer.fd58a1d332e9450a.bin,VertexBuffer.1172312c35031dcd.bin;VertexBuffer.fd935000dde84406.bin;VertexBuffer.4eb9d07080e3f09c.bin
level.SCNE,arena_clutchtime_int_master@arena_clutchtime_int_shared_layout@GameObjects@walls@clutchtime_wall_e:clutchtime_wall_e_low,clutchtime_wall_e_geo_lowShape,clutchtime_wall_f:wall_mat,TRIANGLE_LIST,6,2893.30176,"[0.0,0.0,0.0]","[5347.81836,2210.34375,0.0]",IndexBuffer.1def5845b91650fc.bin,VertexBuffer.c03260ca83174259.bin;VertexBuffer.63c521fa5b902e97.bin;VertexBuffer.832c4c2e48202ae6.bin
level.SCNE,arena_clutchtime_int_master@arena_clutchtime_int_shared_layout@GameObjects@ceiling@clutchtime_ceiling_ribs_0:clutchtime_ceiling_ribs_low,clutchtime_ceiling_ribs_geo_lowShape,clutchtime_ceiling_ribs:ceilingribs_mat,TRIANGLE_LIST,27540,3421.65503,"[-2509.97217,-376.520142,-4325.85254]","[2435.9563,358.904663,380.71167]",IndexBuffer.02b33e49fb416c38.gz,VertexBuffer.5deb3bf26f7a211b.gz;VertexBuffer.12117432b8cc876b.gz;VertexBuffer.f4919caecbd34fe7.gz
level.SCNE,arena_clutchtime_int_master@arena_clutchtime_int_shared_layout@GameObjects@mural_lights@lighting_suspendedtrack_metalb_19:lighting_suspendedtrack_metalb_low,lighting_suspendedtrack_metalb_geoShape,lighting_suspendedtrack_metalb:glass_mat,TRIANGLE_LIST,54,47.1224403,"[-23.7818985,-90.0533447,-21.081665]","[23.7818375,-0.066654205,34.3292084]",IndexBuffer.62e781d33942cca7.gz,VertexBuffer.679299e76bd43b32.bin;VertexBuffer.26baf2120527cf46.bin;VertexBuffer.00a28ad81c68ec40.bin
level.SCNE,arena_clutchtime_int_master@arena_clutchtime_int_shared_layout@GameObjects@mural_lights@lighting_suspendedtrack_metalb_19:lighting_suspendedtrack_metalb_low,,lighting_suspendedtrack_metalb:lighting_suspendedtrack_metalb_vcfxshader,,5292,47.1224403,"[-23.7818985,-90.0533447,-21.081665]","[23.7818375,-0.066654205,34.3292084]",IndexBuffer.62e781d33942cca7.gz,VertexBuffer.679299e76bd43b32.bin;VertexBuffer.26baf2120527cf46.bin;VertexBuffer.00a28ad81c68ec40.bin
level.SCNE,arena_clutchtime_int_master@arena_clutchtime_int_shared_layout@GameObjects@ceiling_panels@clutchtime_ceilingpanel_c_5:clutchtime_ceilingpanel_c_low,clutchtime_ceilingpanel_c_geo_lowShape,clutchtime_ceilingpanel_c:panelc_mat,TRIANGLE_LIST,2184,2488.36108,"[-2486.16016,0.0,-19.4567871]","[2486.16064,212.037842,267.434326]",IndexBuffer.c80737c62b478a67.bin,VertexBuffer.a604069c43238366.bin;VertexBuffer.c3b6285b0e2438a2.bin;VertexBuffer.2cf6ee203fba3f46.bin
level.SCNE,arena_clutchtime_int_master@arena_clutchtime_int_shared_layout@GameObjects@balcony@clutchtime_balcony_railing_12:clutchtime_balcony_railing_low,clutchtime_balcony_railing_geo_lowShape,clutchtime_balcony_railing:railing_mat,TRIANGLE_LIST,7896,597.219421,"[-329.410675,0.0,-1092.86304]","[331.436401,31.1567383,1.83984375]",IndexBuffer.56a4d1154782f2fa.gz,VertexBuffer.db741528ad5ba254.bin;VertexBuffer.a29073778c437818.bin;VertexBuffer.5e4dcd26ea367459.gz
level.SCNE,arena_clutchtime_int_master@arena_clutchtime_int_shared_layout@GameObjects@walls@clutchtime_wall_f:clutchtime_wall_f_low,clutchtime_wall_f_geo_lowShape,clutchtime_wall_f:wall_mat,TRIANGLE_LIST,156,2606.90869,"[-2365.84424,0.0,0.0]","[2365.8418,2189.75781,546.20166]",IndexBuffer.e5e2e87520991bf5.bin,VertexBuffer.eb31b550454dd65f.bin;VertexBuffer.ae3bf291dc9dd994.bin;VertexBuffer.47686d7f55b6879f.bin
level.SCNE,arena_clutchtime_int_master@arena_clutchtime_int_shared_layout@GameObjects@doors@sign_exit_generic_3:sign_exit_generic,sign_exit_generic_geoShape,sign_exit_generic:sign_mat,TRIANGLE_LIST,36,21.8121681,"[-18.8220367,-10.9709549,0.0]","[18.8220367,10.9709549,2.13522816]",IndexBuffer.15ec475e12d9bcea.bin,VertexBuffer.886a506b15594e4d.bin;VertexBuffer.21f37a92582ad325.bin;VertexBuffer.8765e6da39c9bdc6.bin
level.SCNE,arena_clutchtime_int_master@arena_clutchtime_int_shared_layout@GameObjects@scorecube@clutchtime_scorecube_supportpipes:clutchtime_scorecube_supportpipes_low,clutchtime_scorecube_supportpipes_geo_lowShape,clutchtime_scorecube_supportpipes:holder_mat,TRIANGLE_LIST,4116,878.560303,"[-568.222046,-83.6569824,-1132.66772]","[566.260376,1261.20044,1.81462455]",IndexBuffer.52e505113eec57e1.bin,VertexBuffer.6cb7ad5df88540ce.bin;VertexBuffer.d04cd1401c917b8e.bin;VertexBuffer.c029edd008328ff8.gz
level.SCNE,arena_clutchtime_int_master@arena_clutchtime_int_shared_layout@GameObjects@scorecube@clutchtime_scorecube_supportpipes:clutchtime_scorecube_supportpipes_low,,clutchtime_scorecube_supportpipes:pipes_mat,,1296,878.560303,"[-568.222046,-83.6569824,-1132.66772]","[566.260376,1261.20044,1.81462455]",IndexBuffer.52e505113eec57e1.bin,VertexBuffer.6cb7ad5df88540ce.bin;VertexBuffer.d04cd1401c917b8e.bin;VertexBuffer.c029edd008328ff8.gz
level.SCNE,arena_clutchtime_int_master@arena_clutchtime_int_shared_layout@GameObjects@mural@clutchtime_mural_balcony:clutchtime_mural_balcony_low,clutchtime_mural_balcony_geo_lowShape,clutchtime_ceiling_ribs:ceilingribs_mat,TRIANGLE_LIST,1848,2884.85815,"[-2533.69043,-76.9916992,-2164.50537]","[2533.68726,0.0,627.166016]",IndexBuffer.9ff616e956a10373.bin,VertexBuffer.88bd32ce55690bf9.bin;VertexBuffer.92f41be33b77056c.bin;VertexBuffer.ad471761fb50829f.bin
level.SCNE,arena_clutchtime_int_master@arena_clutchtime_int_shared_layout@GameObjects@ceiling_panels@clutchtime_ceilingpanel_d_1:clutchtime_ceilingpanel_d_low,clutchtime_ceilingpanel_d_geo_lowShape,clutchtime_ceilingpanel_c:panelc_mat,TRIANGLE_LIST,2184,2488.3772,"[-2486.16016,0.0,-19.4567871]","[2486.16064,212.037842,214.097412]",IndexBuffer.369277dba54305b3.bin,VertexBuffer.40e1edac7d2a3e63.bin;VertexBuffer.861fe002bf8cf85a.bin;VertexBuffer.0a2dec1a3f3490f8.bin
level.SCNE,arena_clutchtime_int_master@arena_clutchtime_int_shared_layout@GameObjects@ceiling_panelslights@clutchtime_ceilingpanellight_h:clutchtime_ceilingpanellight_h_low,clutchtime_ceilingpanellight_h_geo_lowShape,clutchtime_ceilingpanellight_e:lighte_mat,TRIANGLE_LIST,312,2488.8313,"[-2488.82812,2.27373675e-13,-211.692703]","[2488.82812,2.27373675e-13,217.903442]",IndexBuffer.991b8cf1b72d08b7.bin,VertexBuffer.e073e175eb8c4f6c.bin;VertexBuffer.0bb2e210ac31f5c0.bin;VertexBuffer.7cc31a4dfebf5392.bin
level.SCNE,arena_clutchtime_int_master@arena_clutchtime_int_shared_layout@GameObjects@ceiling_panelslights@clutchtime_ceilingpanellight_f:clutchtime_ceilingpanellight_f_low,clutchtime_ceilingpanellight_f_geo_lowShape,clutchtime_ceilingpanellight_e:lighte_mat,TRIANGLE_LIST,288,2489.01465,"[-2488.82812,2.27373675e-13,-264.933533]","[2488.82812,2.27373675e-13,217.90332]",IndexBuffer.c875d9b318558c7f.bin,VertexBuffer.cd1b2fa673e729b1.bin;VertexBuffer.cb4f085fc9b499f8.bin;VertexBuffer.9d1a42a2a269944c.bin
level.SCNE,arena_clutchtime_int_master@arena_clutchtime_int_shared_layout@GameObjects@mural@clutchtime_mural_floor:clutchtime_mural_floor_low,clutchtime_mural_floor_geo_lowShape,clutchtime_ceiling_ribs:ceilingribs_mat,TRIANGLE_LIST,1680,2582.33447,"[-2533.69043,0.0,-403.31543]","[2533.68726,76.9916382,627.166016]",IndexBuffer.076986349da39262.bin,VertexBuffer.5536fb3407c4c623.bin;VertexBuffer.24c74c1dc375558d.bin;VertexBuffer.613ab8d1d618482e.bin
level.SCNE,arena_clutchtime_int_master@arena_clutchtime_int_shared_layout@GameObjects@doors@door_interiorwindowb_leftdbl:door_interiorwindowb_leftdbl,window_geo_446Shape,door_interiorwindowb_leftdbl:36dc6bdd:door_glass_mat,TRIANGLE_LIST,12,132.258606,"[-10.9864502,5.54833957e-14,-0.433654785]","[6.12280273,241.239746,110.092163]",IndexBuffer.fa5905cb8391c529.gz,VertexBuffer.4a6930cc3709d125.bin;VertexBuffer.31dd1793ad76c88d.bin;VertexBuffer.609c9b22eda5ab08.bin
level.SCNE,arena_clutchtime_int_master@arena_clutchtime_int_shared_layout@GameObjects@doors@door_interiorwindowb_leftdbl:door_interiorwindowb_leftdbl,door_accessories_geo_175Shape,door_interiorwindowb_leftdbl:door_accessories_mat,,120,132.258606,"[-10.9864502,5.54833957e-14,-0.433654785]","[6.12280273,241.239746,110.092163]",IndexBuffer.fa5905cb8391c529.gz,VertexBuffer.4a6930cc3709d125.bin;VertexBuffer.31dd1793ad76c88d.bin;VertexBuffer.609c9b22eda5ab08.bin
level.SCNE,arena_clutchtime_int_master@arena_clutchtime_int_shared_layout@GameObjects@doors@door_interiorwindowb_leftdbl:door_interiorwindowb_leftdbl,door_geo_223Shape,door_interiorwindowb_leftdbl:door_interior_glass,,4116,132.258606,"[-10.9864502,5.54833957e-14,-0.433654785]","[6.12280273,241.239746,110.092163]",IndexBuffer.fa5905cb8391c529.gz,VertexBuffer.4a6930cc3709d125.bin;VertexBuffer.31dd1793ad76c88d.bin;VertexBuffer.609c9b22eda5ab08.bin
level.SCNE,arena_clutchtime_int_master@GameObjects@CourtFloor:floor_clutchtime_court_low,NBA_full_court_floor_low1Shape,floor_clutchtime_court:area_1_mat,TRIANGLE_LIST,2010,2126.62183,"[-975.360352,0.0,-1889.76001]","[975.360352,4.76837158e-07,1889.76001]",IndexBuffer.3ebaba4dd3080a92.bin,VertexBuffer.0f3b6fcaf86b59a6.gz
level.SCNE,arena_clutchtime_int_master@GameObjects@CourtFloor:floor_clutchtime_court_low,line_tab_lowShape,floor_clutchtime_court:floor_line_mat,,24,2126.62183,"[-975.360352,0.0,-1889.76001]","[975.360352,4.76837158e-07,1889.76001]",IndexBuffer.3ebaba4dd3080a92.bin,VertexBuffer.0f3b6fcaf86b59a6.gz
level.SCNE,arena_clutchtime_int_master@GameObjects@CourtFloor:floor_clutchtime_court_low,line_tab_lane_inner_lowShape,floor_clutchtime_court:floor_line_mat1,,144,2126.62183,"[-975.360352,0.0,-1889.76001]","[975.360352,4.76837158e-07,1889.76001]",IndexBuffer.3ebaba4dd3080a92.bin,VertexBuffer.0f3b6fcaf86b59a6.gz
level.SCNE,arena_clutchtime_int_master@GameObjects@CourtFloor:floor_clutchtime_court_low,line_lane_inner_lowShape,,,24,2126.62183,"[-975.360352,0.0,-1889.76001]","[975.360352,4.76837158e-07,1889.76001]",IndexBuffer.3ebaba4dd3080a92.bin,VertexBuffer.0f3b6fcaf86b59a6.gz
level.SCNE,arena_clutchtime_int_master@GameObjects@CourtFloor:floor_clutchtime_court_low,line_tab_lane_lowShape,,,96,2126.62183,"[-975.360352,0.0,-1889.76001]","[975.360352,4.76837158e-07,1889.76001]",IndexBuffer.3ebaba4dd3080a92.bin,VertexBuffer.0f3b6fcaf86b59a6.gz
level.SCNE,arena_clutchtime_int_master@GameObjects@CourtFloor:floor_clutchtime_court_low,line_lane_free_throw_lowShape,,,36,2126.62183,"[-975.360352,0.0,-1889.76001]","[975.360352,4.76837158e-07,1889.76001]",IndexBuffer.3ebaba4dd3080a92.bin,VertexBuffer.0f3b6fcaf86b59a6.gz
level.SCNE,arena_clutchtime_int_master@GameObjects@CourtFloor:floor_clutchtime_court_low,line_midcourt_side_lowShape,floor_clutchtime_court:floor_line_mat,,12,2126.62183,"[-975.360352,0.0,-1889.76001]","[975.360352,4.76837158e-07,1889.76001]",IndexBuffer.3ebaba4dd3080a92.bin,VertexBuffer.0f3b6fcaf86b59a6.gz
level.SCNE,arena_clutchtime_int_master@GameObjects@CourtFloor:floor_clutchtime_court_low,NBA_line_three_point_lowShape,floor_clutchtime_court:floor_line_mat1,,1296,2126.62183,"[-975.360352,0.0,-1889.76001]","[975.360352,4.76837158e-07,1889.76001]",IndexBuffer.3ebaba4dd3080a92.bin,VertexBuffer.0f3b6fcaf86b59a6.gz
level.SCNE,arena_clutchtime_int_master@GameObjects@CourtFloor:floor_clutchtime_court_low,line_four_point_lowShape,floor_clutchtime_court:floor_line_mat,,1236,2126.62183,"[-975.360352,0.0,-1889.76001]","[975.360352,4.76837158e-07,1889.76001]",IndexBuffer.3ebaba4dd3080a92.bin,VertexBuffer.0f3b6fcaf86b59a6.gz
level.SCNE,arena_clutchtime_int_master@GameObjects@CourtFloor:floor_clutchtime_court_low,line_free_throw_circle_lowShape,floor_clutchtime_court:floor_line_mat1,,2808,2126.62183,"[-975.360352,0.0,-1889.76001]","[975.360352,4.76837158e-07,1889.76001]",IndexBuffer.3ebaba4dd3080a92.bin,VertexBuffer.0f3b6fcaf86b59a6.gz
level.SCNE,arena_clutchtime_int_master@GameObjects@CourtFloor:floor_clutchtime_court_low,line_charge_circle_lowShape,,,1416,2126.62183,"[-975.360352,0.0,-1889.76001]","[975.360352,4.76837158e-07,1889.76001]",IndexBuffer.3ebaba4dd3080a92.bin,VertexBuffer.0f3b6fcaf86b59a6.gz
level.SCNE,arena_clutchtime_int_master@GameObjects@CourtFloor:floor_clutchtime_court_low,line_side_base_lowShape,floor_clutchtime_court:floor_line_mat,,24,2126.62183,"[-975.360352,0.0,-1889.76001]","[975.360352,4.76837158e-07,1889.76001]",IndexBuffer.3ebaba4dd3080a92.bin,VertexBuffer.0f3b6fcaf86b59a6.gz
