scene_file,object,type,target,transform,matrix
baskets.SCNE,arena_clutchtime_int_master@GameObjects@MAIN@basket0:basket,OBJECT,arena_clutchtime_int_master@GameObjects@MAIN@basket0:basket,arena_clutchtime_int_master@GameObjects@MAIN@basket0:|basket_stanchioni2_nba_low|basket|basketpivot,"[1.0,0.0,0.0,0.0,0.0,1.0,0.0,0.0,0.0,0.0,1.0,0.0,0.0,0.0,-1310.64001,1.0]"
baskets.SCNE,arena_clutchtime_int_master@GameObjects@MAIN@basket0:glass,OBJECT,arena_clutchtime_int_master@GameObjects@MAIN@basket0:glass,arena_clutchtime_int_master@GameObjects@MAIN@basket0:|basket_stanchioni2_nba_low|glass|basketpivot,"[1.0,0.0,0.0,0.0,0.0,1.0,0.0,0.0,0.0,0.0,1.0,0.0,0.0,0.0,-1310.64001,1.0]"
baskets.SCNE,arena_clutchtime_int_master@GameObjects@MAIN@basket0:rimr,OBJECT,arena_clutchtime_int_master@GameObjects@MAIN@basket0:rimr,arena_clutchtime_int_master@GameObjects@MAIN@basket0:|basket_stanchioni2_nba_low|rimr|rimpivot,"[1.0,0.0,0.0,0.0,0.0,1.0,0.0,0.0,0.0,0.0,1.0,0.0,0.0,0.0,-1310.64001,1.0]"
baskets.SCNE,arena_clutchtime_int_master@GameObjects@MAIN@basket1:basket,OBJECT,arena_clutchtime_int_master@GameObjects@MAIN@basket0:basket,arena_clutchtime_int_master@GameObjects@MAIN@basket1:|basket_stanchioni2_nba_low|basket|basketpivot,"[-1.0,0.0,8.74227766e-08,0.0,0.0,1.0,0.0,0.0,-8.74227766e-08,0.0,-1.0,0.0,0.0,0.0,1310.64001,1.0]"
baskets.SCNE,arena_clutchtime_int_master@GameObjects@MAIN@basket1:glass,OBJECT,arena_clutchtime_int_master@GameObjects@MAIN@basket0:glass,arena_clutchtime_int_master@GameObjects@MAIN@basket1:|basket_stanchioni2_nba_low|glass|basketpivot,"[-1.0,0.0,8.74227766e-08,0.0,0.0,1.0,0.0,0.0,-8.74227766e-08,0.0,-1.0,0.0,0.0,0.0,1310.64001,1.0]"
baskets.SCNE,arena_clutchtime_int_master@GameObjects@MAIN@basket1:rimr,OBJECT,arena_clutchtime_int_master@GameObjects@MAIN@basket0:rimr,arena_clutchtime_int_master@GameObjects@MAIN@basket1:|basket_stanchioni2_nba_low|rimr|rimpivot,"[-1.0,0.0,8.74227766e-08,0.0,0.0,1.0,0.0,0.0,-8.74227766e-08,0.0,-1.0,0.0,0.0,0.0,1310.64001,1.0]"
baskets.SCNE,MAIN,MARKER,,,[]
crowd.SCNE,crowd_cards,OBJECT,crowd_cards,Root,[]
level.SCNE,arena_clutchtime_int_master@arena_clutchtime_int_shared_layout@GameObjects@balcony_chairs@chair_arenacrowd_seatbackcushion_85:chair_arenacrowd_seatbackcushion_low,OBJECT,arena_clutchtime_int_master@arena_clutchtime_int_shared_layout@GameObjects@balcony_chairs@chair_arenacrowd_seatbackcushion_85:chair_arenacrowd_seatbackcushion_low,,"[-1.0,-8.74227766e-08,0.0,0.0,-8.74227766e-08,1.0,-8.74227766e-08,0.0,7.64274186e-15,-8.74227766e-08,-1.0,0.0,-107.239067,1375.11304,2650.51196,1.0]"
level.SCNE,arena_clutchtime_int_master@arena_clutchtime_int_shared_layout@GameObjects@balcony@clutchtime_balcony_railing_12:clutchtime_balcony_railing_low,OBJECT,arena_clutchtime_int_master@arena_clutchtime_int_shared_layout@GameObjects@balcony@clutchtime_balcony_railing_12:clutchtime_balcony_railing_low,,"[-1.0,-1.50995803e-07,0.0,0.0,-1.50995803e-07,1.0,-1.50995803e-07,0.0,2.27997332e-14,-1.50995803e-07,-1.0,0.0,1.32609177,789.231567,2321.06079,1.0]"
level.SCNE,arena_clutchtime_int_master@arena_clutchtime_int_shared_layout@GameObjects@balcony_lights@light_ceilinga_round_85:light_ceilinga_round_low,OBJECT,arena_clutchtime_int_master@arena_clutchtime_int_shared_layout@GameObjects@balcony_lights@light_ceilinga_round_85:light_ceilinga_round_low,,"[7.54979013e-08,-1.0,0.0,0.0,1.0,7.54979013e-08,0.0,0.0,0.0,0.0,1.0,0.0,-929.172546,643.825256,-2396.93481,1.0]"
level.SCNE,arena_clutchtime_int_master@arena_clutchtime_int_shared_layout@GameObjects@balcony_chairs@chair_arenacrowd_seatbackcushion_107:chair_arenacrowd_seatbackcushion_low,OBJECT,arena_clutchtime_int_master@arena_clutchtime_int_shared_layout@GameObjects@balcony_chairs@chair_arenacrowd_seatbackcushion_85:chair_arenacrowd_seatbackcushion_low,,"[-1.0,-1.50995803e-07,0.0,0.0,-1.50995803e-07,1.0,-1.50995803e-07,0.0,2.27997332e-14,-1.50995803e-07,-1.0,0.0,-156.758331,731.35791,2512.00195,1.0]"
level.SCNE,arena_clutchtime_int_master@arena_clutchtime_int_shared_layout@GameObjects@mural_lights@lighting_suspendedtrack_metalb_19:lighting_suspendedtrack_metalb_low,OBJECT,arena_clutchtime_int_master@arena_clutchtime_int_shared_layout@GameObjects@mural_lights@lighting_suspendedtrack_metalb_19:lighting_suspendedtrack_metalb_low,,"[3.13916473e-07,0.0,1.0,0.0,-1.74512877e-07,1.0,5.47824657e-14,0.0,-1.0,-1.74512877e-07,3.13916473e-07,0.0,1744.26001,1490.65344,-1921.75659,1.0]"
level.SCNE,arena_clutchtime_int_master@arena_clutchtime_int_shared_layout@GameObjects@balcony_lights@light_ceilinga_round_58:light_ceilinga_round_low,OBJECT,arena_clutchtime_int_master@arena_clutchtime_int_shared_layout@GameObjects@balcony_lights@light_ceilinga_round_85:light_ceilinga_round_low,,"[7.54979013e-08,-1.0,0.0,0.0,1.0,7.54979013e-08,0.0,0.0,0.0,0.0,1.0,0.0,929.281311,643.825256,-2396.93481,1.0]"
level.SCNE,arena_clutchtime_int_master@arena_clutchtime_int_shared_layout@GameObjects@stands@clutchtime_stair_3step_0:clutchtime_stair_3step_low,OBJECT,arena_clutchtime_int_master@arena_clutchtime_int_shared_layout@GameObjects@stands@clutchtime_stair_3step_0:clutchtime_stair_3step_low,,"[7.54979013e-08,0.0,-1.0,0.0,0.0,1.0,0.0,0.0,1.0,0.0,7.54979013e-08,0.0,-2349.08667,143.349854,57.4980087,1.0]"
level.SCNE,arena_clutchtime_int_master@arena_clutchtime_int_shared_layout@GameObjects@balcony_lights@light_ceilinga_round_17:light_ceilinga_round_low,OBJECT,arena_clutchtime_int_master@arena_clutchtime_int_shared_layout@GameObjects@balcony_lights@light_ceilinga_round_85:light_ceilinga_round_low,,"[7.54979013e-08,-1.0,0.0,0.0,1.0,7.54979013e-08,0.0,0.0,0.0,0.0,1.0,0.0,-928.75293,1259.34619,2396.93481,1.0]"
level.SCNE,arena_clutchtime_int_master@arena_clutchtime_int_shared_layout@GameObjects@ceiling@clutchtime_ceiling_ribs_0:clutchtime_ceiling_ribs_low,OBJECT,arena_clutchtime_int_master@arena_clutchtime_int_shared_layout@GameObjects@ceiling@clutchtime_ceiling_ribs_0:clutchtime_ceiling_ribs_low,,"[1.94707184e-07,0.0,1.0,0.0,0.0,1.0,0.0,0.0,-1.0,0.0,1.94707184e-07,0.0,1454.63721,1936.47546,25.6184063,1.0]"
level.SCNE,arena_clutchtime_int_master@arena_clutchtime_int_shared_layout@GameObjects@balcony@clutchtime_balcony_b_8:clutchtime_balcony_b_low,OBJECT,arena_clutchtime_int_master@arena_clutchtime_int_shared_layout@GameObjects@balcony@clutchtime_balcony_b_8:clutchtime_balcony_b_low,,"[-1.0,-1.50995803e-07,0.0,0.0,-1.50995803e-07,1.0,-1.50995803e-07,0.0,2.27997332e-14,-1.50995803e-07,-1.0,0.0,-0.313018799,644.318787,2346.146,1.0]"
level.SCNE,arena_clutchtime_int_master@arena_clutchtime_int_shared_layout@GameObjects@balcony@clutchtime_balcony_c_1:clutchtime_balcony_c_low,OBJECT,arena_clutchtime_int_master@arena_clutchtime_int_shared_layout@GameObjects@balcony@clutchtime_balcony_c_1:clutchtime_balcony_c_low,,"[1.0,0.0,0.0,0.0,0.0,1.0,0.0,0.0,0.0,0.0,1.0,0.0,799.325806,38.9648972,-2394.875,1.0]"
level.SCNE,arena_clutchtime_int_master@arena_clutchtime_int_shared_layout@GameObjects@Prototype_arena_curtains_prototype@Prototype_arena_curtains_prototype_0@curtain100x20_arena_straight500c_8:curtain100x20_arena_straight500c,OBJECT,arena_clutchtime_int_master@arena_clutchtime_int_shared_layout@GameObjects@Prototype_arena_curtains_prototype@Prototype_arena_curtains_prototype_0@curtain100x20_arena_straight500c_8:curtain100x20_arena_straight500c,,"[1.0,0.0,0.0,0.0,0.0,1.0,0.0,0.0,0.0,0.0,1.0,0.0,650.779907,150.346558,-2969.03101,1.0]"
level.SCNE,arena_clutchtime_int_master@arena_clutchtime_int_shared_layout@GameObjects@walls@clutchtime_wall_c:clutchtime_wall_c_low,OBJECT,arena_clutchtime_int_master@arena_clutchtime_int_shared_layout@GameObjects@walls@clutchtime_wall_c:clutchtime_wall_c_low,,"[7.54979013e-08,0.0,-1.0,0.0,0.0,1.0,0.0,0.0,1.0,0.0,7.54979013e-08,0.0,-1502.99402,0.0,-2489.29004,1.0]"
level.SCNE,arena_clutchtime_int_master@arena_clutchtime_int_shared_layout@GameObjects@stands@clutchtime_stair_3step_5:clutchtime_stair_3step_low,OBJECT,arena_clutchtime_int_master@arena_clutchtime_int_shared_layout@GameObjects@stands@clutchtime_stair_3step_0:clutchtime_stair_3step_low,,"[7.54979013e-08,0.0,-1.0,0.0,0.0,1.0,0.0,0.0,1.0,0.0,7.54979013e-08,0.0,-3699.09009,743.342163,57.4980125,1.0]"
level.SCNE,arena_clutchtime_int_master@arena_clutchtime_int_shared_layout@GameObjects@ceiling_panels@clutchtime_ceilingpanel_c_5:clutchtime_ceilingpanel_c_low,OBJECT,arena_clutchtime_int_master@arena_clutchtime_int_shared_layout@GameObjects@ceiling_panels@clutchtime_ceilingpanel_c_5:clutchtime_ceilingpanel_c_low,,"[7.54979013e-08,0.0,-1.0,0.0,0.0,1.0,0.0,0.0,1.0,0.0,7.54979013e-08,0.0,-4347.04834,1303.35718,0.000128744,1.0]"
level.SCNE,arena_clutchtime_int_master@arena_clutchtime_int_shared_layout@GameObjects@Prototype_arena_curtains_prototype@Prototype_arena@curtain100x20_arena_straight500c_161:curtain100x20_arena_straight500c,OBJECT,arena_clutchtime_int_master@arena_clutchtime_int_shared_layout@GameObjects@Prototype_arena_curtains_prototype@Prototype_arena_curtains_prototype_0@curtain100x20_arena_straight500c_8:curtain100x20_arena_straight500c,,"[-1.0,-8.74227766e-08,-1.50995803e-07,0.0,-8.74227624e-08,1.0,-8.74227766e-08,0.0,1.50995817e-07,-8.74227624e-08,-1.0,0.0,-1050.20203,1375.11304,2869.0,1.0]"
level.SCNE,arena_clutchtime_int_master@arena_clutchtime_int_shared_layout@GameObjects@balcony_lights@light_ceilinga_round_50:light_ceilinga_round_low,OBJECT,arena_clutchtime_int_master@arena_clutchtime_int_shared_layout@GameObjects@balcony_lights@light_ceilinga_round_85:light_ceilinga_round_low,,"[7.54979013e-08,-1.0,0.0,0.0,1.0,7.54979013e-08,0.0,0.0,0.0,0.0,1.0,0.0,799.952515,1868.73694,-2370.64673,1.0]"
level.SCNE,arena_clutchtime_int_master@arena_clutchtime_int_shared_layout@GameObjects@balcony@clutchtime_balcony_b_6:clutchtime_balcony_b_low,OBJECT,arena_clutchtime_int_master@arena_clutchtime_int_shared_layout@GameObjects@balcony@clutchtime_balcony_b_8:clutchtime_balcony_b_low,,"[1.0,0.0,0.0,0.0,0.0,1.0,0.0,0.0,0.0,0.0,1.0,0.0,-799.952454,1259.86694,-2346.14648,1.0]"
level.SCNE,arena_clutchtime_int_master@arena_clutchtime_int_shared_layout@GameObjects@balcony_chairs@chair_arenacrowd_seatbackcushion_74:chair_arenacrowd_seatbackcushion_low,OBJECT,arena_clutchtime_int_master@arena_clutchtime_int_shared_layout@GameObjects@balcony_chairs@chair_arenacrowd_seatbackcushion_85:chair_arenacrowd_seatbackcushion_low,,"[1.0,0.0,0.0,0.0,0.0,1.0,0.0,0.0,0.0,0.0,1.0,0.0,-643.419128,1346.90601,-2512.00171,1.0]"
level.SCNE,arena_clutchtime_int_master@arena_clutchtime_int_shared_layout@GameObjects@Prototype_arena_curtains_prototype@Prototype_arena@curtain100x20_arena_straight500c_179:curtain100x20_arena_straight500c,OBJECT,arena_clutchtime_int_master@arena_clutchtime_int_shared_layout@GameObjects@Prototype_arena_curtains_prototype@Prototype_arena_curtains_prototype_0@curtain100x20_arena_straight500c_8:curtain100x20_arena_straight500c,,"[-1.0,-8.74227766e-08,-1.50995803e-07,0.0,-8.74227624e-08,1.0,-8.74227766e-08,0.0,1.50995817e-07,-8.74227624e-08,-1.0,0.0,-38.6512756,759.56488,2869.0,1.0]"
level.SCNE,arena_clutchtime_int_master@arena_clutchtime_int_shared_layout@GameObjects@ceiling_panels@clutchtime_ceilingpanel_e:clutchtime_ceilingpanel_e_low,OBJECT,arena_clutchtime_int_master@arena_clutchtime_int_shared_layout@GameObjects@ceiling_panels@clutchtime_ceilingpanel_e:clutchtime_ceilingpanel_e_low,,"[7.54979013e-08,0.0,1.0,0.0,0.0,1.0,0.0,0.0,-1.0,0.0,7.54979013e-08,0.0,2673.89453,1322.90686,0.003852036,1.0]"
level.SCNE,arena_clutchtime_int_master@arena_clutchtime_int_shared_layout@GameObjects@Prototype_arena_curtains_prototype@Prototype_arena@curtain100x20_arena_straight500c_163:curtain100x20_arena_straight500c,OBJECT,arena_clutchtime_int_master@arena_clutchtime_int_shared_layout@GameObjects@Prototype_arena_curtains_prototype@Prototype_arena_curtains_prototype_0@curtain100x20_arena_straight500c_8:curtain100x20_arena_straight500c,,"[-1.0,-8.74227766e-08,-1.50995803e-07,0.0,-8.74227624e-08,1.0,-8.74227766e-08,0.0,1.50995817e-07,-8.74227624e-08,-1.0,0.0,-852.692078,1375.11304,2869.0,1.0]"
level.SCNE,arena_clutchtime_int_master@arena_clutchtime_int_shared_layout@GameObjects@balcony_chairs@chair_arenacrowd_seatbackcushion_131:chair_arenacrowd_seatbackcushion_low,OBJECT,arena_clutchtime_int_master@arena_clutchtime_int_shared_layout@GameObjects@balcony_chairs@chair_arenacrowd_seatbackcushion_85:chair_arenacrowd_seatbackcushion_low,,"[-1.0,-1.50995803e-07,0.0,0.0,-1.50995803e-07,1.0,-1.50995803e-07,0.0,2.27997332e-14,-1.50995803e-07,-1.0,0.0,-801.322388,759.564941,2650.51196,1.0]"
level.SCNE,arena_clutchtime_int_master@arena_clutchtime_int_shared_layout@GameObjects@mural_lights@lighting_suspendedtrack_metalb_1:lighting_suspendedtrack_metalb_low,OBJECT,arena_clutchtime_int_master@arena_clutchtime_int_shared_layout@GameObjects@mural_lights@lighting_suspendedtrack_metalb_19:lighting_suspendedtrack_metalb_low,,"[3.13916473e-07,0.0,1.0,0.0,-1.74512877e-07,1.0,5.47824657e-14,0.0,-1.0,-1.74512877e-07,3.13916473e-07,0.0,2021.32471,1490.65344,636.640869,1.0]"
level.SCNE,arena_clutchtime_int_master@arena_clutchtime_int_shared_layout@GameObjects@balcony_lights@light_ceilinga_round_28:light_ceilinga_round_low,OBJECT,arena_clutchtime_int_master@arena_clutchtime_int_shared_layout@GameObjects@balcony_lights@light_ceilinga_round_85:light_ceilinga_round_low,,"[7.54979013e-08,-1.0,0.0,0.0,1.0,7.54979013e-08,0.0,0.0,0.0,0.0,1.0,0.0,-1036.3186,643.825256,2470.06836,1.0]"
level.SCNE,arena_clutchtime_int_master@arena_clutchtime_int_shared_layout@GameObjects@ceiling@clutchtime_ceiling_b_0:clutchtime_ceiling_b_low,OBJECT,arena_clutchtime_int_master@arena_clutchtime_int_shared_layout@GameObjects@ceiling@clutchtime_ceiling_b_0:clutchtime_ceiling_b_low,,"[1.94707184e-07,0.0,1.0,0.0,0.0,1.0,0.0,0.0,-1.0,0.0,1.94707184e-07,0.0,1640.65869,2036.47974,-2461.57446,1.0]"
level.SCNE,arena_clutchtime_int_master@arena_clutchtime_int_shared_layout@GameObjects@walls@clutchtime_wall_corner_2:clutchtime_wall_corner_low,OBJECT,arena_clutchtime_int_master@arena_clutchtime_int_shared_layout@GameObjects@walls@clutchtime_wall_corner_2:clutchtime_wall_corner_low,,"[1.94707184e-07,0.0,-1.0,0.0,0.0,1.0,0.0,0.0,1.0,0.0,1.94707184e-07,0.0,-1213.91064,0.0,2489.29004,1.0]"
level.SCNE,arena_clutchtime_int_master@arena_clutchtime_int_shared_layout@GameObjects@balcony_chairs@chair_arenacrowd_seatbackcushion_144:chair_arenacrowd_seatbackcushion_low,OBJECT,arena_clutchtime_int_master@arena_clutchtime_int_shared_layout@GameObjects@balcony_chairs@chair_arenacrowd_seatbackcushion_85:chair_arenacrowd_seatbackcushion_low,,"[-1.0,-1.50995803e-07,0.0,0.0,-1.50995803e-07,1.0,-1.50995803e-07,0.0,2.27997332e-14,-1.50995803e-07,-1.0,0.0,592.628357,150.346619,2650.51196,1.0]"
level.SCNE,arena_clutchtime_int_master@arena_clutchtime_int_shared_layout@GameObjects@Prototype_arena_curtains_prototype@Prototype_arena_curtains_prototype_0@curtain100x20_arena_straight500c_136:curtain100x20_arena_straight500c,OBJECT,arena_clutchtime_int_master@arena_clutchtime_int_shared_layout@GameObjects@Prototype_arena_curtains_prototype@Prototype_arena_curtains_prototype_0@curtain100x20_arena_straight500c_8:curtain100x20_arena_straight500c,,"[1.0,0.0,0.0,0.0,0.0,1.0,0.0,0.0,0.0,0.0,1.0,0.0,750.118103,150.346558,-2869.0,1.0]"
level.SCNE,arena_clutchtime_int_master@arena_clutchtime_int_shared_layout@GameObjects@walls@clutchtime_wall_corner_0:clutchtime_wall_corner_low,OBJECT,arena_clutchtime_int_master@arena_clutchtime_int_shared_layout@GameObjects@walls@clutchtime_wall_corner_2:clutchtime_wall_corner_low,,"[7.54979013e-08,0.0,1.0,0.0,0.0,1.0,0.0,0.0,-1.0,0.0,7.54979013e-08,0.0,1213.28418,0.0,-2489.29004,1.0]"
level.SCNE,arena_clutchtime_int_master@arena_clutchtime_int_shared_layout@GameObjects@balcony_lights@light_ceilinga_round_8:light_ceilinga_round_low,OBJECT,arena_clutchtime_int_master@arena_clutchtime_int_shared_layout@GameObjects@balcony_lights@light_ceilinga_round_85:light_ceilinga_round_low,,"[7.54979013e-08,-1.0,0.0,0.0,1.0,7.54979013e-08,0.0,0.0,0.0,0.0,1.0,0.0,129.642151,1868.73694,2396.93481,1.0]"
level.SCNE,arena_clutchtime_int_master@arena_clutchtime_int_shared_layout@GameObjects@balcony_chairs@chair_arenacrowd_seatbackcushion_121:chair_arenacrowd_seatbackcushion_low,OBJECT,arena_clutchtime_int_master@arena_clutchtime_int_shared_layout@GameObjects@balcony_chairs@chair_arenacrowd_seatbackcushion_85:chair_arenacrowd_seatbackcushion_low,,"[-1.0,-1.50995803e-07,0.0,0.0,-1.50995803e-07,1.0,-1.50995803e-07,0.0,2.27997332e-14,-1.50995803e-07,-1.0,0.0,692.731995,759.564941,2650.51196,1.0]"
level.SCNE,arena_clutchtime_int_master@arena_clutchtime_int_shared_layout@GameObjects@ceiling_panels@clutchtime_ceilingpanel_f:clutchtime_ceilingpanel_f_low,OBJECT,arena_clutchtime_int_master@arena_clutchtime_int_shared_layout@GameObjects@ceiling_panels@clutchtime_ceilingpanel_f:clutchtime_ceilingpanel_f_low,,"[7.54979013e-08,0.0,1.0,0.0,0.0,1.0,0.0,0.0,-1.0,0.0,7.54979013e-08,0.0,2837.3042,1322.90686,0.003852036,1.0]"
level.SCNE,arena_clutchtime_int_master@arena_clutchtime_int_shared_layout@GameObjects@balcony_chairs@chair_arenacrowd_seatbackcushion_153:chair_arenacrowd_seatbackcushion_low,OBJECT,arena_clutchtime_int_master@arena_clutchtime_int_shared_layout@GameObjects@balcony_chairs@chair_arenacrowd_seatbackcushion_85:chair_arenacrowd_seatbackcushion_low,,"[-1.0,-1.50995803e-07,0.0,0.0,-1.50995803e-07,1.0,-1.50995803e-07,0.0,2.27997332e-14,-1.50995803e-07,-1.0,0.0,-1006.50256,150.346619,2650.51196,1.0]"
level.SCNE,arena_clutchtime_int_master@arena_clutchtime_int_shared_layout@GameObjects@balcony@clutchtime_balcony_column_5:clutchtime_balcony_column_low,OBJECT,arena_clutchtime_int_master@arena_clutchtime_int_shared_layout@GameObjects@balcony@clutchtime_balcony_column_5:clutchtime_balcony_column_low,,"[-1.0,-1.50995803e-07,0.0,0.0,-1.50995803e-07,1.0,-1.50995803e-07,0.0,2.27997332e-14,-1.50995803e-07,-1.0,0.0,-385.99408,0.0,2778.37354,1.0]"
level.SCNE,arena_clutchtime_int_master@arena_clutchtime_int_shared_layout@GameObjects@balcony_chairs@chair_arenacrowd_seatbackcushion_91:chair_arenacrowd_seatbackcushion_low,OBJECT,arena_clutchtime_int_master@arena_clutchtime_int_shared_layout@GameObjects@balcony_chairs@chair_arenacrowd_seatbackcushion_85:chair_arenacrowd_seatbackcushion_low,,"[-1.0,-8.74227766e-08,0.0,0.0,-8.74227766e-08,1.0,-8.74227766e-08,0.0,7.64274186e-15,-8.74227766e-08,-1.0,0.0,747.182007,1346.90601,2512.00195,1.0]"
level.SCNE,arena_clutchtime_int_master@arena_clutchtime_int_shared_layout@GameObjects@ceiling_panels@clutchtime_ceilingpanel_f_1:clutchtime_ceilingpanel_f_low,OBJECT,arena_clutchtime_int_master@arena_clutchtime_int_shared_layout@GameObjects@ceiling_panels@clutchtime_ceilingpanel_f:clutchtime_ceilingpanel_f_low,,"[7.54979013e-08,0.0,1.0,0.0,0.0,1.0,0.0,0.0,-1.0,0.0,7.54979013e-08,0.0,1248.78809,2396.53125,0.003852036,1.0]"
level.SCNE,arena_clutchtime_int_master@arena_clutchtime_int_shared_layout@GameObjects@balcony@clutchtime_balcony_b_0:clutchtime_balcony_b_low,OBJECT,arena_clutchtime_int_master@arena_clutchtime_int_shared_layout@GameObjects@balcony@clutchtime_balcony_b_8:clutchtime_balcony_b_low,,"[1.0,0.0,0.0,0.0,0.0,1.0,0.0,0.0,0.0,0.0,1.0,0.0,-0.313323975,1259.86694,-2346.14648,1.0]"
level.SCNE,arena_clutchtime_int_master@arena_clutchtime_int_shared_layout@GameObjects@balcony_chairs@chair_arenacrowd_seatbackcushion_81:chair_arenacrowd_seatbackcushion_low,OBJECT,arena_clutchtime_int_master@arena_clutchtime_int_shared_layout@GameObjects@balcony_chairs@chair_arenacrowd_seatbackcushion_85:chair_arenacrowd_seatbackcushion_low,,"[-1.0,-8.74227766e-08,0.0,0.0,-8.74227766e-08,1.0,-8.74227766e-08,0.0,7.64274186e-15,-8.74227766e-08,-1.0,0.0,-206.856995,1375.11304,2650.51196,1.0]"
level.SCNE,arena_clutchtime_int_master@arena_clutchtime_int_shared_layout@GameObjects@ceiling_panels@clutchtime_ceilingpanel_d_1:clutchtime_ceilingpanel_d_low,OBJECT,arena_clutchtime_int_master@arena_clutchtime_int_shared_layout@GameObjects@ceiling_panels@clutchtime_ceilingpanel_d_1:clutchtime_ceilingpanel_d_low,,"[7.54979013e-08,0.0,1.0,0.0,0.0,1.0,0.0,0.0,-1.0,0.0,7.54979013e-08,0.0,945.313965,2396.53125,0.003852036,1.0]"
level.SCNE,arena_clutchtime_int_master@arena_clutchtime_int_shared_layout@GameObjects@ceiling_panels@clutchtime_ceilingpanel_b_3:clutchtime_ceilingpanel_b_low,OBJECT,arena_clutchtime_int_master@arena_clutchtime_int_shared_layout@GameObjects@ceiling_panels@clutchtime_ceilingpanel_b_3:clutchtime_ceilingpanel_b_low,,"[7.54979013e-08,0.0,-1.0,0.0,0.0,1.0,0.0,0.0,1.0,0.0,7.54979013e-08,0.0,-2305.96021,1303.35718,0.000128744,1.0]"
level.SCNE,arena_clutchtime_int_master@arena_clutchtime_int_shared_layout@GameObjects@Prototype_arena_curtains_prototype@Prototype_arena@curtain100x20_arena_straight500c_181:curtain100x20_arena_straight500c,OBJECT,arena_clutchtime_int_master@arena_clutchtime_int_shared_layout@GameObjects@Prototype_arena_curtains_prototype@Prototype_arena_curtains_prototype_0@curtain100x20_arena_straight500c_8:curtain100x20_arena_straight500c,,"[-1.0,-8.74227766e-08,-1.50995803e-07,0.0,-8.74227624e-08,1.0,-8.74227766e-08,0.0,1.50995817e-07,-8.74227624e-08,-1.0,0.0,-236.161285,1375.11304,2869.0,1.0]"
level.SCNE,arena_clutchtime_int_master@arena_clutchtime_int_shared_layout@GameObjects@ceiling_panels@clutchtime_ceilingpanel_d_3:clutchtime_ceilingpanel_d_low,OBJECT,arena_clutchtime_int_master@arena_clutchtime_int_shared_layout@GameObjects@ceiling_panels@clutchtime_ceilingpanel_d_1:clutchtime_ceilingpanel_d_low,,"[7.54979013e-08,0.0,-1.0,0.0,0.0,1.0,0.0,0.0,1.0,0.0,7.54979013e-08,0.0,-2533.85376,1303.35718,0.000128744,1.0]"
level.SCNE,arena_clutchtime_int_master@arena_clutchtime_int_shared_layout@GameObjects@balcony@clutchtime_balcony_a:clutchtime_balcony_a_low,OBJECT,arena_clutchtime_int_master@arena_clutchtime_int_shared_layout@GameObjects@balcony@clutchtime_balcony_a:clutchtime_balcony_a_low,,"[1.0,0.0,0.0,0.0,0.0,1.0,0.0,0.0,0.0,0.0,1.0,0.0,19.155304,1869.26855,-2361.57861,1.0]"
level.SCNE,arena_clutchtime_int_master@arena_clutchtime_int_shared_layout@GameObjects@Prototype_arena_curtains_prototype@Prototype_arena_curtains_prototype_0@curtain100x20_arena_straight500c_148:curtain100x20_arena_straight500c,OBJECT,arena_clutchtime_int_master@arena_clutchtime_int_shared_layout@GameObjects@Prototype_arena_curtains_prototype@Prototype_arena_curtains_prototype_0@curtain100x20_arena_straight500c_8:curtain100x20_arena_straight500c,,"[1.0,0.0,0.0,0.0,0.0,1.0,0.0,0.0,0.0,0.0,1.0,0.0,-854.540283,759.56488,-2869.0,1.0]"
level.SCNE,arena_clutchtime_int_master@arena_clutchtime_int_shared_layout@GameObjects@Prototype_arena_curtains_prototype@Prototype_arena_curtains_prototype_0@curtain100x20_arena_straight500c_137:curtain100x20_arena_straight500c,OBJECT,arena_clutchtime_int_master@arena_clutchtime_int_shared_layout@GameObjects@Prototype_arena_curtains_prototype@Prototype_arena_curtains_prototype_0@curtain100x20_arena_straight500c_8:curtain100x20_arena_straight500c,,"[1.0,0.0,0.0,0.0,0.0,1.0,0.0,0.0,0.0,0.0,1.0,0.0,650.779907,759.56488,-2869.0,1.0]"
level.SCNE,arena_clutchtime_int_master@arena_clutchtime_int_shared_layout@GameObjects@Prototype_arena_curtains_prototype@Prototype_arena_curtains_prototype_0@curtain100x20_arena_straight500c_15:curtain100x20_arena_straight500c,OBJECT,arena_clutchtime_int_master@arena_clutchtime_int_shared_layout@GameObjects@Prototype_arena_curtains_prototype@Prototype_arena_curtains_prototype_0@curtain100x20_arena_straight500c_8:curtain100x20_arena_straight500c,,"[1.0,0.0,0.0,0.0,0.0,1.0,0.0,0.0,0.0,0.0,1.0,0.0,-953.878479,150.346558,-2969.03101,1.0]"
level.SCNE,arena_clutchtime_int_master@arena_clutchtime_int_shared_layout@GameObjects@balcony_chairs@chair_arenacrowd_seatbackcushion_93:chair_arenacrowd_seatbackcushion_low,OBJECT,arena_clutchtime_int_master@arena_clutchtime_int_shared_layout@GameObjects@balcony_chairs@chair_arenacrowd_seatbackcushion_85:chair_arenacrowd_seatbackcushion_low,,"[-1.0,-8.74227766e-08,0.0,0.0,-8.74227766e-08,1.0,-8.74227766e-08,0.0,7.64274186e-15,-8.74227766e-08,-1.0,0.0,852.860291,1346.90601,2512.00195,1.0]"
level.SCNE,arena_clutchtime_int_master@arena_clutchtime_int_shared_layout@GameObjects@Prototype_arena_curtains_prototype@Prototype_arena_curtains_prototype_0@curtain100x20_arena_straight500c_18:curtain100x20_arena_straight500c,OBJECT,arena_clutchtime_int_master@arena_clutchtime_int_shared_layout@GameObjects@Prototype_arena_curtains_prototype@Prototype_arena_curtains_prototype_0@curtain100x20_arena_straight500c_8:curtain100x20_arena_straight500c,,"[1.0,0.0,0.0,0.0,0.0,1.0,0.0,0.0,0.0,0.0,1.0,0.0,-854.540283,150.346558,-2969.03101,1.0]"
level.SCNE,arena_clutchtime_int_master@arena_clutchtime_int_shared_layout@GameObjects@Prototype_arena_curtains_prototype@Prototype_arena_curtains_prototype_0@curtain100x20_arena_straight500c_27:curtain100x20_arena_straight500c,OBJECT,arena_clutchtime_int_master@arena_clutchtime_int_shared_layout@GameObjects@Prototype_arena_curtains_prototype@Prototype_arena_curtains_prototype_0@curtain100x20_arena_straight500c_8:curtain100x20_arena_straight500c,,"[1.0,0.0,0.0,0.0,0.0,1.0,0.0,0.0,0.0,0.0,1.0,0.0,453.269867,759.56488,-2969.03101,1.0]"
level.SCNE,arena_clutchtime_int_master@arena_clutchtime_int_shared_layout@GameObjects@balcony@clutchtime_balcony_railing_5:clutchtime_balcony_railing_low,OBJECT,arena_clutchtime_int_master@arena_clutchtime_int_shared_layout@GameObjects@balcony@clutchtime_balcony_railing_12:clutchtime_balcony_railing_low,,"[1.0,0.0,0.0,0.0,0.0,1.0,0.0,0.0,0.0,0.0,1.0,0.0,-800.96521,180.013214,-2321.06079,1.0]"
level.SCNE,arena_clutchtime_int_master@arena_clutchtime_int_shared_layout@GameObjects@balcony@clutchtime_balcony_b_13:clutchtime_balcony_b_low,OBJECT,arena_clutchtime_int_master@arena_clutchtime_int_shared_layout@GameObjects@balcony@clutchtime_balcony_b_8:clutchtime_balcony_b_low,,"[-1.0,-1.50995803e-07,0.0,0.0,-1.50995803e-07,1.0,-1.50995803e-07,0.0,2.27997332e-14,-1.50995803e-07,-1.0,0.0,799.326111,35.1004639,2346.146,1.0]"
level.SCNE,arena_clutchtime_int_master@GameObjects@dorna@clutchtime_court_dorna_7:clutchtime_court_dorna_low,OBJECT,arena_clutchtime_int_master@GameObjects@dorna@clutchtime_court_dorna_7:clutchtime_court_dorna_low,,"[1.94707184e-07,0.0,1.0,0.0,0.0,1.0,0.0,0.0,-1.0,0.0,1.94707184e-07,0.0,555.129883,0.0,1800.00012,1.0]"
level.SCNE,arena_clutchtime_int_master@arena_clutchtime_int_shared_layout@GameObjects@Prototype_arena_curtains_prototype@Prototype_arena_curtains_prototype_0@curtain100x20_arena_straight500c_126:curtain100x20_arena_straight500c,OBJECT,arena_clutchtime_int_master@arena_clutchtime_int_shared_layout@GameObjects@Prototype_arena_curtains_prototype@Prototype_arena_curtains_prototype_0@curtain100x20_arena_straight500c_8:curtain100x20_arena_straight500c,,"[1.0,0.0,0.0,0.0,0.0,1.0,0.0,0.0,0.0,0.0,1.0,0.0,-953.878479,150.346558,-2869.0,1.0]"
level.SCNE,arena_clutchtime_int_master@arena_clutchtime_int_shared_layout@GameObjects@Prototype_arena_curtains_prototype@Prototype_arena_curtains_prototype_0@curtain100x20_arena_straight500c_135:curtain100x20_arena_straight500c,OBJECT,arena_clutchtime_int_master@arena_clutchtime_int_shared_layout@GameObjects@Prototype_arena_curtains_prototype@Prototype_arena_curtains_prototype_0@curtain100x20_arena_straight500c_8:curtain100x20_arena_straight500c,,"[1.0,0.0,0.0,0.0,0.0,1.0,0.0,0.0,0.0,0.0,1.0,0.0,650.779907,150.346558,-2869.0,1.0]"
level.SCNE,arena_clutchtime_int_master@arena_clutchtime_int_shared_layout@GameObjects@balcony_chairs@chair_arenacrowd_seatbackcushion_51:chair_arenacrowd_seatbackcushion_low,OBJECT,arena_clutchtime_int_master@arena_clutchtime_int_shared_layout@GameObjects@balcony_chairs@chair_arenacrowd_seatbackcushion_85:chair_arenacrowd_seatbackcushion_low,,"[1.0,0.0,0.0,0.0,0.0,1.0,0.0,0.0,0.0,0.0,1.0,0.0,-693.077698,759.56488,-2650.51172,1.0]"
level.SCNE,arena_clutchtime_int_master@GameObjects@dorna@clutchtime_court_dornaled:clutchtime_court_dornaled_low,OBJECT,arena_clutchtime_int_master@GameObjects@dorna@clutchtime_court_dornaled:clutchtime_court_dornaled_low,,"[1.0,0.0,0.0,0.0,0.0,1.0,0.0,0.0,0.0,0.0,1.0,0.0,0.0,0.0,0.0,1.0]"
level.SCNE,arena_clutchtime_int_master@arena_clutchtime_int_shared_layout@GameObjects@balcony_chairs@chair_arenacrowd_seatbackcushion_108:chair_arenacrowd_seatbackcushion_low,OBJECT,arena_clutchtime_int_master@arena_clutchtime_int_shared_layout@GameObjects@balcony_chairs@chair_arenacrowd_seatbackcushion_85:chair_arenacrowd_seatbackcushion_low,,"[-1.0,-1.50995803e-07,0.0,0.0,-1.50995803e-07,1.0,-1.50995803e-07,0.0,2.27997332e-14,-1.50995803e-07,-1.0,0.0,-206.961487,759.564941,2650.51196,1.0]"
level.SCNE,arena_clutchtime_int_master@arena_clutchtime_int_shared_layout@GameObjects@balcony_chairs@chair_arenacrowd_seatbackcushion_138:chair_arenacrowd_seatbackcushion_low,OBJECT,arena_clutchtime_int_master@arena_clutchtime_int_shared_layout@GameObjects@balcony_chairs@chair_arenacrowd_seatbackcushion_85:chair_arenacrowd_seatbackcushion_low,,"[-1.0,-1.50995803e-07,0.0,0.0,-1.50995803e-07,1.0,-1.50995803e-07,0.0,2.27997332e-14,-1.50995803e-07,-1.0,0.0,53.0637436,122.139587,2512.00195,1.0]"
level.SCNE,arena_clutchtime_int_master@arena_clutchtime_int_shared_layout@GameObjects@Prototype_arena_curtains_prototype@Prototype_arena@curtain100x20_arena_straight500c_106:curtain100x20_arena_straight500c,OBJECT,arena_clutchtime_int_master@arena_clutchtime_int_shared_layout@GameObjects@Prototype_arena_curtains_prototype@Prototype_arena_curtains_prototype_0@curtain100x20_arena_straight500c_8:curtain100x20_arena_straight500c,,"[-1.0,0.0,-1.50995803e-07,0.0,0.0,1.0,0.0,0.0,1.50995803e-07,0.0,-1.0,0.0,-38.6512756,1375.11304,2997.40527,1.0]"
level.SCNE,arena_clutchtime_int_master@arena_clutchtime_int_shared_layout@GameObjects@Prototype_arena_curtains_prototype@Prototype_arena@curtain100x20_arena_straight500c_98:curtain100x20_arena_straight500c,OBJECT,arena_clutchtime_int_master@arena_clutchtime_int_shared_layout@GameObjects@Prototype_arena_curtains_prototype@Prototype_arena_curtains_prototype_0@curtain100x20_arena_straight500c_8:curtain100x20_arena_straight500c,,"[-1.0,0.0,-1.50995803e-07,0.0,0.0,1.0,0.0,0.0,1.50995803e-07,0.0,-1.0,0.0,-951.101685,759.56488,2997.40527,1.0]"
level.SCNE,arena_clutchtime_int_master@arena_clutchtime_int_shared_layout@GameObjects@doors@door_interiorwindowb_leftdbl:door_interiorwindowb_leftdbl,OBJECT,arena_clutchtime_int_master@arena_clutchtime_int_shared_layout@GameObjects@doors@door_interiorwindowb_leftdbl:door_interiorwindowb_leftdbl,arena_clutchtime_int_master@arena_clutchtime_int_shared_layout@GameObjects@doors@door_interiorwindowb_leftdbl:root,"[7.54979013e-08,0.0,-1.0,0.0,0.0,1.0,0.0,0.0,1.0,0.0,7.54979013e-08,0.0,-4756.28906,863.350037,-2189.72363,1.0]"
level.SCNE,arena_clutchtime_int_master@arena_clutchtime_int_shared_layout@GameObjects@balcony_lights@light_ceilinga_round_48:light_ceilinga_round_low,OBJECT,arena_clutchtime_int_master@arena_clutchtime_int_shared_layout@GameObjects@balcony_lights@light_ceilinga_round_85:light_ceilinga_round_low,,"[7.54979013e-08,-1.0,0.0,0.0,1.0,7.54979013e-08,0.0,0.0,0.0,0.0,1.0,0.0,929.281311,1259.34619,-2396.93481,1.0]"
level.SCNE,arena_clutchtime_int_master@arena_clutchtime_int_shared_layout@GameObjects@balcony_lights@light_ceilinga_round_30:light_ceilinga_round_low,OBJECT,arena_clutchtime_int_master@arena_clutchtime_int_shared_layout@GameObjects@balcony_lights@light_ceilinga_round_85:light_ceilinga_round_low,,"[7.54979013e-08,-1.0,0.0,0.0,1.0,7.54979013e-08,0.0,0.0,0.0,0.0,1.0,0.0,-561.745728,643.825256,2470.06836,1.0]"
level.SCNE,arena_clutchtime_int_master@arena_clutchtime_int_shared_layout@GameObjects@Prototype_arena_curtains_prototype@Prototype_arena@curtain100x20_arena_straight500c_72:curtain100x20_arena_straight500c,OBJECT,arena_clutchtime_int_master@arena_clutchtime_int_shared_layout@GameObjects@Prototype_arena_curtains_prototype@Prototype_arena_curtains_prototype_0@curtain100x20_arena_straight500c_8:curtain100x20_arena_straight500c,,"[-1.0,0.0,-1.50995803e-07,0.0,0.0,1.0,0.0,0.0,1.50995803e-07,0.0,-1.0,0.0,1048.81445,150.346558,2997.40527,1.0]"
level.SCNE,arena_clutchtime_int_master@arena_clutchtime_int_shared_layout@GameObjects@doors@door_interiorwindowb_rightdbl_2:door_interiorwindowb_rightdbl,OBJECT,arena_clutchtime_int_master@arena_clutchtime_int_shared_layout@GameObjects@doors@door_interiorwindowb_rightdbl_2:door_interiorwindowb_rightdbl,arena_clutchtime_int_master@arena_clutchtime_int_shared_layout@GameObjects@doors@door_interiorwindowb_rightdbl_2:root,"[7.54979013e-08,0.0,-1.0,0.0,0.0,1.0,0.0,0.0,1.0,0.0,7.54979013e-08,0.0,-4442.3291,863.349854,2187.21948,1.0]"
level.SCNE,arena_clutchtime_int_master@arena_clutchtime_int_shared_layout@GameObjects@Prototype_arena_curtains_prototype@Prototype_arena@curtain100x20_arena_straight500c_76:curtain100x20_arena_straight500c,OBJECT,arena_clutchtime_int_master@arena_clutchtime_int_shared_layout@GameObjects@Prototype_arena_curtains_prototype@Prototype_arena_curtains_prototype_0@curtain100x20_arena_straight500c_8:curtain100x20_arena_straight500c,,"[-1.0,0.0,-1.50995803e-07,0.0,0.0,1.0,0.0,0.0,1.50995803e-07,0.0,-1.0,0.0,-1050.20203,150.346558,2997.40527,1.0]"
level.SCNE,arena_clutchtime_int_master@arena_clutchtime_int_shared_layout@GameObjects@balcony_chairs@chair_arenacrowd_seatbackcushion_117:chair_arenacrowd_seatbackcushion_low,OBJECT,arena_clutchtime_int_master@arena_clutchtime_int_shared_layout@GameObjects@balcony_chairs@chair_arenacrowd_seatbackcushion_85:chair_arenacrowd_seatbackcushion_low,,"[-1.0,-1.50995803e-07,0.0,0.0,-1.50995803e-07,1.0,-1.50995803e-07,0.0,2.27997332e-14,-1.50995803e-07,-1.0,0.0,592.588867,759.564941,2650.51196,1.0]"
level.SCNE,arena_clutchtime_int_master@arena_clutchtime_int_shared_layout@GameObjects@balcony_chairs@chair_arenacrowd_seatbackcushion_92:chair_arenacrowd_seatbackcushion_low,OBJECT,arena_clutchtime_int_master@arena_clutchtime_int_shared_layout@GameObjects@balcony_chairs@chair_arenacrowd_seatbackcushion_85:chair_arenacrowd_seatbackcushion_low,,"[-1.0,-8.74227766e-08,0.0,0.0,-8.74227766e-08,1.0,-8.74227766e-08,0.0,7.64274186e-15,-8.74227766e-08,-1.0,0.0,950.872437,1346.90601,2512.00195,1.0]"
level.SCNE,arena_clutchtime_int_master@arena_clutchtime_int_shared_layout@GameObjects@balcony_lights@light_ceilinga_round_60:light_ceilinga_round_low,OBJECT,arena_clutchtime_int_master@arena_clutchtime_int_shared_layout@GameObjects@balcony_lights@light_ceilinga_round_85:light_ceilinga_round_low,,"[7.54979013e-08,-1.0,0.0,0.0,1.0,7.54979013e-08,0.0,0.0,0.0,0.0,1.0,0.0,-0.328385592,1259.34619,-2370.64673,1.0]"
level.SCNE,arena_clutchtime_int_master@arena_clutchtime_int_shared_layout@GameObjects@doors@doorframe_interiorhingeless_double_0:doorframe_interiorhingeless_double_low,OBJECT,arena_clutchtime_int_master@arena_clutchtime_int_shared_layout@GameObjects@doors@doorframe_interiorhingeless_double_0:doorframe_interiorhingeless_double_low,,"[1.0,0.0,0.0,0.0,0.0,1.0,0.0,0.0,0.0,0.0,1.0,0.0,-4332.01953,863.350037,-2184.72363,1.0]"
level.SCNE,arena_clutchtime_int_master@arena_clutchtime_int_shared_layout@GameObjects@Prototype_arena_curtains_prototype@Prototype_arena@curtain100x20_arena_straight500c_117:curtain100x20_arena_straight500c,OBJECT,arena_clutchtime_int_master@arena_clutchtime_int_shared_layout@GameObjects@Prototype_arena_curtains_prototype@Prototype_arena_curtains_prototype_0@curtain100x20_arena_straight500c_8:curtain100x20_arena_straight500c,,"[-1.0,0.0,-1.50995803e-07,0.0,0.0,1.0,0.0,0.0,1.50995803e-07,0.0,-1.0,0.0,1147.46753,1375.11304,2997.40527,1.0]"
level.SCNE,arena_clutchtime_int_master@arena_clutchtime_int_shared_layout@GameObjects@Prototype_arena_curtains_prototype@Prototype_arena_curtains_prototype_0@curtain100x20_arena_straight500c_157:curtain100x20_arena_straight500c,OBJECT,arena_clutchtime_int_master@arena_clutchtime_int_shared_layout@GameObjects@Prototype_arena_curtains_prototype@Prototype_arena_curtains_prototype_0@curtain100x20_arena_straight500c_8:curtain100x20_arena_straight500c,,"[1.0,0.0,0.0,0.0,0.0,1.0,0.0,0.0,0.0,0.0,1.0,0.0,453.269867,1375.11304,-2869.0,1.0]"
level.SCNE,arena_clutchtime_int_master@arena_clutchtime_int_shared_layout@GameObjects@mural_lights@lighting_suspendedtrack_metalb_21:lighting_suspendedtrack_metalb_low,OBJECT,arena_clutchtime_int_master@arena_clutchtime_int_shared_layout@GameObjects@mural_lights@lighting_suspendedtrack_metalb_19:lighting_suspendedtrack_metalb_low,,"[3.13916473e-07,0.0,1.0,0.0,-1.74512877e-07,1.0,5.47824657e-14,0.0,-1.0,-1.74512877e-07,3.13916473e-07,0.0,2057.95776,1002.4798,133.93486,1.0]"
level.SCNE,arena_clutchtime_int_master@arena_clutchtime_int_shared_layout@GameObjects@balcony@clutchtime_balcony_c_0:clutchtime_balcony_c_low,OBJECT,arena_clutchtime_int_master@arena_clutchtime_int_shared_layout@GameObjects@balcony@clutchtime_balcony_c_1:clutchtime_balcony_c_low,,"[1.0,0.0,0.0,0.0,0.0,1.0,0.0,0.0,0.0,0.0,1.0,0.0,-799.952454,38.9648972,-2394.875,1.0]"
level.SCNE,arena_clutchtime_int_master@arena_clutchtime_int_shared_layout@GameObjects@balcony_lights@light_ceilinga_round_62:light_ceilinga_round_low,OBJECT,arena_clutchtime_int_master@arena_clutchtime_int_shared_layout@GameObjects@balcony_lights@light_ceilinga_round_85:light_ceilinga_round_low,,"[7.54979013e-08,-1.0,0.0,0.0,1.0,7.54979013e-08,0.0,0.0,0.0,0.0,1.0,0.0,-237.321304,1259.34619,-2470.06836,1.0]"
level.SCNE,arena_clutchtime_int_master@arena_clutchtime_int_shared_layout@GameObjects@ceiling_panels@clutchtime_ceilingpanel_d_5:clutchtime_ceilingpanel_d_low,OBJECT,arena_clutchtime_int_master@arena_clutchtime_int_shared_layout@GameObjects@ceiling_panels@clutchtime_ceilingpanel_d_1:clutchtime_ceilingpanel_d_low,,"[7.54979013e-08,0.0,-1.0,0.0,0.0,1.0,0.0,0.0,1.0,0.0,7.54979013e-08,0.0,-4463.76904,1303.35718,0.000128744,1.0]"
level.SCNE,arena_clutchtime_int_master@arena_clutchtime_int_shared_layout@GameObjects@mural_lights@lighting_suspendedtrack_metalb_37:lighting_suspendedtrack_metalb_low,OBJECT,arena_clutchtime_int_master@arena_clutchtime_int_shared_layout@GameObjects@mural_lights@lighting_suspendedtrack_metalb_19:lighting_suspendedtrack_metalb_low,,"[3.13916473e-07,0.0,1.0,0.0,-1.74512877e-07,1.0,5.47824657e-14,0.0,-1.0,-1.74512877e-07,3.13916473e-07,0.0,1866.20886,1002.4798,-1389.99841,1.0]"
level.SCNE,arena_clutchtime_int_master@arena_clutchtime_int_shared_layout@GameObjects@balcony_chairs@chair_arenacrowd_seatbackcushion_32:chair_arenacrowd_seatbackcushion_low,OBJECT,arena_clutchtime_int_master@arena_clutchtime_int_shared_layout@GameObjects@balcony_chairs@chair_arenacrowd_seatbackcushion_85:chair_arenacrowd_seatbackcushion_low,,"[1.0,0.0,0.0,0.0,0.0,1.0,0.0,0.0,0.0,0.0,1.0,0.0,0.5741539,759.56488,-2650.51172,1.0]"
level.SCNE,arena_clutchtime_int_master@arena_clutchtime_int_shared_layout@GameObjects@doors@door_interiorwindowb_leftdbl_6:door_interiorwindowb_leftdbl,OBJECT,arena_clutchtime_int_master@arena_clutchtime_int_shared_layout@GameObjects@doors@door_interiorwindowb_leftdbl:door_interiorwindowb_leftdbl,arena_clutchtime_int_master@arena_clutchtime_int_shared_layout@GameObjects@doors@door_interiorwindowb_leftdbl_6:root,"[7.54979013e-08,0.0,-1.0,0.0,0.0,1.0,0.0,0.0,1.0,0.0,7.54979013e-08,0.0,2572.47192,1029.63025,-2266.4917,1.0]"
level.SCNE,arena_clutchtime_int_master@arena_clutchtime_int_shared_layout@GameObjects@clutchtimecurtainstunnels1@Prototype_arena_curtains_prototype_2@curtain100x20_arena_straight400c_9:curtain100x20_arena_straight400c,OBJECT,arena_clutchtime_int_master@arena_clutchtime_int_shared_layout@GameObjects@clutchtimecurtainstunnels1@Prototype_arena_curtains_prototype_2@curtain100x20_arena_straight400c_9:curtain100x20_arena_straight400c,,"[0.121869311,0.0,-0.992546022,0.0,0.0,1.0,0.0,0.0,0.992546022,0.0,0.121869311,0.0,-2970.0874,-1.02246918e-06,-602.078796,1.0]"
level.SCNE,arena_clutchtime_int_master@arena_clutchtime_int_shared_layout@GameObjects@balcony_lights@light_ceilinga_round_63:light_ceilinga_round_low,OBJECT,arena_clutchtime_int_master@arena_clutchtime_int_shared_layout@GameObjects@balcony_lights@light_ceilinga_round_85:light_ceilinga_round_low,,"[7.54979013e-08,-1.0,0.0,0.0,1.0,7.54979013e-08,0.0,0.0,0.0,0.0,1.0,0.0,129.000412,1259.34619,-2396.93481,1.0]"
level.SCNE,arena_clutchtime_int_master@arena_clutchtime_int_shared_layout@GameObjects@balcony_chairs@chair_arenacrowd_seatbackcushion_64:chair_arenacrowd_seatbackcushion_low,OBJECT,arena_clutchtime_int_master@arena_clutchtime_int_shared_layout@GameObjects@balcony_chairs@chair_arenacrowd_seatbackcushion_85:chair_arenacrowd_seatbackcushion_low,,"[1.0,0.0,0.0,0.0,0.0,1.0,0.0,0.0,0.0,0.0,1.0,0.0,745.985657,1346.90601,-2512.00171,1.0]"
level.SCNE,arena_clutchtime_int_master@arena_clutchtime_int_shared_layout@GameObjects@ceiling_panels@clutchtime_ceilingpanel_c_6:clutchtime_ceilingpanel_c_low,OBJECT,arena_clutchtime_int_master@arena_clutchtime_int_shared_layout@GameObjects@ceiling_panels@clutchtime_ceilingpanel_c_5:clutchtime_ceilingpanel_c_low,,"[7.54979013e-08,0.0,-1.0,0.0,0.0,1.0,0.0,0.0,1.0,0.0,7.54979013e-08,0.0,-5281.11035,1303.35718,0.000128744,1.0]"
level.SCNE,arena_clutchtime_int_master@arena_clutchtime_int_shared_layout@GameObjects@balcony_chairs@chair_arenacrowd_seatbackcushion_114:chair_arenacrowd_seatbackcushion_low,OBJECT,arena_clutchtime_int_master@arena_clutchtime_int_shared_layout@GameObjects@balcony_chairs@chair_arenacrowd_seatbackcushion_85:chair_arenacrowd_seatbackcushion_low,,"[-1.0,-1.50995803e-07,0.0,0.0,-1.50995803e-07,1.0,-1.50995803e-07,0.0,2.27997332e-14,-1.50995803e-07,-1.0,0.0,102.109772,759.564941,2650.51196,1.0]"
level.SCNE,arena_clutchtime_int_master@arena_clutchtime_int_shared_layout@GameObjects@ceiling_panels@clutchtime_ceilingpanel_f_5:clutchtime_ceilingpanel_f_low,OBJECT,arena_clutchtime_int_master@arena_clutchtime_int_shared_layout@GameObjects@ceiling_panels@clutchtime_ceilingpanel_f:clutchtime_ceilingpanel_f_low,,"[7.54979013e-08,0.0,-1.0,0.0,0.0,1.0,0.0,0.0,1.0,0.0,7.54979013e-08,0.0,-4767.24316,1303.35718,0.000128744,1.0]"
level.SCNE,arena_clutchtime_int_master@arena_clutchtime_int_shared_layout@GameObjects@balcony_lights@light_ceilinga_round_22:light_ceilinga_round_low,OBJECT,arena_clutchtime_int_master@arena_clutchtime_int_shared_layout@GameObjects@balcony_lights@light_ceilinga_round_85:light_ceilinga_round_low,,"[7.54979013e-08,-1.0,0.0,0.0,1.0,7.54979013e-08,0.0,0.0,0.0,0.0,1.0,0.0,-928.75293,1868.73694,2396.93481,1.0]"
level.SCNE,arena_clutchtime_int_master@arena_clutchtime_int_shared_layout@GameObjects@Prototype_arena_curtains_prototype@Prototype_arena@curtain100x20_arena_straight500c_164:curtain100x20_arena_straight500c,OBJECT,arena_clutchtime_int_master@arena_clutchtime_int_shared_layout@GameObjects@Prototype_arena_curtains_prototype@Prototype_arena_curtains_prototype_0@curtain100x20_arena_straight500c_8:curtain100x20_arena_straight500c,,"[-1.0,-8.74227766e-08,-1.50995803e-07,0.0,-8.74227624e-08,1.0,-8.74227766e-08,0.0,1.50995817e-07,-8.74227624e-08,-1.0,0.0,-753.353882,1375.11304,2869.0,1.0]"
level.SCNE,arena_clutchtime_int_master@arena_clutchtime_int_shared_layout@GameObjects@balcony_chairs@chair_arenacrowd_seatbackcushion_130:chair_arenacrowd_seatbackcushion_low,OBJECT,arena_clutchtime_int_master@arena_clutchtime_int_shared_layout@GameObjects@balcony_chairs@chair_arenacrowd_seatbackcushion_85:chair_arenacrowd_seatbackcushion_low,,"[-1.0,-1.50995803e-07,0.0,0.0,-1.50995803e-07,1.0,-1.50995803e-07,0.0,2.27997332e-14,-1.50995803e-07,-1.0,0.0,-906.737976,759.564941,2650.51196,1.0]"
level.SCNE,arena_clutchtime_int_master@GameObjects@dorna@clutchtime_court_dorna_8:clutchtime_court_dorna_low,OBJECT,arena_clutchtime_int_master@GameObjects@dorna@clutchtime_court_dorna_7:clutchtime_court_dorna_low,,"[-1.0,-8.74227766e-08,0.0,0.0,-8.74227766e-08,1.0,-8.74227766e-08,0.0,7.64274186e-15,-8.74227766e-08,-1.0,0.0,-955.129883,0.0,1400.0,1.0]"
level.SCNE,arena_clutchtime_int_master@arena_clutchtime_int_shared_layout@GameObjects@Prototype_arena_curtains_prototype@Prototype_arena@curtain100x20_arena_straight500c_168:curtain100x20_arena_straight500c,OBJECT,arena_clutchtime_int_master@arena_clutchtime_int_shared_layout@GameObjects@Prototype_arena_curtains_prototype@Prototype_arena_curtains_prototype_0@curtain100x20_arena_straight500c_8:curtain100x20_arena_straight500c,,"[-1.0,-8.74227766e-08,-1.50995803e-07,0.0,-8.74227624e-08,1.0,-8.74227766e-08,0.0,1.50995817e-07,-8.74227624e-08,-1.0,0.0,-753.353882,759.56488,2869.0,1.0]"
level.SCNE,arena_clutchtime_int_master@arena_clutchtime_int_shared_layout@GameObjects@balcony_chairs@chair_arenacrowd_seatbackcushion_156:chair_arenacrowd_seatbackcushion_low,OBJECT,arena_clutchtime_int_master@arena_clutchtime_int_shared_layout@GameObjects@balcony_chairs@chair_arenacrowd_seatbackcushion_85:chair_arenacrowd_seatbackcushion_low,,"[-1.0,-1.50995803e-07,0.0,0.0,-1.50995803e-07,1.0,-1.50995803e-07,0.0,2.27997332e-14,-1.50995803e-07,-1.0,0.0,-746.588989,122.139587,2512.00195,1.0]"
level.SCNE,arena_clutchtime_int_master@arena_clutchtime_int_shared_layout@GameObjects@balcony_lights@light_ceilinga_round_19:light_ceilinga_round_low,OBJECT,arena_clutchtime_int_master@arena_clutchtime_int_shared_layout@GameObjects@balcony_lights@light_ceilinga_round_85:light_ceilinga_round_low,,"[7.54979013e-08,-1.0,0.0,0.0,1.0,7.54979013e-08,0.0,0.0,0.0,0.0,1.0,0.0,-669.996887,1259.34619,2396.93481,1.0]"
level.SCNE,arena_clutchtime_int_master@arena_clutchtime_int_shared_layout@GameObjects@Prototype_arena_curtains_prototype@Prototype_arena@curtain100x20_arena_straight500c_102:curtain100x20_arena_straight500c,OBJECT,arena_clutchtime_int_master@arena_clutchtime_int_shared_layout@GameObjects@Prototype_arena_curtains_prototype@Prototype_arena_curtains_prototype_0@curtain100x20_arena_straight500c_8:curtain100x20_arena_straight500c,,"[-1.0,0.0,-1.50995803e-07,0.0,0.0,1.0,0.0,0.0,1.50995803e-07,0.0,-1.0,0.0,-753.353882,759.56488,2997.40527,1.0]"
level.SCNE,arena_clutchtime_int_master@arena_clutchtime_int_shared_layout@GameObjects@stands@clutchtime_stair_4step_2:clutchtime_stair_4step_low,OBJECT,arena_clutchtime_int_master@arena_clutchtime_int_shared_layout@GameObjects@stands@clutchtime_stair_4step_2:clutchtime_stair_4step_low,,"[-0.374606639,-5.65640299e-08,-0.927183867,0.0,-1.09949241e-08,1.0,-5.65640299e-08,0.0,0.927183867,-1.09949241e-08,-0.374606639,0.0,-1653.27612,23.349823,2133.09399,1.0]"
level.SCNE,arena_clutchtime_int_master@arena_clutchtime_int_shared_layout@GameObjects@mural_lights@light_stage_spotlight_1:light_stage_spotlight_low,OBJECT,arena_clutchtime_int_master@arena_clutchtime_int_shared_layout@GameObjects@mural_lights@light_stage_spotlight_1:light_stage_spotlight_low,,"[0.173649147,0.0,-0.984807491,0.0,0.0,1.0,0.0,0.0,0.984807491,0.0,0.173649147,0.0,1913.54578,48.7001648,845.016296,1.0]"
level.SCNE,arena_clutchtime_int_master@arena_clutchtime_int_shared_layout@GameObjects@mural_lights@lighting_suspendedtrack_metalb_9:lighting_suspendedtrack_metalb_low,OBJECT,arena_clutchtime_int_master@arena_clutchtime_int_shared_layout@GameObjects@mural_lights@lighting_suspendedtrack_metalb_19:lighting_suspendedtrack_metalb_low,,"[3.13916473e-07,0.0,1.0,0.0,-1.74512877e-07,1.0,5.47824657e-14,0.0,-1.0,-1.74512877e-07,3.13916473e-07,0.0,1744.26001,1490.65344,1951.00293,1.0]"
level.SCNE,arena_clutchtime_int_master@arena_clutchtime_int_shared_layout@GameObjects@doors@electical_outlet_common_aluminum:eletrical_oulet_common,OBJECT,arena_clutchtime_int_master@arena_clutchtime_int_shared_layout@GameObjects@doors@electical_outlet_common_aluminum:eletrical_oulet_common,,"[-1.0,-8.74227766e-08,-1.50995803e-07,0.0,-8.74227624e-08,1.0,-8.74227766e-08,0.0,1.50995817e-07,-8.74227624e-08,-1.0,0.0,-4488.73535,901.866211,2181.46143,1.0]"
level.SCNE,arena_clutchtime_int_master@arena_clutchtime_int_shared_layout@GameObjects@doors@doorframe_interiorhingeless_double_4:doorframe_interiorhingeless_double_low,OBJECT,arena_clutchtime_int_master@arena_clutchtime_int_shared_layout@GameObjects@doors@doorframe_interiorhingeless_double_0:doorframe_interiorhingeless_double_low,,"[-1.0,-8.74227766e-08,-1.50995803e-07,0.0,-8.74227624e-08,1.0,-8.74227766e-08,0.0,1.50995817e-07,-8.74227624e-08,-1.0,0.0,2684.7915,1029.63025,2259.07666,1.0]"
level.SCNE,arena_clutchtime_int_master@arena_clutchtime_int_shared_layout@GameObjects@Prototype_arena_curtains_prototype@Prototype_arena@curtain100x20_arena_straight500c_85:curtain100x20_arena_straight500c,OBJECT,arena_clutchtime_int_master@arena_clutchtime_int_shared_layout@GameObjects@Prototype_arena_curtains_prototype@Prototype_arena_curtains_prototype_0@curtain100x20_arena_straight500c_8:curtain100x20_arena_straight500c,,"[-1.0,0.0,-1.50995803e-07,0.0,0.0,1.0,0.0,0.0,1.50995803e-07,0.0,-1.0,0.0,-38.6512756,759.56488,2997.40527,1.0]"
level.SCNE,arena_clutchtime_int_master@arena_clutchtime_int_shared_layout@GameObjects@balcony@clutchtime_balcony_railing_11:clutchtime_balcony_railing_low,OBJECT,arena_clutchtime_int_master@arena_clutchtime_int_shared_layout@GameObjects@balcony@clutchtime_balcony_railing_12:clutchtime_balcony_railing_low,,"[-1.0,-1.50995803e-07,0.0,0.0,-1.50995803e-07,1.0,-1.50995803e-07,0.0,2.27997332e-14,-1.50995803e-07,-1.0,0.0,1.32609177,180.013214,2321.06079,1.0]"
level.SCNE,arena_clutchtime_int_master@arena_clutchtime_int_shared_layout@GameObjects@mural_lights@lighting_suspendedtrack_metalb_27:lighting_suspendedtrack_metalb_low,OBJECT,arena_clutchtime_int_master@arena_clutchtime_int_shared_layout@GameObjects@mural_lights@lighting_suspendedtrack_metalb_19:lighting_suspendedtrack_metalb_low,,"[3.13916473e-07,0.0,1.0,0.0,-1.74512877e-07,1.0,5.47824657e-14,0.0,-1.0,-1.74512877e-07,3.13916473e-07,0.0,1866.15942,1002.4798,1411.0238,1.0]"
level.SCNE,arena_clutchtime_int_master@arena_clutchtime_int_shared_layout@GameObjects@balcony@clutchtime_balcony_railing_16:clutchtime_balcony_railing_low,OBJECT,arena_clutchtime_int_master@arena_clutchtime_int_shared_layout@GameObjects@balcony@clutchtime_balcony_railing_12:clutchtime_balcony_railing_low,,"[-1.0,-1.50995803e-07,0.0,0.0,-1.50995803e-07,1.0,-1.50995803e-07,0.0,2.27997332e-14,-1.50995803e-07,-1.0,0.0,800.96521,1404.77966,2321.06079,1.0]"
level.SCNE,arena_clutchtime_int_master@arena_clutchtime_int_shared_layout@GameObjects@Prototype_arena_curtains_prototype@Prototype_arena_curtains_prototype_0@curtain100x20_arena_straight500c_152:curtain100x20_arena_straight500c,OBJECT,arena_clutchtime_int_master@arena_clutchtime_int_shared_layout@GameObjects@Prototype_arena_curtains_prototype@Prototype_arena_curtains_prototype_0@curtain100x20_arena_straight500c_8:curtain100x20_arena_straight500c,,"[1.0,0.0,0.0,0.0,0.0,1.0,0.0,0.0,0.0,0.0,1.0,0.0,-854.540283,1375.11304,-2869.0,1.0]"
level.SCNE,arena_clutchtime_int_master@arena_clutchtime_int_shared_layout@GameObjects@clutchtimecurtainstunnels1@Prototype_arena_curtains_prototype_2@curtain100x20_arena_straight400c_8:curtain100x20_arena_straight400c,OBJECT,arena_clutchtime_int_master@arena_clutchtime_int_shared_layout@GameObjects@clutchtimecurtainstunnels1@Prototype_arena_curtains_prototype_2@curtain100x20_arena_straight400c_9:curtain100x20_arena_straight400c,,"[0.121869318,0.0,-0.992546082,0.0,0.0,1.0,0.0,0.0,0.992546082,0.0,0.121869318,0.0,-2981.43604,0.0,-509.654419,1.0]"
level.SCNE,arena_clutchtime_int_master@arena_clutchtime_int_shared_layout@GameObjects@Prototype_arena_curtains_prototype@Prototype_arena@curtain100x20_arena_straight500c_68:curtain100x20_arena_straight500c,OBJECT,arena_clutchtime_int_master@arena_clutchtime_int_shared_layout@GameObjects@Prototype_arena_curtains_prototype@Prototype_arena_curtains_prototype_0@curtain100x20_arena_straight500c_8:curtain100x20_arena_straight500c,,"[-1.0,0.0,-1.50995803e-07,0.0,0.0,1.0,0.0,0.0,1.50995803e-07,0.0,-1.0,0.0,356.849976,150.346558,2997.40527,1.0]"
level.SCNE,arena_clutchtime_int_master@arena_clutchtime_int_shared_layout@GameObjects@Prototype_arena_curtains_prototype@Prototype_arena@curtain100x20_arena_straight500c_118:curtain100x20_arena_straight500c,OBJECT,arena_clutchtime_int_master@arena_clutchtime_int_shared_layout@GameObjects@Prototype_arena_curtains_prototype@Prototype_arena_curtains_prototype_0@curtain100x20_arena_straight500c_8:curtain100x20_arena_straight500c,,"[-1.0,0.0,-1.50995803e-07,0.0,0.0,1.0,0.0,0.0,1.50995803e-07,0.0,-1.0,0.0,-1050.20203,1375.11304,2997.40527,1.0]"
level.SCNE,arena_clutchtime_int_master@arena_clutchtime_int_shared_layout@GameObjects@balcony@clutchtime_balcony_railing_7:clutchtime_balcony_railing_low,OBJECT,arena_clutchtime_int_master@arena_clutchtime_int_shared_layout@GameObjects@balcony@clutchtime_balcony_railing_12:clutchtime_balcony_railing_low,,"[1.0,0.0,0.0,0.0,0.0,1.0,0.0,0.0,0.0,0.0,1.0,0.0,-800.96521,1404.77966,-2321.06079,1.0]"
level.SCNE,arena_clutchtime_int_master@arena_clutchtime_int_shared_layout@GameObjects@walls@clutchtime_wall_f:clutchtime_wall_f_low,OBJECT,arena_clutchtime_int_master@arena_clutchtime_int_shared_layout@GameObjects@walls@clutchtime_wall_f:clutchtime_wall_f_low,,"[7.54979013e-08,0.0,1.0,0.0,0.0,1.0,0.0,0.0,-1.0,0.0,7.54979013e-08,0.0,3952.18994,-26.5668945,0.00199039,1.0]"
level.SCNE,arena_clutchtime_int_master@arena_clutchtime_int_shared_layout@GameObjects@balcony_lights@light_ceilinga_round_53:light_ceilinga_round_low,OBJECT,arena_clutchtime_int_master@arena_clutchtime_int_shared_layout@GameObjects@balcony_lights@light_ceilinga_round_85:light_ceilinga_round_low,,"[7.54979013e-08,-1.0,0.0,0.0,1.0,7.54979013e-08,0.0,0.0,0.0,0.0,1.0,0.0,929.281311,1868.73694,-2396.93481,1.0]"
level.SCNE,arena_clutchtime_int_master@arena_clutchtime_int_shared_layout@GameObjects@clutchtimecurtainstunnels1@Prototype_arena_curtains_prototype_2@curtain100x20_arena_straight400c_12:curtain100x20_arena_straight400c,OBJECT,arena_clutchtime_int_master@arena_clutchtime_int_shared_layout@GameObjects@clutchtimecurtainstunnels1@Prototype_arena_curtains_prototype_2@curtain100x20_arena_straight400c_9:curtain100x20_arena_straight400c,,"[0.121869288,0.0,-0.992545843,0.0,0.0,1.0,0.0,0.0,0.992545843,0.0,0.121869288,0.0,-2935.80591,-6.35713059e-06,-881.270142,1.0]"
level.SCNE,arena_clutchtime_int_master@arena_clutchtime_int_shared_layout@GameObjects@balcony_chairs@chair_arenacrowd_seatbackcushion_39:chair_arenacrowd_seatbackcushion_low,OBJECT,arena_clutchtime_int_master@arena_clutchtime_int_shared_layout@GameObjects@balcony_chairs@chair_arenacrowd_seatbackcushion_85:chair_arenacrowd_seatbackcushion_low,,"[1.0,0.0,0.0,0.0,0.0,1.0,0.0,0.0,0.0,0.0,1.0,0.0,851.482056,731.357849,-2512.00171,1.0]"
level.SCNE,arena_clutchtime_int_master@arena_clutchtime_int_shared_layout@GameObjects@Prototype_arena_curtains_prototype@Prototype_arena@curtain100x20_arena_straight500c_82:curtain100x20_arena_straight500c,OBJECT,arena_clutchtime_int_master@arena_clutchtime_int_shared_layout@GameObjects@Prototype_arena_curtains_prototype@Prototype_arena_curtains_prototype_0@curtain100x20_arena_straight500c_8:curtain100x20_arena_straight500c,,"[-1.0,0.0,-1.50995803e-07,0.0,0.0,1.0,0.0,0.0,1.50995803e-07,0.0,-1.0,0.0,-457.190857,150.346558,2997.40527,1.0]"
level.SCNE,arena_clutchtime_int_master@arena_clutchtime_int_shared_layout@GameObjects@doors@sign_exit_generic_3:sign_exit_generic,OBJECT,arena_clutchtime_int_master@arena_clutchtime_int_shared_layout@GameObjects@doors@sign_exit_generic_3:sign_exit_generic,,"[1.0,0.0,0.0,0.0,0.0,1.0,0.0,0.0,0.0,0.0,1.0,0.0,-4645.14307,1173.3501,-2182.25366,1.0]"
level.SCNE,arena_clutchtime_int_master@arena_clutchtime_int_shared_layout@GameObjects@ceiling_panelslights@clutchtime_ceilingpanellight_e_4:clutchtime_ceilingpanellight_e_low,OBJECT,arena_clutchtime_int_master@arena_clutchtime_int_shared_layout@GameObjects@ceiling_panelslights@clutchtime_ceilingpanellight_e_4:clutchtime_ceilingpanellight_e_low,,"[7.54979013e-08,0.0,-1.0,0.0,0.0,1.0,0.0,0.0,1.0,0.0,7.54979013e-08,0.0,-1146.14868,2601.18628,8.39233398e-05,1.0]"
level.SCNE,arena_clutchtime_int_master@arena_clutchtime_int_shared_layout@GameObjects@Prototype_arena_curtains_prototype@Prototype_arena_curtains_prototype_0@curtain100x20_arena_straight500c_47:curtain100x20_arena_straight500c,OBJECT,arena_clutchtime_int_master@arena_clutchtime_int_shared_layout@GameObjects@Prototype_arena_curtains_prototype@Prototype_arena_curtains_prototype_0@curtain100x20_arena_straight500c_8:curtain100x20_arena_straight500c,,"[1.0,0.0,0.0,0.0,0.0,1.0,0.0,0.0,0.0,0.0,1.0,0.0,255.663574,1375.11304,-2969.03101,1.0]"
level.SCNE,arena_clutchtime_int_master@arena_clutchtime_int_shared_layout@GameObjects@scorecube@clutchtime_scorecube_screen:clutchtime_scorecube_screen_low,OBJECT,arena_clutchtime_int_master@arena_clutchtime_int_shared_layout@GameObjects@scorecube@clutchtime_scorecube_screen:clutchtime_scorecube_screen_low,,"[1.0,0.0,0.0,0.0,0.0,1.0,0.0,0.0,0.0,0.0,1.0,0.0,2.74181366e-05,1198.39429,1049.9989,1.0]"
level.SCNE,arena_clutchtime_int_master@arena_clutchtime_int_shared_layout@GameObjects@ceiling_panels@clutchtime_ceilingpanel_b_6:clutchtime_ceilingpanel_b_low,OBJECT,arena_clutchtime_int_master@arena_clutchtime_int_shared_layout@GameObjects@ceiling_panels@clutchtime_ceilingpanel_b_3:clutchtime_ceilingpanel_b_low,,"[7.54979013e-08,0.0,-1.0,0.0,0.0,1.0,0.0,0.0,1.0,0.0,7.54979013e-08,0.0,-5169.9375,1303.35718,0.000128744,1.0]"
level.SCNE,arena_clutchtime_int_master@arena_clutchtime_int_shared_layout@GameObjects@balcony_chairs@chair_arenacrowd_seatbackcushion_98:chair_arenacrowd_seatbackcushion_low,OBJECT,arena_clutchtime_int_master@arena_clutchtime_int_shared_layout@GameObjects@balcony_chairs@chair_arenacrowd_seatbackcushion_85:chair_arenacrowd_seatbackcushion_low,,"[-1.0,-8.74227766e-08,0.0,0.0,-8.74227766e-08,1.0,-8.74227766e-08,0.0,7.64274186e-15,-8.74227766e-08,-1.0,0.0,-956.433105,1346.90601,2512.00195,1.0]"
level.SCNE,arena_clutchtime_int_master@arena_clutchtime_int_shared_layout@GameObjects@balcony@clutchtime_balcony_railing_6:clutchtime_balcony_railing_low,OBJECT,arena_clutchtime_int_master@arena_clutchtime_int_shared_layout@GameObjects@balcony@clutchtime_balcony_railing_12:clutchtime_balcony_railing_low,,"[1.0,0.0,0.0,0.0,0.0,1.0,0.0,0.0,0.0,0.0,1.0,0.0,-800.96521,789.231567,-2321.06079,1.0]"
level.SCNE,arena_clutchtime_int_master@arena_clutchtime_int_shared_layout@GameObjects@balcony_chairs@chair_arenacrowd_seatbackcushion_70:chair_arenacrowd_seatbackcushion_low,OBJECT,arena_clutchtime_int_master@arena_clutchtime_int_shared_layout@GameObjects@balcony_chairs@chair_arenacrowd_seatbackcushion_85:chair_arenacrowd_seatbackcushion_low,,"[1.0,0.0,0.0,0.0,0.0,1.0,0.0,0.0,0.0,0.0,1.0,0.0,1005.63757,1375.11304,-2650.51172,1.0]"
level.SCNE,arena_clutchtime_int_master@arena_clutchtime_int_shared_layout@GameObjects@balcony_chairs@chair_arenacrowd_seatbackcushion_14:chair_arenacrowd_seatbackcushion_low,OBJECT,arena_clutchtime_int_master@arena_clutchtime_int_shared_layout@GameObjects@balcony_chairs@chair_arenacrowd_seatbackcushion_85:chair_arenacrowd_seatbackcushion_low,,"[1.0,0.0,0.0,0.0,0.0,1.0,0.0,0.0,0.0,0.0,1.0,0.0,800.719849,150.346558,-2650.51172,1.0]"
level.SCNE,arena_clutchtime_int_master@arena_clutchtime_int_shared_layout@GameObjects@Prototype_arena_curtains_prototype@Prototype_arena_curtains_prototype_0@curtain100x20_arena_straight500c_156:curtain100x20_arena_straight500c,OBJECT,arena_clutchtime_int_master@arena_clutchtime_int_shared_layout@GameObjects@Prototype_arena_curtains_prototype@Prototype_arena_curtains_prototype_0@curtain100x20_arena_straight500c_8:curtain100x20_arena_straight500c,,"[1.0,0.0,0.0,0.0,0.0,1.0,0.0,0.0,0.0,0.0,1.0,0.0,-40.4994583,1375.11304,-2869.0,1.0]"
level.SCNE,arena_clutchtime_int_master@arena_clutchtime_int_shared_layout@GameObjects@doors@doorframe_interiorhingeless_double_2:doorframe_interiorhingeless_double_low,OBJECT,arena_clutchtime_int_master@arena_clutchtime_int_shared_layout@GameObjects@doors@doorframe_interiorhingeless_double_0:doorframe_interiorhingeless_double_low,,"[-1.0,-8.74227766e-08,-1.50995803e-07,0.0,-8.74227624e-08,1.0,-8.74227766e-08,0.0,1.50995817e-07,-8.74227624e-08,-1.0,0.0,-4332.18311,863.349854,2182.21948,1.0]"
level.SCNE,arena_clutchtime_int_master@arena_clutchtime_int_shared_layout@GameObjects@Prototype_arena_curtains_prototype@Prototype_arena_curtains_prototype_0@curtain100x20_arena_straight500c_3:curtain100x20_arena_straight500c,OBJECT,arena_clutchtime_int_master@arena_clutchtime_int_shared_layout@GameObjects@Prototype_arena_curtains_prototype@Prototype_arena_curtains_prototype_0@curtain100x20_arena_straight500c_8:curtain100x20_arena_straight500c,,"[1.0,0.0,0.0,0.0,0.0,1.0,0.0,0.0,0.0,0.0,1.0,0.0,58.6010361,150.346558,-2969.03101,1.0]"
level.SCNE,arena_clutchtime_int_master@arena_clutchtime_int_shared_layout@GameObjects@balcony_chairs@chair_arenacrowd_seatbackcushion_158:chair_arenacrowd_seatbackcushion_low,OBJECT,arena_clutchtime_int_master@arena_clutchtime_int_shared_layout@GameObjects@balcony_chairs@chair_arenacrowd_seatbackcushion_85:chair_arenacrowd_seatbackcushion_low,,"[-1.0,-1.50995803e-07,0.0,0.0,-1.50995803e-07,1.0,-1.50995803e-07,0.0,2.27997332e-14,-1.50995803e-07,-1.0,0.0,-801.182617,150.346619,2650.51196,1.0]"
level.SCNE,arena_clutchtime_int_master@arena_clutchtime_int_shared_layout@GameObjects@ceiling_panels@clutchtime_ceilingpanel_a_0:clutchtime_ceilingpanel_a_low,OBJECT,arena_clutchtime_int_master@arena_clutchtime_int_shared_layout@GameObjects@ceiling_panels@clutchtime_ceilingpanel_a_0:clutchtime_ceilingpanel_a_low,,"[7.54979013e-08,0.0,1.0,0.0,0.0,1.0,0.0,0.0,-1.0,0.0,7.54979013e-08,0.0,3203.90625,1322.90686,0.003852036,1.0]"
level.SCNE,arena_clutchtime_int_master@arena_clutchtime_int_shared_layout@GameObjects@ceiling_panels@clutchtime_ceilingpanel_b_5:clutchtime_ceilingpanel_b_low,OBJECT,arena_clutchtime_int_master@arena_clutchtime_int_shared_layout@GameObjects@ceiling_panels@clutchtime_ceilingpanel_b_3:clutchtime_ceilingpanel_b_low,,"[7.54979013e-08,0.0,-1.0,0.0,0.0,1.0,0.0,0.0,1.0,0.0,7.54979013e-08,0.0,-4235.87549,1303.35718,0.000128744,1.0]"
level.SCNE,arena_clutchtime_int_master@arena_clutchtime_int_shared_layout@GameObjects@Prototype_arena_curtains_prototype@Prototype_arena@curtain100x20_arena_straight500c_109:curtain100x20_arena_straight500c,OBJECT,arena_clutchtime_int_master@arena_clutchtime_int_shared_layout@GameObjects@Prototype_arena_curtains_prototype@Prototype_arena_curtains_prototype_0@curtain100x20_arena_straight500c_8:curtain100x20_arena_straight500c,,"[-1.0,0.0,-1.50995803e-07,0.0,0.0,1.0,0.0,0.0,1.50995803e-07,0.0,-1.0,0.0,60.6869431,1375.11304,2997.40527,1.0]"
level.SCNE,arena_clutchtime_int_master@arena_clutchtime_int_shared_layout@GameObjects@balcony_chairs@chair_arenacrowd_seatbackcushion_40:chair_arenacrowd_seatbackcushion_low,OBJECT,arena_clutchtime_int_master@arena_clutchtime_int_shared_layout@GameObjects@balcony_chairs@chair_arenacrowd_seatbackcushion_85:chair_arenacrowd_seatbackcushion_low,,"[1.0,0.0,0.0,0.0,0.0,1.0,0.0,0.0,0.0,0.0,1.0,0.0,697.010559,759.56488,-2650.51172,1.0]"
level.SCNE,arena_clutchtime_int_master@arena_clutchtime_int_shared_layout@GameObjects@Prototype_arena_curtains_prototype@Prototype_arena_curtains_prototype_0@curtain100x20_arena_straight500c_52:curtain100x20_arena_straight500c,OBJECT,arena_clutchtime_int_master@arena_clutchtime_int_shared_layout@GameObjects@Prototype_arena_curtains_prototype@Prototype_arena_curtains_prototype_0@curtain100x20_arena_straight500c_8:curtain100x20_arena_straight500c,,"[1.0,0.0,0.0,0.0,0.0,1.0,0.0,0.0,0.0,0.0,1.0,0.0,849.218567,1375.11304,-2969.03101,1.0]"
level.SCNE,arena_clutchtime_int_master@arena_clutchtime_int_shared_layout@GameObjects@Prototype_arena_curtains_prototype@Prototype_arena_curtains_prototype_0@curtain100x20_arena_straight500c_53:curtain100x20_arena_straight500c,OBJECT,arena_clutchtime_int_master@arena_clutchtime_int_shared_layout@GameObjects@Prototype_arena_curtains_prototype@Prototype_arena_curtains_prototype_0@curtain100x20_arena_straight500c_8:curtain100x20_arena_straight500c,,"[1.0,0.0,0.0,0.0,0.0,1.0,0.0,0.0,0.0,0.0,1.0,0.0,750.118103,1375.11304,-2969.03101,1.0]"
level.SCNE,arena_clutchtime_int_master@arena_clutchtime_int_shared_layout@GameObjects@ceiling_panelslights@clutchtime_ceilingpanellight_b_4:clutchtime_ceilingpanellight_b_low,OBJECT,arena_clutchtime_int_master@arena_clutchtime_int_shared_layout@GameObjects@ceiling_panelslights@clutchtime_ceilingpanellight_b_4:clutchtime_ceilingpanellight_b_low,,"[1.94707184e-07,0.0,1.0,0.0,0.0,1.0,0.0,0.0,-1.0,0.0,1.94707184e-07,0.0,3397.62964,1457.26575,-8.58306885e-05,1.0]"
level.SCNE,arena_clutchtime_int_master@arena_clutchtime_int_shared_layout@GameObjects@balcony_chairs@chair_arenacrowd_seatbackcushion_13:chair_arenacrowd_seatbackcushion_low,OBJECT,arena_clutchtime_int_master@arena_clutchtime_int_shared_layout@GameObjects@balcony_chairs@chair_arenacrowd_seatbackcushion_85:chair_arenacrowd_seatbackcushion_low,,"[1.0,0.0,0.0,0.0,0.0,1.0,0.0,0.0,0.0,0.0,1.0,0.0,697.010559,150.346558,-2650.51172,1.0]"
level.SCNE,arena_clutchtime_int_master@arena_clutchtime_int_shared_layout@GameObjects@Prototype_arena_curtains_prototype@Prototype_arena@curtain100x20_arena_straight500c_64:curtain100x20_arena_straight500c,OBJECT,arena_clutchtime_int_master@arena_clutchtime_int_shared_layout@GameObjects@Prototype_arena_curtains_prototype@Prototype_arena_curtains_prototype_0@curtain100x20_arena_straight500c_8:curtain100x20_arena_straight500c,,"[-1.0,0.0,-1.50995803e-07,0.0,0.0,1.0,0.0,0.0,1.50995803e-07,0.0,-1.0,0.0,-38.6512756,150.346558,2997.40527,1.0]"
level.SCNE,arena_clutchtime_int_master@arena_clutchtime_int_shared_layout@GameObjects@mural@clutchtime_mural_floor:clutchtime_mural_floor_low,OBJECT,arena_clutchtime_int_master@arena_clutchtime_int_shared_layout@GameObjects@mural@clutchtime_mural_floor:clutchtime_mural_floor_low,,"[7.54979013e-08,0.0,1.0,0.0,0.0,1.0,0.0,0.0,-1.0,0.0,7.54979013e-08,0.0,1885.14441,-2.03598022,0.001990393,1.0]"
level.SCNE,arena_clutchtime_int_master@arena_clutchtime_int_shared_layout@GameObjects@stands@clutchtime_stair_3step_9:clutchtime_stair_3step_low,OBJECT,arena_clutchtime_int_master@arena_clutchtime_int_shared_layout@GameObjects@stands@clutchtime_stair_3step_0:clutchtime_stair_3step_low,,"[-0.190809056,-2.88113657e-08,-0.981627166,0.0,-2.77421464e-09,1.0,-2.88113657e-08,0.0,0.981627166,-2.77421464e-09,-0.190809056,0.0,-2761.22803,383.349243,1270.35376,1.0]"
level.SCNE,arena_clutchtime_int_master@arena_clutchtime_int_shared_layout@GameObjects@Prototype_arena_curtains_prototype@Prototype_arena_curtains_prototype_0@curtain100x20_arena_straight500c_159:curtain100x20_arena_straight500c,OBJECT,arena_clutchtime_int_master@arena_clutchtime_int_shared_layout@GameObjects@Prototype_arena_curtains_prototype@Prototype_arena_curtains_prototype_0@curtain100x20_arena_straight500c_8:curtain100x20_arena_straight500c,,"[1.0,0.0,0.0,0.0,0.0,1.0,0.0,0.0,0.0,0.0,1.0,0.0,650.779907,1375.11304,-2869.0,1.0]"
level.SCNE,arena_clutchtime_int_master@arena_clutchtime_int_shared_layout@GameObjects@doors@door_interiorwindowb_leftdbl_0:door_interiorwindowb_leftdbl,OBJECT,arena_clutchtime_int_master@arena_clutchtime_int_shared_layout@GameObjects@doors@door_interiorwindowb_leftdbl:door_interiorwindowb_leftdbl,arena_clutchtime_int_master@arena_clutchtime_int_shared_layout@GameObjects@doors@door_interiorwindowb_leftdbl_0:root,"[7.54979013e-08,0.0,-1.0,0.0,0.0,1.0,0.0,0.0,1.0,0.0,7.54979013e-08,0.0,-4442.16504,863.350037,-2189.72363,1.0]"
level.SCNE,arena_clutchtime_int_master@arena_clutchtime_int_shared_layout@GameObjects@balcony@clutchtime_balcony_b_12:clutchtime_balcony_b_low,OBJECT,arena_clutchtime_int_master@arena_clutchtime_int_shared_layout@GameObjects@balcony@clutchtime_balcony_b_8:clutchtime_balcony_b_low,,"[-1.0,-1.50995803e-07,0.0,0.0,-1.50995803e-07,1.0,-1.50995803e-07,0.0,2.27997332e-14,-1.50995803e-07,-1.0,0.0,799.326172,1259.86694,2346.146,1.0]"
level.SCNE,arena_clutchtime_int_master@arena_clutchtime_int_shared_layout@GameObjects@clutchtimecurtainstunnels1@Prototype_arena_curtains_prototype_2@curtain100x20_arena_straight300c_2:curtain100x20_arena_straight300c,OBJECT,arena_clutchtime_int_master@arena_clutchtime_int_shared_layout@GameObjects@clutchtimecurtainstunnels1@Prototype_arena_curtains_prototype_2@curtain100x20_arena_straight300c_2:curtain100x20_arena_straight300c,,"[0.121869318,0.0,-0.992546082,0.0,0.0,1.0,0.0,0.0,0.992546082,0.0,0.121869318,0.0,-2715.13379,0.0,-669.419556,1.0]"
level.SCNE,arena_clutchtime_int_master@arena_clutchtime_int_shared_layout@GameObjects@doors@electical_outlet_common_aluminum_0:eletrical_oulet_common,OBJECT,arena_clutchtime_int_master@arena_clutchtime_int_shared_layout@GameObjects@doors@electical_outlet_common_aluminum:eletrical_oulet_common,,"[-1.0,-8.74227766e-08,-1.50995803e-07,0.0,-8.74227624e-08,1.0,-8.74227766e-08,0.0,1.50995817e-07,-8.74227624e-08,-1.0,0.0,2533.73877,1068.14661,2258.3186,1.0]"
level.SCNE,arena_clutchtime_int_master@arena_clutchtime_int_shared_layout@GameObjects@Prototype_arena_curtains_prototype@Prototype_arena@curtain100x20_arena_straight500c_183:curtain100x20_arena_straight500c,OBJECT,arena_clutchtime_int_master@arena_clutchtime_int_shared_layout@GameObjects@Prototype_arena_curtains_prototype@Prototype_arena_curtains_prototype_0@curtain100x20_arena_straight500c_8:curtain100x20_arena_straight500c,,"[-1.0,-8.74227766e-08,-1.50995803e-07,0.0,-8.74227624e-08,1.0,-8.74227766e-08,0.0,1.50995817e-07,-8.74227624e-08,-1.0,0.0,-38.6512756,1375.11304,2869.0,1.0]"
level.SCNE,arena_clutchtime_int_master@GameObjects@dorna@clutchtime_court_dornacorner_1:clutchtime_court_dornacorner_low,OBJECT,arena_clutchtime_int_master@GameObjects@dorna@clutchtime_court_dornacorner_1:clutchtime_court_dornacorner_low,,"[-1.0,-8.74227766e-08,0.0,0.0,-8.74227766e-08,1.0,-8.74227766e-08,0.0,7.64274186e-15,-8.74227766e-08,-1.0,0.0,-955.129883,0.0,-1400.0,1.0]"
level.SCNE,arena_clutchtime_int_master@arena_clutchtime_int_shared_layout@GameObjects@balcony_chairs@chair_arenacrowd_seatbackcushion_50:chair_arenacrowd_seatbackcushion_low,OBJECT,arena_clutchtime_int_master@arena_clutchtime_int_shared_layout@GameObjects@balcony_chairs@chair_arenacrowd_seatbackcushion_85:chair_arenacrowd_seatbackcushion_low,,"[1.0,0.0,0.0,0.0,0.0,1.0,0.0,0.0,0.0,0.0,1.0,0.0,-798.574036,759.56488,-2650.51172,1.0]"
level.SCNE,arena_clutchtime_int_master@arena_clutchtime_int_shared_layout@GameObjects@Prototype_arena_curtains_prototype@Prototype_arena_curtains_prototype_0@curtain100x20_arena_straight500c_61:curtain100x20_arena_straight500c,OBJECT,arena_clutchtime_int_master@arena_clutchtime_int_shared_layout@GameObjects@Prototype_arena_curtains_prototype@Prototype_arena_curtains_prototype_0@curtain100x20_arena_straight500c_8:curtain100x20_arena_straight500c,,"[1.0,0.0,0.0,0.0,0.0,1.0,0.0,0.0,0.0,0.0,1.0,0.0,-558.377258,1375.11304,-2969.03101,1.0]"
level.SCNE,arena_clutchtime_int_master@arena_clutchtime_int_shared_layout@GameObjects@balcony_lights@light_ceilinga_round_27:light_ceilinga_round_low,OBJECT,arena_clutchtime_int_master@arena_clutchtime_int_shared_layout@GameObjects@balcony_lights@light_ceilinga_round_85:light_ceilinga_round_low,,"[7.54979013e-08,-1.0,0.0,0.0,1.0,7.54979013e-08,0.0,0.0,0.0,0.0,1.0,0.0,-928.75293,643.825256,2396.93481,1.0]"
level.SCNE,arena_clutchtime_int_master@arena_clutchtime_int_shared_layout@GameObjects@doors@door_interiorwindowb_leftdbl_2:door_interiorwindowb_leftdbl,OBJECT,arena_clutchtime_int_master@arena_clutchtime_int_shared_layout@GameObjects@doors@door_interiorwindowb_leftdbl:door_interiorwindowb_leftdbl,arena_clutchtime_int_master@arena_clutchtime_int_shared_layout@GameObjects@doors@door_interiorwindowb_leftdbl_2:root,"[1.94707184e-07,0.0,1.0,0.0,0.0,1.0,0.0,0.0,-1.0,0.0,1.94707184e-07,0.0,-4222.03809,863.349854,2187.21948,1.0]"
level.SCNE,arena_clutchtime_int_master@arena_clutchtime_int_shared_layout@GameObjects@Prototype_arena_curtains_prototype@Prototype_arena_curtains_prototype_0@curtain100x20_arena_straight500c_142:curtain100x20_arena_straight500c,OBJECT,arena_clutchtime_int_master@arena_clutchtime_int_shared_layout@GameObjects@Prototype_arena_curtains_prototype@Prototype_arena_curtains_prototype_0@curtain100x20_arena_straight500c_8:curtain100x20_arena_straight500c,,"[1.0,0.0,0.0,0.0,0.0,1.0,0.0,0.0,0.0,0.0,1.0,0.0,-238.247192,759.56488,-2869.0,1.0]"
level.SCNE,arena_clutchtime_int_master@arena_clutchtime_int_shared_layout@GameObjects@balcony@clutchtime_balcony_b_5:clutchtime_balcony_b_low,OBJECT,arena_clutchtime_int_master@arena_clutchtime_int_shared_layout@GameObjects@balcony@clutchtime_balcony_b_8:clutchtime_balcony_b_low,,"[1.0,0.0,0.0,0.0,0.0,1.0,0.0,0.0,0.0,0.0,1.0,0.0,-799.952454,644.318787,-2346.14648,1.0]"
level.SCNE,arena_clutchtime_int_master@arena_clutchtime_int_shared_layout@GameObjects@balcony_chairs@chair_arenacrowd_seatbackcushion_56:chair_arenacrowd_seatbackcushion_low,OBJECT,arena_clutchtime_int_master@arena_clutchtime_int_shared_layout@GameObjects@balcony_chairs@chair_arenacrowd_seatbackcushion_85:chair_arenacrowd_seatbackcushion_low,,"[1.0,0.0,0.0,0.0,0.0,1.0,0.0,0.0,0.0,0.0,1.0,0.0,155.501877,1346.90601,-2512.00171,1.0]"
level.SCNE,arena_clutchtime_int_master@arena_clutchtime_int_shared_layout@GameObjects@balcony_lights@light_ceilinga_round_80:light_ceilinga_round_low,OBJECT,arena_clutchtime_int_master@arena_clutchtime_int_shared_layout@GameObjects@balcony_lights@light_ceilinga_round_85:light_ceilinga_round_low,,"[7.54979013e-08,-1.0,0.0,0.0,1.0,7.54979013e-08,0.0,0.0,0.0,0.0,1.0,0.0,-799.7453,1868.73694,-2370.64673,1.0]"
level.SCNE,arena_clutchtime_int_master@arena_clutchtime_int_shared_layout@GameObjects@balcony_chairs@chair_arenacrowd_seatbackcushion_128:chair_arenacrowd_seatbackcushion_low,OBJECT,arena_clutchtime_int_master@arena_clutchtime_int_shared_layout@GameObjects@balcony_chairs@chair_arenacrowd_seatbackcushion_85:chair_arenacrowd_seatbackcushion_low,,"[-1.0,-1.50995803e-07,0.0,0.0,-1.50995803e-07,1.0,-1.50995803e-07,0.0,2.27997332e-14,-1.50995803e-07,-1.0,0.0,-648.369812,731.35791,2512.00195,1.0]"
level.SCNE,arena_clutchtime_int_master@arena_clutchtime_int_shared_layout@GameObjects@Prototype_arena_curtains_prototype@Prototype_arena_curtains_prototype_0@curtain100x20_arena_straight500c_16:curtain100x20_arena_straight500c,OBJECT,arena_clutchtime_int_master@arena_clutchtime_int_shared_layout@GameObjects@Prototype_arena_curtains_prototype@Prototype_arena_curtains_prototype_0@curtain100x20_arena_straight500c_8:curtain100x20_arena_straight500c,,"[1.0,0.0,0.0,0.0,0.0,1.0,0.0,0.0,0.0,0.0,1.0,0.0,-657.030273,150.346558,-2969.03101,1.0]"
level.SCNE,arena_clutchtime_int_master@arena_clutchtime_int_shared_layout@GameObjects@mural_lights@lighting_suspendedtrack_metalb_29:lighting_suspendedtrack_metalb_low,OBJECT,arena_clutchtime_int_master@arena_clutchtime_int_shared_layout@GameObjects@mural_lights@lighting_suspendedtrack_metalb_19:lighting_suspendedtrack_metalb_low,,"[3.13916473e-07,0.0,1.0,0.0,-1.74512877e-07,1.0,5.47824657e-14,0.0,-1.0,-1.74512877e-07,3.13916473e-07,0.0,1736.21375,1002.4798,1813.3866,1.0]"
level.SCNE,arena_clutchtime_int_master@arena_clutchtime_int_shared_layout@GameObjects@doors@sign_exit_generic_2:sign_exit_generic,OBJECT,arena_clutchtime_int_master@arena_clutchtime_int_shared_layout@GameObjects@doors@sign_exit_generic_3:sign_exit_generic,,"[1.0,0.0,0.0,0.0,0.0,1.0,0.0,0.0,0.0,0.0,1.0,0.0,-4332.01953,1173.3501,-2182.25366,1.0]"
level.SCNE,arena_clutchtime_int_master@arena_clutchtime_int_shared_layout@GameObjects@Prototype_arena_curtains_prototype@Prototype_arena@curtain100x20_arena_straight500c_96:curtain100x20_arena_straight500c,OBJECT,arena_clutchtime_int_master@arena_clutchtime_int_shared_layout@GameObjects@Prototype_arena_curtains_prototype@Prototype_arena_curtains_prototype_0@curtain100x20_arena_straight500c_8:curtain100x20_arena_straight500c,,"[-1.0,0.0,-1.50995803e-07,0.0,0.0,1.0,0.0,0.0,1.50995803e-07,0.0,-1.0,0.0,1147.46753,759.56488,2997.40527,1.0]"
level.SCNE,arena_clutchtime_int_master@arena_clutchtime_int_shared_layout@GameObjects@balcony_chairs@chair_arenacrowd_seatbackcushion_111:chair_arenacrowd_seatbackcushion_low,OBJECT,arena_clutchtime_int_master@arena_clutchtime_int_shared_layout@GameObjects@balcony_chairs@chair_arenacrowd_seatbackcushion_85:chair_arenacrowd_seatbackcushion_low,,"[-1.0,-1.50995803e-07,0.0,0.0,-1.50995803e-07,1.0,-1.50995803e-07,0.0,2.27997332e-14,-1.50995803e-07,-1.0,0.0,53.0548897,731.35791,2512.00195,1.0]"
level.SCNE,arena_clutchtime_int_master@arena_clutchtime_int_shared_layout@GameObjects@balcony_chairs@chair_arenacrowd_seatbackcushion_22:chair_arenacrowd_seatbackcushion_low,OBJECT,arena_clutchtime_int_master@arena_clutchtime_int_shared_layout@GameObjects@balcony_chairs@chair_arenacrowd_seatbackcushion_85:chair_arenacrowd_seatbackcushion_low,,"[1.0,0.0,0.0,0.0,0.0,1.0,0.0,0.0,0.0,0.0,1.0,0.0,-902.283325,150.346558,-2650.51172,1.0]"
level.SCNE,arena_clutchtime_int_master@arena_clutchtime_int_shared_layout@GameObjects@Prototype_arena_curtains_prototype@Prototype_arena@curtain100x20_arena_straight500c_95:curtain100x20_arena_straight500c,OBJECT,arena_clutchtime_int_master@arena_clutchtime_int_shared_layout@GameObjects@Prototype_arena_curtains_prototype@Prototype_arena_curtains_prototype_0@curtain100x20_arena_straight500c_8:curtain100x20_arena_straight500c,,"[-1.0,0.0,-1.50995803e-07,0.0,0.0,1.0,0.0,0.0,1.50995803e-07,0.0,-1.0,0.0,851.304504,759.56488,2997.40527,1.0]"
level.SCNE,arena_clutchtime_int_master@arena_clutchtime_int_shared_layout@GameObjects@Prototype_arena_curtains_prototype@Prototype_arena@curtain100x20_arena_straight500c_165:curtain100x20_arena_straight500c,OBJECT,arena_clutchtime_int_master@arena_clutchtime_int_shared_layout@GameObjects@Prototype_arena_curtains_prototype@Prototype_arena_curtains_prototype_0@curtain100x20_arena_straight500c_8:curtain100x20_arena_straight500c,,"[-1.0,-8.74227766e-08,-1.50995803e-07,0.0,-8.74227624e-08,1.0,-8.74227766e-08,0.0,1.50995817e-07,-8.74227624e-08,-1.0,0.0,-1050.20203,759.56488,2869.0,1.0]"
level.SCNE,arena_clutchtime_int_master@arena_clutchtime_int_shared_layout@GameObjects@ceiling_panels@clutchtime_ceilingpanel_f_0:clutchtime_ceilingpanel_f_low,OBJECT,arena_clutchtime_int_master@arena_clutchtime_int_shared_layout@GameObjects@ceiling_panels@clutchtime_ceilingpanel_f:clutchtime_ceilingpanel_f_low,,"[7.54979013e-08,0.0,1.0,0.0,0.0,1.0,0.0,0.0,-1.0,0.0,7.54979013e-08,0.0,3867.72461,1322.90686,0.003852036,1.0]"
level.SCNE,arena_clutchtime_int_master@arena_clutchtime_int_shared_layout@GameObjects@balcony_lights@light_ceilinga_round_16:light_ceilinga_round_low,OBJECT,arena_clutchtime_int_master@arena_clutchtime_int_shared_layout@GameObjects@balcony_lights@light_ceilinga_round_85:light_ceilinga_round_low,,"[7.54979013e-08,-1.0,0.0,0.0,1.0,7.54979013e-08,0.0,0.0,0.0,0.0,1.0,0.0,-799.325684,1259.34619,2370.64673,1.0]"
level.SCNE,arena_clutchtime_int_master@arena_clutchtime_int_shared_layout@GameObjects@balcony_lights@light_ceilinga_round_1:light_ceilinga_round_low,OBJECT,arena_clutchtime_int_master@arena_clutchtime_int_shared_layout@GameObjects@balcony_lights@light_ceilinga_round_85:light_ceilinga_round_low,,"[7.54979013e-08,-1.0,0.0,0.0,1.0,7.54979013e-08,0.0,0.0,0.0,0.0,1.0,0.0,-129.113876,1259.34619,2396.93481,1.0]"
level.SCNE,arena_clutchtime_int_master@arena_clutchtime_int_shared_layout@GameObjects@balcony_chairs@chair_arenacrowd_seatbackcushion_140:chair_arenacrowd_seatbackcushion_low,OBJECT,arena_clutchtime_int_master@arena_clutchtime_int_shared_layout@GameObjects@balcony_chairs@chair_arenacrowd_seatbackcushion_85:chair_arenacrowd_seatbackcushion_low,,"[-1.0,-1.50995803e-07,0.0,0.0,-1.50995803e-07,1.0,-1.50995803e-07,0.0,2.27997332e-14,-1.50995803e-07,-1.0,0.0,-1.66258883,150.346619,2650.51196,1.0]"
level.SCNE,arena_clutchtime_int_master@arena_clutchtime_int_shared_layout@GameObjects@balcony_lights@light_ceilinga_round_72:light_ceilinga_round_low,OBJECT,arena_clutchtime_int_master@arena_clutchtime_int_shared_layout@GameObjects@balcony_lights@light_ceilinga_round_85:light_ceilinga_round_low,,"[7.54979013e-08,-1.0,0.0,0.0,1.0,7.54979013e-08,0.0,0.0,0.0,0.0,1.0,0.0,-237.321304,643.825256,-2470.06836,1.0]"
level.SCNE,arena_clutchtime_int_master@arena_clutchtime_int_shared_layout@GameObjects@balcony_chairs@chair_arenacrowd_seatbackcushion_119:chair_arenacrowd_seatbackcushion_low,OBJECT,arena_clutchtime_int_master@arena_clutchtime_int_shared_layout@GameObjects@balcony_chairs@chair_arenacrowd_seatbackcushion_85:chair_arenacrowd_seatbackcushion_low,,"[-1.0,-1.50995803e-07,0.0,0.0,-1.50995803e-07,1.0,-1.50995803e-07,0.0,2.27997332e-14,-1.50995803e-07,-1.0,0.0,950.737427,731.35791,2512.00195,1.0]"
level.SCNE,arena_clutchtime_int_master@arena_clutchtime_int_shared_layout@GameObjects@doors@electrical_outlet_industrial_0:electircal_outlet_industrial,OBJECT,arena_clutchtime_int_master@arena_clutchtime_int_shared_layout@GameObjects@doors@electrical_outlet_industrial_0:electircal_outlet_industrial,,"[-1.0,-1.50995803e-07,-1.50995803e-07,0.0,-1.50995774e-07,1.0,-1.50995803e-07,0.0,1.50995831e-07,-1.50995774e-07,-1.0,0.0,-4851.14307,893.350037,-2178.25049,1.0]"
level.SCNE,arena_clutchtime_int_master@arena_clutchtime_int_shared_layout@GameObjects@ceiling_panels@clutchtime_ceilingpanel_c_1:clutchtime_ceilingpanel_c_low,OBJECT,arena_clutchtime_int_master@arena_clutchtime_int_shared_layout@GameObjects@ceiling_panels@clutchtime_ceilingpanel_c_5:clutchtime_ceilingpanel_c_low,,"[7.54979013e-08,0.0,1.0,0.0,0.0,1.0,0.0,0.0,-1.0,0.0,7.54979013e-08,0.0,828.593262,2396.53125,0.003852036,1.0]"
level.SCNE,arena_clutchtime_int_master@arena_clutchtime_int_shared_layout@GameObjects@doors@door_interiorwindowb_rightdbl_0:door_interiorwindowb_rightdbl,OBJECT,arena_clutchtime_int_master@arena_clutchtime_int_shared_layout@GameObjects@doors@door_interiorwindowb_rightdbl_2:door_interiorwindowb_rightdbl,arena_clutchtime_int_master@arena_clutchtime_int_shared_layout@GameObjects@doors@door_interiorwindowb_rightdbl_0:root,"[7.54979013e-08,0.0,1.0,0.0,0.0,1.0,0.0,0.0,-1.0,0.0,7.54979013e-08,0.0,-4221.87402,863.350037,-2189.72363,1.0]"
level.SCNE,arena_clutchtime_int_master@arena_clutchtime_int_shared_layout@GameObjects@doors@doorframe_interiorhingeless_double_3:doorframe_interiorhingeless_double_low,OBJECT,arena_clutchtime_int_master@arena_clutchtime_int_shared_layout@GameObjects@doors@doorframe_interiorhingeless_double_0:doorframe_interiorhingeless_double_low,,"[-1.0,-8.74227766e-08,-1.50995803e-07,0.0,-8.74227624e-08,1.0,-8.74227766e-08,0.0,1.50995817e-07,-8.74227624e-08,-1.0,0.0,2381.10059,1029.63025,2259.07666,1.0]"
level.SCNE,arena_clutchtime_int_master@arena_clutchtime_int_shared_layout@GameObjects@ceiling_panels@clutchtime_ceilingpanel_e_3:clutchtime_ceilingpanel_e_low,OBJECT,arena_clutchtime_int_master@arena_clutchtime_int_shared_layout@GameObjects@ceiling_panels@clutchtime_ceilingpanel_e:clutchtime_ceilingpanel_e_low,,"[7.54979013e-08,0.0,-1.0,0.0,0.0,1.0,0.0,0.0,1.0,0.0,7.54979013e-08,0.0,-2673.91846,1303.35718,0.000128744,1.0]"
level.SCNE,arena_clutchtime_int_master@arena_clutchtime_int_shared_layout@GameObjects@balcony_chairs@chair_arenacrowd_seatbackcushion_94:chair_arenacrowd_seatbackcushion_low,OBJECT,arena_clutchtime_int_master@arena_clutchtime_int_shared_layout@GameObjects@balcony_chairs@chair_arenacrowd_seatbackcushion_85:chair_arenacrowd_seatbackcushion_low,,"[-1.0,-8.74227766e-08,0.0,0.0,-8.74227766e-08,1.0,-8.74227766e-08,0.0,7.64274186e-15,-8.74227766e-08,-1.0,0.0,692.548035,1375.11304,2650.51196,1.0]"
level.SCNE,arena_clutchtime_int_master@arena_clutchtime_int_shared_layout@GameObjects@mural_lights@lighting_suspendedtrack_metalb_11:lighting_suspendedtrack_metalb_low,OBJECT,arena_clutchtime_int_master@arena_clutchtime_int_shared_layout@GameObjects@mural_lights@lighting_suspendedtrack_metalb_19:lighting_suspendedtrack_metalb_low,,"[3.13916473e-07,0.0,1.0,0.0,-1.74512877e-07,1.0,5.47824657e-14,0.0,-1.0,-1.74512877e-07,3.13916473e-07,0.0,2021.32471,1490.65344,-623.507874,1.0]"
level.SCNE,arena_clutchtime_int_master@arena_clutchtime_int_shared_layout@GameObjects@balcony_lights@light_ceilinga_round_34:light_ceilinga_round_low,OBJECT,arena_clutchtime_int_master@arena_clutchtime_int_shared_layout@GameObjects@balcony_lights@light_ceilinga_round_85:light_ceilinga_round_low,,"[7.54979013e-08,-1.0,0.0,0.0,1.0,7.54979013e-08,0.0,0.0,0.0,0.0,1.0,0.0,929.281311,1259.34619,2396.93481,1.0]"
level.SCNE,arena_clutchtime_int_master@arena_clutchtime_int_shared_layout@GameObjects@balcony@clutchtime_balcony_b:clutchtime_balcony_b_low,OBJECT,arena_clutchtime_int_master@arena_clutchtime_int_shared_layout@GameObjects@balcony@clutchtime_balcony_b_8:clutchtime_balcony_b_low,,"[1.0,0.0,0.0,0.0,0.0,1.0,0.0,0.0,0.0,0.0,1.0,0.0,-0.313323975,644.318787,-2346.14648,1.0]"
level.SCNE,arena_clutchtime_int_master@arena_clutchtime_int_shared_layout@GameObjects@Prototype_arena_curtains_prototype@Prototype_arena@curtain100x20_arena_straight500c_81:curtain100x20_arena_straight500c,OBJECT,arena_clutchtime_int_master@arena_clutchtime_int_shared_layout@GameObjects@Prototype_arena_curtains_prototype@Prototype_arena_curtains_prototype_0@curtain100x20_arena_straight500c_8:curtain100x20_arena_straight500c,,"[-1.0,0.0,-1.50995803e-07,0.0,0.0,1.0,0.0,0.0,1.50995803e-07,0.0,-1.0,0.0,-753.353882,150.346558,2997.40527,1.0]"
level.SCNE,arena_clutchtime_int_master@arena_clutchtime_int_shared_layout@GameObjects@Prototype_arena_curtains_prototype@Prototype_arena@curtain100x20_arena_straight500c_119:curtain100x20_arena_straight500c,OBJECT,arena_clutchtime_int_master@arena_clutchtime_int_shared_layout@GameObjects@Prototype_arena_curtains_prototype@Prototype_arena_curtains_prototype_0@curtain100x20_arena_straight500c_8:curtain100x20_arena_straight500c,,"[-1.0,0.0,-1.50995803e-07,0.0,0.0,1.0,0.0,0.0,1.50995803e-07,0.0,-1.0,0.0,-951.101685,1375.11304,2997.40527,1.0]"
level.SCNE,arena_clutchtime_int_master@arena_clutchtime_int_shared_layout@GameObjects@balcony_chairs@chair_arenacrowd_seatbackcushion_105:chair_arenacrowd_seatbackcushion_low,OBJECT,arena_clutchtime_int_master@arena_clutchtime_int_shared_layout@GameObjects@balcony_chairs@chair_arenacrowd_seatbackcushion_85:chair_arenacrowd_seatbackcushion_low,,"[-1.0,-8.74227766e-08,0.0,0.0,-8.74227766e-08,1.0,-8.74227766e-08,0.0,7.64274186e-15,-8.74227766e-08,-1.0,0.0,-697.675964,1375.11304,2650.51196,1.0]"
level.SCNE,arena_clutchtime_int_master@arena_clutchtime_int_shared_layout@GameObjects@Prototype_arena_curtains_prototype@Prototype_arena_curtains_prototype_0@curtain100x20_arena_straight500c_151:curtain100x20_arena_straight500c,OBJECT,arena_clutchtime_int_master@arena_clutchtime_int_shared_layout@GameObjects@Prototype_arena_curtains_prototype@Prototype_arena_curtains_prototype_0@curtain100x20_arena_straight500c_8:curtain100x20_arena_straight500c,,"[1.0,0.0,0.0,0.0,0.0,1.0,0.0,0.0,0.0,0.0,1.0,0.0,-953.878479,1375.11304,-2869.0,1.0]"
level.SCNE,arena_clutchtime_int_master@arena_clutchtime_int_shared_layout@GameObjects@balcony_lights@light_ceilinga_round_41:light_ceilinga_round_low,OBJECT,arena_clutchtime_int_master@arena_clutchtime_int_shared_layout@GameObjects@balcony_lights@light_ceilinga_round_85:light_ceilinga_round_low,,"[7.54979013e-08,-1.0,0.0,0.0,1.0,7.54979013e-08,0.0,0.0,0.0,0.0,1.0,0.0,799.952515,643.825256,2370.64673,1.0]"
level.SCNE,arena_clutchtime_int_master@arena_clutchtime_int_shared_layout@GameObjects@balcony@clutchtime_balcony_b_14:clutchtime_balcony_b_low,OBJECT,arena_clutchtime_int_master@arena_clutchtime_int_shared_layout@GameObjects@balcony@clutchtime_balcony_b_8:clutchtime_balcony_b_low,,"[-1.0,-1.50995803e-07,0.0,0.0,-1.50995803e-07,1.0,-1.50995803e-07,0.0,2.27997332e-14,-1.50995803e-07,-1.0,0.0,-799.952148,644.318787,2346.146,1.0]"
level.SCNE,arena_clutchtime_int_master@arena_clutchtime_int_shared_layout@GameObjects@doors@sign_exit_generic_0:sign_exit_generic,OBJECT,arena_clutchtime_int_master@arena_clutchtime_int_shared_layout@GameObjects@doors@sign_exit_generic_3:sign_exit_generic,,"[1.0,-8.74227766e-08,0.0,0.0,8.74227766e-08,1.0,8.74227908e-08,0.0,-7.64274271e-15,-8.74227908e-08,1.0,0.0,2684.7915,1339.63025,2256.63013,1.0]"
level.SCNE,arena_clutchtime_int_master@arena_clutchtime_int_shared_layout@GameObjects@balcony_lights@light_ceilinga_round_87:light_ceilinga_round_low,OBJECT,arena_clutchtime_int_master@arena_clutchtime_int_shared_layout@GameObjects@balcony_lights@light_ceilinga_round_85:light_ceilinga_round_low,,"[7.54979013e-08,-1.0,0.0,0.0,1.0,7.54979013e-08,0.0,0.0,0.0,0.0,1.0,0.0,-670.416504,643.825256,-2396.93481,1.0]"
level.SCNE,arena_clutchtime_int_master@arena_clutchtime_int_shared_layout@GameObjects@balcony_lights@light_ceilinga_round_70:light_ceilinga_round_low,OBJECT,arena_clutchtime_int_master@arena_clutchtime_int_shared_layout@GameObjects@balcony_lights@light_ceilinga_round_85:light_ceilinga_round_low,,"[7.54979013e-08,-1.0,0.0,0.0,1.0,7.54979013e-08,0.0,0.0,0.0,0.0,1.0,0.0,-0.328385592,643.825256,-2370.64673,1.0]"
level.SCNE,arena_clutchtime_int_master@arena_clutchtime_int_shared_layout@GameObjects@ceiling_panelslights@clutchtime_ceilingpanellight_e_5:clutchtime_ceilingpanellight_e_low,OBJECT,arena_clutchtime_int_master@arena_clutchtime_int_shared_layout@GameObjects@ceiling_panelslights@clutchtime_ceilingpanellight_e_4:clutchtime_ceilingpanellight_e_low,,"[1.94707184e-07,0.0,1.0,0.0,0.0,1.0,0.0,0.0,-1.0,0.0,1.94707184e-07,0.0,1146.1488,2601.18628,8.58306885e-05,1.0]"
level.SCNE,arena_clutchtime_int_master@arena_clutchtime_int_shared_layout@GameObjects@balcony_chairs@chair_arenacrowd_seatbackcushion_34:chair_arenacrowd_seatbackcushion_low,OBJECT,arena_clutchtime_int_master@arena_clutchtime_int_shared_layout@GameObjects@balcony_chairs@chair_arenacrowd_seatbackcushion_85:chair_arenacrowd_seatbackcushion_low,,"[1.0,0.0,0.0,0.0,0.0,1.0,0.0,0.0,0.0,0.0,1.0,0.0,204.853592,759.56488,-2650.51172,1.0]"
level.SCNE,arena_clutchtime_int_master@arena_clutchtime_int_shared_layout@GameObjects@Prototype_arena_curtains_prototype@Prototype_arena_curtains_prototype_0@curtain100x20_arena_straight500c_5:curtain100x20_arena_straight500c,OBJECT,arena_clutchtime_int_master@arena_clutchtime_int_shared_layout@GameObjects@Prototype_arena_curtains_prototype@Prototype_arena_curtains_prototype_0@curtain100x20_arena_straight500c_8:curtain100x20_arena_straight500c,,"[1.0,0.0,0.0,0.0,0.0,1.0,0.0,0.0,0.0,0.0,1.0,0.0,453.269867,150.346558,-2969.03101,1.0]"
level.SCNE,arena_clutchtime_int_master@arena_clutchtime_int_shared_layout@GameObjects@balcony_chairs@chair_arenacrowd_seatbackcushion_76:chair_arenacrowd_seatbackcushion_low,OBJECT,arena_clutchtime_int_master@arena_clutchtime_int_shared_layout@GameObjects@balcony_chairs@chair_arenacrowd_seatbackcushion_85:chair_arenacrowd_seatbackcushion_low,,"[1.0,0.0,0.0,0.0,0.0,1.0,0.0,0.0,0.0,0.0,1.0,0.0,-902.283325,1375.11304,-2650.51172,1.0]"
level.SCNE,arena_clutchtime_int_master@arena_clutchtime_int_shared_layout@GameObjects@Prototype_arena_curtains_prototype@Prototype_arena@curtain100x20_arena_straight500c_103:curtain100x20_arena_straight500c,OBJECT,arena_clutchtime_int_master@arena_clutchtime_int_shared_layout@GameObjects@Prototype_arena_curtains_prototype@Prototype_arena_curtains_prototype_0@curtain100x20_arena_straight500c_8:curtain100x20_arena_straight500c,,"[-1.0,0.0,-1.50995803e-07,0.0,0.0,1.0,0.0,0.0,1.50995803e-07,0.0,-1.0,0.0,-457.190857,759.56488,2997.40527,1.0]"
level.SCNE,arena_clutchtime_int_master@arena_clutchtime_int_shared_layout@GameObjects@Prototype_arena_curtains_prototype@Prototype_arena_curtains_prototype_0@curtain100x20_arena_straight500c_41:curtain100x20_arena_straight500c,OBJECT,arena_clutchtime_int_master@arena_clutchtime_int_shared_layout@GameObjects@Prototype_arena_curtains_prototype@Prototype_arena_curtains_prototype_0@curtain100x20_arena_straight500c_8:curtain100x20_arena_straight500c,,"[1.0,0.0,0.0,0.0,0.0,1.0,0.0,0.0,0.0,0.0,1.0,0.0,-337.347687,1375.11304,-2969.03101,1.0]"
level.SCNE,arena_clutchtime_int_master@arena_clutchtime_int_shared_layout@GameObjects@balcony_chairs@chair_arenacrowd_seatbackcushion_36:chair_arenacrowd_seatbackcushion_low,OBJECT,arena_clutchtime_int_master@arena_clutchtime_int_shared_layout@GameObjects@balcony_chairs@chair_arenacrowd_seatbackcushion_85:chair_arenacrowd_seatbackcushion_low,,"[1.0,0.0,0.0,0.0,0.0,1.0,0.0,0.0,0.0,0.0,1.0,0.0,597.579712,759.56488,-2650.51196,1.0]"
level.SCNE,arena_clutchtime_int_master@arena_clutchtime_int_shared_layout@GameObjects@balcony_lights@light_ceilinga_round_78:light_ceilinga_round_low,OBJECT,arena_clutchtime_int_master@arena_clutchtime_int_shared_layout@GameObjects@balcony_lights@light_ceilinga_round_85:light_ceilinga_round_low,,"[7.54979013e-08,-1.0,0.0,0.0,1.0,7.54979013e-08,0.0,0.0,0.0,0.0,1.0,0.0,-670.416504,1259.34619,-2396.93481,1.0]"
level.SCNE,arena_clutchtime_int_master@arena_clutchtime_int_shared_layout@GameObjects@Prototype_arena_curtains_prototype@Prototype_arena_curtains_prototype_0@curtain100x20_arena_straight500c_147:curtain100x20_arena_straight500c,OBJECT,arena_clutchtime_int_master@arena_clutchtime_int_shared_layout@GameObjects@Prototype_arena_curtains_prototype@Prototype_arena_curtains_prototype_0@curtain100x20_arena_straight500c_8:curtain100x20_arena_straight500c,,"[1.0,0.0,0.0,0.0,0.0,1.0,0.0,0.0,0.0,0.0,1.0,0.0,-953.878479,759.56488,-2869.0,1.0]"
level.SCNE,arena_clutchtime_int_master@arena_clutchtime_int_shared_layout@GameObjects@balcony@clutchtime_balcony_column_2:clutchtime_balcony_column_low,OBJECT,arena_clutchtime_int_master@arena_clutchtime_int_shared_layout@GameObjects@balcony@clutchtime_balcony_column_5:clutchtime_balcony_column_low,,"[1.0,0.0,0.0,0.0,0.0,1.0,0.0,0.0,0.0,0.0,1.0,0.0,1185.00684,0.0,-2778.37354,1.0]"
level.SCNE,arena_clutchtime_int_master@arena_clutchtime_int_shared_layout@GameObjects@Prototype_arena_curtains_prototype@Prototype_arena_curtains_prototype_0@curtain100x20_arena_straight500c_144:curtain100x20_arena_straight500c,OBJECT,arena_clutchtime_int_master@arena_clutchtime_int_shared_layout@GameObjects@Prototype_arena_curtains_prototype@Prototype_arena_curtains_prototype_0@curtain100x20_arena_straight500c_8:curtain100x20_arena_straight500c,,"[1.0,0.0,0.0,0.0,0.0,1.0,0.0,0.0,0.0,0.0,1.0,0.0,-40.4994583,759.56488,-2869.0,1.0]"
level.SCNE,arena_clutchtime_int_master@arena_clutchtime_int_shared_layout@GameObjects@balcony_chairs@chair_arenacrowd_seatbackcushion_11:chair_arenacrowd_seatbackcushion_low,OBJECT,arena_clutchtime_int_master@arena_clutchtime_int_shared_layout@GameObjects@balcony_chairs@chair_arenacrowd_seatbackcushion_85:chair_arenacrowd_seatbackcushion_low,,"[1.0,0.0,0.0,0.0,0.0,1.0,0.0,0.0,0.0,0.0,1.0,0.0,955.854553,122.139526,-2512.00171,1.0]"
level.SCNE,arena_clutchtime_int_master@arena_clutchtime_int_shared_layout@GameObjects@balcony_lights@light_ceilinga_round_74:light_ceilinga_round_low,OBJECT,arena_clutchtime_int_master@arena_clutchtime_int_shared_layout@GameObjects@balcony_lights@light_ceilinga_round_85:light_ceilinga_round_low,,"[7.54979013e-08,-1.0,0.0,0.0,1.0,7.54979013e-08,0.0,0.0,0.0,0.0,1.0,0.0,237.251572,643.825317,-2470.06836,1.0]"
level.SCNE,arena_clutchtime_int_master@arena_clutchtime_int_shared_layout@GameObjects@Prototype_arena_curtains_prototype@Prototype_arena_curtains_prototype_0@curtain100x20_arena_straight500c_150:curtain100x20_arena_straight500c,OBJECT,arena_clutchtime_int_master@arena_clutchtime_int_shared_layout@GameObjects@Prototype_arena_curtains_prototype@Prototype_arena_curtains_prototype_0@curtain100x20_arena_straight500c_8:curtain100x20_arena_straight500c,,"[1.0,0.0,0.0,0.0,0.0,1.0,0.0,0.0,0.0,0.0,1.0,0.0,-1052.28809,1375.11304,-2869.0,1.0]"
level.SCNE,arena_clutchtime_int_master@GameObjects@dorna@clutchtime_court_dorna_9:clutchtime_court_dorna_low,OBJECT,arena_clutchtime_int_master@GameObjects@dorna@clutchtime_court_dorna_7:clutchtime_court_dorna_low,,"[1.0,0.0,0.0,0.0,0.0,1.0,0.0,0.0,0.0,0.0,1.0,0.0,955.129883,0.0,600.0,1.0]"
level.SCNE,arena_clutchtime_int_master@arena_clutchtime_int_shared_layout@GameObjects@ceiling_panelslights@clutchtime_ceilingpanellight_a_3:clutchtime_ceilingpanellight_a_low,OBJECT,arena_clutchtime_int_master@arena_clutchtime_int_shared_layout@GameObjects@ceiling_panelslights@clutchtime_ceilingpanellight_a_3:clutchtime_ceilingpanellight_a_low,,"[3.13916473e-07,0.0,1.0,0.0,0.0,1.0,0.0,0.0,-1.0,0.0,3.13916473e-07,0.0,2220.80347,1457.26575,-8.58306885e-05,1.0]"
level.SCNE,arena_clutchtime_int_master@arena_clutchtime_int_shared_layout@GameObjects@doors@electrical_switch_double_1:light_switch_double_low,OBJECT,arena_clutchtime_int_master@arena_clutchtime_int_shared_layout@GameObjects@doors@electrical_switch_double_1:light_switch_double_low,,"[-1.0,-8.74227766e-08,-1.50995803e-07,0.0,-8.74227624e-08,1.0,-8.74227766e-08,0.0,1.50995817e-07,-8.74227624e-08,-1.0,0.0,-4168.84814,988.349792,2181.61646,1.0]"
level.SCNE,arena_clutchtime_int_master@arena_clutchtime_int_shared_layout@GameObjects@balcony_chairs@chair_arenacrowd_seatbackcushion_19:chair_arenacrowd_seatbackcushion_low,OBJECT,arena_clutchtime_int_master@arena_clutchtime_int_shared_layout@GameObjects@balcony_chairs@chair_arenacrowd_seatbackcushion_85:chair_arenacrowd_seatbackcushion_low,,"[1.0,0.0,0.0,0.0,0.0,1.0,0.0,0.0,0.0,0.0,1.0,0.0,-853.308228,122.139526,-2512.00171,1.0]"
level.SCNE,arena_clutchtime_int_master@arena_clutchtime_int_shared_layout@GameObjects@balcony_chairs@chair_arenacrowd_seatbackcushion_45:chair_arenacrowd_seatbackcushion_low,OBJECT,arena_clutchtime_int_master@arena_clutchtime_int_shared_layout@GameObjects@balcony_chairs@chair_arenacrowd_seatbackcushion_85:chair_arenacrowd_seatbackcushion_low,,"[1.0,0.0,0.0,0.0,0.0,1.0,0.0,0.0,0.0,0.0,1.0,0.0,-1001.19342,759.56488,-2650.51196,1.0]"
level.SCNE,arena_clutchtime_int_master@arena_clutchtime_int_shared_layout@GameObjects@Prototype_arena_curtains_prototype@Prototype_arena_curtains_prototype_0@curtain100x20_arena_straight500c_4:curtain100x20_arena_straight500c,OBJECT,arena_clutchtime_int_master@arena_clutchtime_int_shared_layout@GameObjects@Prototype_arena_curtains_prototype@Prototype_arena_curtains_prototype_0@curtain100x20_arena_straight500c_8:curtain100x20_arena_straight500c,,"[1.0,0.0,0.0,0.0,0.0,1.0,0.0,0.0,0.0,0.0,1.0,0.0,-40.4994583,150.346558,-2969.03101,1.0]"
level.SCNE,arena_clutchtime_int_master@arena_clutchtime_int_shared_layout@GameObjects@Prototype_arena_curtains_prototype@Prototype_arena_curtains_prototype_0@curtain100x20_arena_straight500c_49:curtain100x20_arena_straight500c,OBJECT,arena_clutchtime_int_master@arena_clutchtime_int_shared_layout@GameObjects@Prototype_arena_curtains_prototype@Prototype_arena_curtains_prototype_0@curtain100x20_arena_straight500c_8:curtain100x20_arena_straight500c,,"[1.0,0.0,0.0,0.0,0.0,1.0,0.0,0.0,0.0,0.0,1.0,0.0,552.370361,1375.11304,-2969.03101,1.0]"
level.SCNE,arena_clutchtime_int_master@arena_clutchtime_int_shared_layout@GameObjects@Prototype_arena_curtains_prototype@Prototype_arena@curtain100x20_arena_straight500c_71:curtain100x20_arena_straight500c,OBJECT,arena_clutchtime_int_master@arena_clutchtime_int_shared_layout@GameObjects@Prototype_arena_curtains_prototype@Prototype_arena_curtains_prototype_0@curtain100x20_arena_straight500c_8:curtain100x20_arena_straight500c,,"[-1.0,0.0,-1.50995803e-07,0.0,0.0,1.0,0.0,0.0,1.50995803e-07,0.0,-1.0,0.0,751.966309,150.346558,2997.40527,1.0]"
level.SCNE,arena_clutchtime_int_master@arena_clutchtime_int_shared_layout@GameObjects@balcony_lights@light_ceilinga_round_55:light_ceilinga_round_low,OBJECT,arena_clutchtime_int_master@arena_clutchtime_int_shared_layout@GameObjects@balcony_lights@light_ceilinga_round_85:light_ceilinga_round_low,,"[7.54979013e-08,-1.0,0.0,0.0,1.0,7.54979013e-08,0.0,0.0,0.0,0.0,1.0,0.0,799.952515,643.825256,-2370.64673,1.0]"
level.SCNE,arena_clutchtime_int_master@arena_clutchtime_int_shared_layout@GameObjects@balcony_lights@light_ceilinga_round_32:light_ceilinga_round_low,OBJECT,arena_clutchtime_int_master@arena_clutchtime_int_shared_layout@GameObjects@balcony_lights@light_ceilinga_round_85:light_ceilinga_round_low,,"[7.54979013e-08,-1.0,0.0,0.0,1.0,7.54979013e-08,0.0,0.0,0.0,0.0,1.0,0.0,670.525269,1259.34619,2396.93481,1.0]"
level.SCNE,arena_clutchtime_int_master@arena_clutchtime_int_shared_layout@GameObjects@balcony_chairs@chair_arenacrowd_seatbackcushion_41:chair_arenacrowd_seatbackcushion_low,OBJECT,arena_clutchtime_int_master@arena_clutchtime_int_shared_layout@GameObjects@balcony_chairs@chair_arenacrowd_seatbackcushion_85:chair_arenacrowd_seatbackcushion_low,,"[1.0,0.0,0.0,0.0,0.0,1.0,0.0,0.0,0.0,0.0,1.0,0.0,800.719849,759.56488,-2650.51172,1.0]"
level.SCNE,arena_clutchtime_int_master@arena_clutchtime_int_shared_layout@GameObjects@Prototype_arena_curtains_prototype@Prototype_arena_curtains_prototype_0@curtain100x20_arena_straight500c_30:curtain100x20_arena_straight500c,OBJECT,arena_clutchtime_int_master@arena_clutchtime_int_shared_layout@GameObjects@Prototype_arena_curtains_prototype@Prototype_arena_curtains_prototype_0@curtain100x20_arena_straight500c_8:curtain100x20_arena_straight500c,,"[1.0,0.0,0.0,0.0,0.0,1.0,0.0,0.0,0.0,0.0,1.0,0.0,947.628113,759.56488,-2969.03101,1.0]"
level.SCNE,arena_clutchtime_int_master@arena_clutchtime_int_shared_layout@GameObjects@balcony_lights@light_ceilinga_round_84:light_ceilinga_round_low,OBJECT,arena_clutchtime_int_master@arena_clutchtime_int_shared_layout@GameObjects@balcony_lights@light_ceilinga_round_85:light_ceilinga_round_low,,"[7.54979013e-08,-1.0,0.0,0.0,1.0,7.54979013e-08,0.0,0.0,0.0,0.0,1.0,0.0,-562.165344,1868.73694,-2470.06812,1.0]"
level.SCNE,arena_clutchtime_int_master@arena_clutchtime_int_shared_layout@GameObjects@mural_lights@lighting_suspendedtrack_metalb_17:lighting_suspendedtrack_metalb_low,OBJECT,arena_clutchtime_int_master@arena_clutchtime_int_shared_layout@GameObjects@mural_lights@lighting_suspendedtrack_metalb_19:lighting_suspendedtrack_metalb_low,,"[3.13916473e-07,0.0,1.0,0.0,-1.74512877e-07,1.0,5.47824657e-14,0.0,-1.0,-1.74512877e-07,3.13916473e-07,0.0,1759.45605,1490.65344,-1648.45251,1.0]"
level.SCNE,arena_clutchtime_int_master@arena_clutchtime_int_shared_layout@GameObjects@balcony_chairs@chair_arenacrowd_seatbackcushion_88:chair_arenacrowd_seatbackcushion_low,OBJECT,arena_clutchtime_int_master@arena_clutchtime_int_shared_layout@GameObjects@balcony_chairs@chair_arenacrowd_seatbackcushion_85:chair_arenacrowd_seatbackcushion_low,,"[-1.0,-8.74227766e-08,0.0,0.0,-8.74227766e-08,1.0,-8.74227766e-08,0.0,7.64274186e-15,-8.74227766e-08,-1.0,0.0,200.914215,1375.11304,2650.51196,1.0]"
level.SCNE,arena_clutchtime_int_master@arena_clutchtime_int_shared_layout@GameObjects@balcony_chairs@chair_arenacrowd_seatbackcushion_3:chair_arenacrowd_seatbackcushion_low,OBJECT,arena_clutchtime_int_master@arena_clutchtime_int_shared_layout@GameObjects@balcony_chairs@chair_arenacrowd_seatbackcushion_85:chair_arenacrowd_seatbackcushion_low,,"[1.0,0.0,0.0,0.0,0.0,1.0,0.0,0.0,0.0,0.0,1.0,0.0,51.3363609,122.139526,-2512.00171,1.0]"
level.SCNE,arena_clutchtime_int_master@arena_clutchtime_int_shared_layout@GameObjects@Prototype_arena_curtains_prototype@Prototype_arena@curtain100x20_arena_straight500c_178:curtain100x20_arena_straight500c,OBJECT,arena_clutchtime_int_master@arena_clutchtime_int_shared_layout@GameObjects@Prototype_arena_curtains_prototype@Prototype_arena_curtains_prototype_0@curtain100x20_arena_straight500c_8:curtain100x20_arena_straight500c,,"[-1.0,-8.74227766e-08,-1.50995803e-07,0.0,-8.74227624e-08,1.0,-8.74227766e-08,0.0,1.50995817e-07,-8.74227624e-08,-1.0,0.0,-137.060791,759.56488,2869.0,1.0]"
level.SCNE,arena_clutchtime_int_master@arena_clutchtime_int_shared_layout@GameObjects@balcony_lights@light_ceilinga_round_66:light_ceilinga_round_low,OBJECT,arena_clutchtime_int_master@arena_clutchtime_int_shared_layout@GameObjects@balcony_lights@light_ceilinga_round_85:light_ceilinga_round_low,,"[7.54979013e-08,-1.0,0.0,0.0,1.0,7.54979013e-08,0.0,0.0,0.0,0.0,1.0,0.0,-129.75563,1868.73694,-2396.93481,1.0]"
level.SCNE,arena_clutchtime_int_master@arena_clutchtime_int_shared_layout@GameObjects@balcony_chairs@chair_arenacrowd_seatbackcushion_5:chair_arenacrowd_seatbackcushion_low,OBJECT,arena_clutchtime_int_master@arena_clutchtime_int_shared_layout@GameObjects@balcony_chairs@chair_arenacrowd_seatbackcushion_85:chair_arenacrowd_seatbackcushion_low,,"[1.0,0.0,0.0,0.0,0.0,1.0,0.0,0.0,0.0,0.0,1.0,0.0,0.5741539,150.346558,-2650.51172,1.0]"
level.SCNE,arena_clutchtime_int_master@arena_clutchtime_int_shared_layout@GameObjects@balcony@clutchtime_balcony_b_11:clutchtime_balcony_b_low,OBJECT,arena_clutchtime_int_master@arena_clutchtime_int_shared_layout@GameObjects@balcony@clutchtime_balcony_b_8:clutchtime_balcony_b_low,,"[-1.0,-1.50995803e-07,0.0,0.0,-1.50995803e-07,1.0,-1.50995803e-07,0.0,2.27997332e-14,-1.50995803e-07,-1.0,0.0,799.326111,644.318787,2346.146,1.0]"
level.SCNE,arena_clutchtime_int_master@arena_clutchtime_int_shared_layout@GameObjects@balcony_chairs@chair_arenacrowd_seatbackcushion_137:chair_arenacrowd_seatbackcushion_low,OBJECT,arena_clutchtime_int_master@arena_clutchtime_int_shared_layout@GameObjects@balcony_chairs@chair_arenacrowd_seatbackcushion_85:chair_arenacrowd_seatbackcushion_low,,"[-1.0,-1.50995803e-07,0.0,0.0,-1.50995803e-07,1.0,-1.50995803e-07,0.0,2.27997332e-14,-1.50995803e-07,-1.0,0.0,151.200012,122.139587,2512.00195,1.0]"
level.SCNE,arena_clutchtime_int_master@arena_clutchtime_int_shared_layout@GameObjects@balcony@clutchtime_balcony_column_0:clutchtime_balcony_column_low,OBJECT,arena_clutchtime_int_master@arena_clutchtime_int_shared_layout@GameObjects@balcony@clutchtime_balcony_column_5:clutchtime_balcony_column_low,,"[1.0,0.0,0.0,0.0,0.0,1.0,0.0,0.0,0.0,0.0,1.0,0.0,-414.271393,0.0,-2778.37354,1.0]"
level.SCNE,arena_clutchtime_int_master@arena_clutchtime_int_shared_layout@GameObjects@Prototype_arena_curtains_prototype@Prototype_arena_curtains_prototype_0@curtain100x20_arena_straight500c_23:curtain100x20_arena_straight500c,OBJECT,arena_clutchtime_int_master@arena_clutchtime_int_shared_layout@GameObjects@Prototype_arena_curtains_prototype@Prototype_arena_curtains_prototype_0@curtain100x20_arena_straight500c_8:curtain100x20_arena_straight500c,,"[1.0,0.0,0.0,0.0,0.0,1.0,0.0,0.0,0.0,0.0,1.0,0.0,157.010544,759.56488,-2969.03101,1.0]"
level.SCNE,arena_clutchtime_int_master@arena_clutchtime_int_shared_layout@GameObjects@balcony_lights@light_ceilinga_round_0:light_ceilinga_round_low,OBJECT,arena_clutchtime_int_master@arena_clutchtime_int_shared_layout@GameObjects@balcony_lights@light_ceilinga_round_85:light_ceilinga_round_low,,"[7.54979013e-08,-1.0,0.0,0.0,1.0,7.54979013e-08,0.0,0.0,0.0,0.0,1.0,0.0,0.313334852,1259.34619,2370.64673,1.0]"
level.SCNE,arena_clutchtime_int_master@arena_clutchtime_int_shared_layout@GameObjects@balcony@clutchtime_balcony_railing_0:clutchtime_balcony_railing_low,OBJECT,arena_clutchtime_int_master@arena_clutchtime_int_shared_layout@GameObjects@balcony@clutchtime_balcony_railing_12:clutchtime_balcony_railing_low,,"[1.0,0.0,0.0,0.0,0.0,1.0,0.0,0.0,0.0,0.0,1.0,0.0,798.312988,789.231567,-2321.06079,1.0]"
level.SCNE,arena_clutchtime_int_master@arena_clutchtime_int_shared_layout@GameObjects@doors@door_interiorwindowb_rightdbl_6:door_interiorwindowb_rightdbl,OBJECT,arena_clutchtime_int_master@arena_clutchtime_int_shared_layout@GameObjects@doors@door_interiorwindowb_rightdbl_2:door_interiorwindowb_rightdbl,arena_clutchtime_int_master@arena_clutchtime_int_shared_layout@GameObjects@doors@door_interiorwindowb_rightdbl_6:root,"[7.54979013e-08,0.0,1.0,0.0,0.0,1.0,0.0,0.0,-1.0,0.0,7.54979013e-08,0.0,2792.76294,1029.63025,-2266.4917,1.0]"
level.SCNE,arena_clutchtime_int_master@arena_clutchtime_int_shared_layout@GameObjects@balcony_lights@light_ceilinga_round_45:light_ceilinga_round_low,OBJECT,arena_clutchtime_int_master@arena_clutchtime_int_shared_layout@GameObjects@balcony_lights@light_ceilinga_round_85:light_ceilinga_round_low,,"[7.54979013e-08,-1.0,0.0,0.0,1.0,7.54979013e-08,0.0,0.0,0.0,0.0,1.0,0.0,1037.53247,643.825256,2470.06836,1.0]"
level.SCNE,arena_clutchtime_int_master@arena_clutchtime_int_shared_layout@GameObjects@Prototype_arena_curtains_prototype@Prototype_arena_curtains_prototype_0@curtain100x20_arena_straight500c_45:curtain100x20_arena_straight500c,OBJECT,arena_clutchtime_int_master@arena_clutchtime_int_shared_layout@GameObjects@Prototype_arena_curtains_prototype@Prototype_arena_curtains_prototype_0@curtain100x20_arena_straight500c_8:curtain100x20_arena_straight500c,,"[1.0,0.0,0.0,0.0,0.0,1.0,0.0,0.0,0.0,0.0,1.0,0.0,58.6010361,1375.11304,-2969.03101,1.0]"
level.SCNE,arena_clutchtime_int_master@arena_clutchtime_int_shared_layout@GameObjects@Prototype_arena_curtains_prototype@Prototype_arena@curtain100x20_arena_straight500c_123:curtain100x20_arena_straight500c,OBJECT,arena_clutchtime_int_master@arena_clutchtime_int_shared_layout@GameObjects@Prototype_arena_curtains_prototype@Prototype_arena_curtains_prototype_0@curtain100x20_arena_straight500c_8:curtain100x20_arena_straight500c,,"[-1.0,0.0,-1.50995803e-07,0.0,0.0,1.0,0.0,0.0,1.50995803e-07,0.0,-1.0,0.0,-753.353882,1375.11304,2997.40527,1.0]"
level.SCNE,arena_clutchtime_int_master@arena_clutchtime_int_shared_layout@GameObjects@Prototype_arena_curtains_prototype@Prototype_arena@curtain100x20_arena_straight500c_107:curtain100x20_arena_straight500c,OBJECT,arena_clutchtime_int_master@arena_clutchtime_int_shared_layout@GameObjects@Prototype_arena_curtains_prototype@Prototype_arena_curtains_prototype_0@curtain100x20_arena_straight500c_8:curtain100x20_arena_straight500c,,"[-1.0,0.0,-1.50995803e-07,0.0,0.0,1.0,0.0,0.0,1.50995803e-07,0.0,-1.0,0.0,258.19696,1375.11304,2997.40527,1.0]"
level.SCNE,arena_clutchtime_int_master@arena_clutchtime_int_shared_layout@GameObjects@clutchtimecurtainstunnels1@Prototype_arena_curtains_prototype_2@curtain100x20_arena_straight300c_1:curtain100x20_arena_straight300c,OBJECT,arena_clutchtime_int_master@arena_clutchtime_int_shared_layout@GameObjects@clutchtimecurtainstunnels1@Prototype_arena_curtains_prototype_2@curtain100x20_arena_straight300c_2:curtain100x20_arena_straight300c,,"[0.121869326,0.0,-0.992546141,0.0,0.0,1.0,0.0,0.0,0.992546141,0.0,0.121869326,0.0,-2728.11743,0.0,-577.941406,1.0]"
level.SCNE,arena_clutchtime_int_master@arena_clutchtime_int_shared_layout@GameObjects@balcony_chairs@chair_arenacrowd_seatbackcushion_6:chair_arenacrowd_seatbackcushion_low,OBJECT,arena_clutchtime_int_master@arena_clutchtime_int_shared_layout@GameObjects@balcony_chairs@chair_arenacrowd_seatbackcushion_85:chair_arenacrowd_seatbackcushion_low,,"[1.0,0.0,0.0,0.0,0.0,1.0,0.0,0.0,0.0,0.0,1.0,0.0,106.070526,150.346558,-2650.51172,1.0]"
level.SCNE,arena_clutchtime_int_master@arena_clutchtime_int_shared_layout@GameObjects@balcony_chairs@chair_arenacrowd_seatbackcushion_23:chair_arenacrowd_seatbackcushion_low,OBJECT,arena_clutchtime_int_master@arena_clutchtime_int_shared_layout@GameObjects@balcony_chairs@chair_arenacrowd_seatbackcushion_85:chair_arenacrowd_seatbackcushion_low,,"[1.0,0.0,0.0,0.0,0.0,1.0,0.0,0.0,0.0,0.0,1.0,0.0,-798.574036,150.346558,-2650.51172,1.0]"
level.SCNE,arena_clutchtime_int_master@arena_clutchtime_int_shared_layout@GameObjects@Prototype_arena_curtains_prototype@Prototype_arena@curtain100x20_arena_straight500c_66:curtain100x20_arena_straight500c,OBJECT,arena_clutchtime_int_master@arena_clutchtime_int_shared_layout@GameObjects@Prototype_arena_curtains_prototype@Prototype_arena_curtains_prototype_0@curtain100x20_arena_straight500c_8:curtain100x20_arena_straight500c,,"[-1.0,0.0,-1.50995803e-07,0.0,0.0,1.0,0.0,0.0,1.50995803e-07,0.0,-1.0,0.0,159.787445,150.346558,2997.40527,1.0]"
level.SCNE,arena_clutchtime_int_master@arena_clutchtime_int_shared_layout@GameObjects@balcony_lights@light_ceilinga_round_64:light_ceilinga_round_low,OBJECT,arena_clutchtime_int_master@arena_clutchtime_int_shared_layout@GameObjects@balcony_lights@light_ceilinga_round_85:light_ceilinga_round_low,,"[7.54979013e-08,-1.0,0.0,0.0,1.0,7.54979013e-08,0.0,0.0,0.0,0.0,1.0,0.0,237.251572,1259.34619,-2470.06812,1.0]"
level.SCNE,arena_clutchtime_int_master@GameObjects@dorna@clutchtime_court_dornaend_1:clutchtime_court_dornaend_low,OBJECT,arena_clutchtime_int_master@GameObjects@dorna@clutchtime_court_dornaend_1:clutchtime_court_dornaend_low,,"[7.54979013e-08,0.0,-1.0,0.0,0.0,1.0,0.0,0.0,1.0,0.0,7.54979013e-08,0.0,-155.129883,0.0,-1800.00012,1.0]"
level.SCNE,arena_clutchtime_int_master@arena_clutchtime_int_shared_layout@GameObjects@balcony@clutchtime_ceiling_balcony_5:clutchtime_ceiling_balcony_low,OBJECT,arena_clutchtime_int_master@arena_clutchtime_int_shared_layout@GameObjects@balcony@clutchtime_ceiling_balcony_5:clutchtime_ceiling_balcony_low,,"[-1.0,-1.50995803e-07,0.0,0.0,-1.50995803e-07,1.0,-1.50995803e-07,0.0,2.27997332e-14,-1.50995803e-07,-1.0,0.0,-292.856354,2074.1731,2614.64746,1.0]"
level.SCNE,arena_clutchtime_int_master@arena_clutchtime_int_shared_layout@GameObjects@Prototype_arena_curtains_prototype@Prototype_arena@curtain100x20_arena_straight500c_105:curtain100x20_arena_straight500c,OBJECT,arena_clutchtime_int_master@arena_clutchtime_int_shared_layout@GameObjects@Prototype_arena_curtains_prototype@Prototype_arena_curtains_prototype_0@curtain100x20_arena_straight500c_8:curtain100x20_arena_straight500c,,"[-1.0,0.0,-1.50995803e-07,0.0,0.0,1.0,0.0,0.0,1.50995803e-07,0.0,-1.0,0.0,-137.060791,1375.11304,2997.40527,1.0]"
level.SCNE,arena_clutchtime_int_master@arena_clutchtime_int_shared_layout@GameObjects@balcony@clutchtime_balcony_b_9:clutchtime_balcony_b_low,OBJECT,arena_clutchtime_int_master@arena_clutchtime_int_shared_layout@GameObjects@balcony@clutchtime_balcony_b_8:clutchtime_balcony_b_low,,"[-1.0,-1.50995803e-07,0.0,0.0,-1.50995803e-07,1.0,-1.50995803e-07,0.0,2.27997332e-14,-1.50995803e-07,-1.0,0.0,-0.313018769,1259.86694,2346.146,1.0]"
level.SCNE,arena_clutchtime_int_master@arena_clutchtime_int_shared_layout@GameObjects@balcony@clutchtime_balcony_a_1:clutchtime_balcony_a_low,OBJECT,arena_clutchtime_int_master@arena_clutchtime_int_shared_layout@GameObjects@balcony@clutchtime_balcony_a:clutchtime_balcony_a_low,,"[1.0,0.0,0.0,0.0,0.0,1.0,0.0,0.0,0.0,0.0,1.0,0.0,-780.483826,1869.26855,-2361.57861,1.0]"
level.SCNE,arena_clutchtime_int_master@arena_clutchtime_int_shared_layout@GameObjects@balcony@clutchtime_balcony_column:clutchtime_balcony_column_low,OBJECT,arena_clutchtime_int_master@arena_clutchtime_int_shared_layout@GameObjects@balcony@clutchtime_balcony_column_5:clutchtime_balcony_column_low,,"[1.0,0.0,0.0,0.0,0.0,1.0,0.0,0.0,0.0,0.0,1.0,0.0,-1213.91052,0.0,-2778.37354,1.0]"
level.SCNE,arena_clutchtime_int_master@arena_clutchtime_int_shared_layout@GameObjects@balcony_chairs@chair_arenacrowd_seatbackcushion_149:chair_arenacrowd_seatbackcushion_low,OBJECT,arena_clutchtime_int_master@arena_clutchtime_int_shared_layout@GameObjects@balcony_chairs@chair_arenacrowd_seatbackcushion_85:chair_arenacrowd_seatbackcushion_low,,"[-1.0,-1.50995803e-07,0.0,0.0,-1.50995803e-07,1.0,-1.50995803e-07,0.0,2.27997332e-14,-1.50995803e-07,-1.0,0.0,797.966187,150.346619,2650.51196,1.0]"
level.SCNE,arena_clutchtime_int_master@arena_clutchtime_int_shared_layout@GameObjects@balcony_chairs@chair_arenacrowd_seatbackcushion_151:chair_arenacrowd_seatbackcushion_low,OBJECT,arena_clutchtime_int_master@arena_clutchtime_int_shared_layout@GameObjects@balcony_chairs@chair_arenacrowd_seatbackcushion_85:chair_arenacrowd_seatbackcushion_low,,"[-1.0,-1.50995803e-07,0.0,0.0,-1.50995803e-07,1.0,-1.50995803e-07,0.0,2.27997332e-14,-1.50995803e-07,-1.0,0.0,1000.84143,150.346619,2650.51196,1.0]"
level.SCNE,arena_clutchtime_int_master@arena_clutchtime_int_shared_layout@GameObjects@balcony_chairs@chair_arenacrowd_seatbackcushion_62:chair_arenacrowd_seatbackcushion_low,OBJECT,arena_clutchtime_int_master@arena_clutchtime_int_shared_layout@GameObjects@balcony_chairs@chair_arenacrowd_seatbackcushion_85:chair_arenacrowd_seatbackcushion_low,,"[1.0,0.0,0.0,0.0,0.0,1.0,0.0,0.0,0.0,0.0,1.0,0.0,647.379272,1346.90601,-2512.00171,1.0]"
level.SCNE,arena_clutchtime_int_master@arena_clutchtime_int_shared_layout@GameObjects@doors@electrical_outlet_industrial:electircal_outlet_industrial,OBJECT,arena_clutchtime_int_master@arena_clutchtime_int_shared_layout@GameObjects@doors@electrical_outlet_industrial_0:electircal_outlet_industrial,,"[-1.0,-8.74227766e-08,-1.50995803e-07,0.0,-8.74227624e-08,1.0,-8.74227766e-08,0.0,1.50995817e-07,-8.74227624e-08,-1.0,0.0,2172.81616,1059.63025,-2303.625,1.0]"
level.SCNE,arena_clutchtime_int_master@arena_clutchtime_int_shared_layout@GameObjects@Prototype_arena_curtains_prototype@Prototype_arena@curtain100x20_arena_straight500c_113:curtain100x20_arena_straight500c,OBJECT,arena_clutchtime_int_master@arena_clutchtime_int_shared_layout@GameObjects@Prototype_arena_curtains_prototype@Prototype_arena_curtains_prototype_0@curtain100x20_arena_straight500c_8:curtain100x20_arena_straight500c,,"[-1.0,0.0,-1.50995803e-07,0.0,0.0,1.0,0.0,0.0,1.50995803e-07,0.0,-1.0,0.0,751.966309,1375.11304,2997.40527,1.0]"
level.SCNE,arena_clutchtime_int_master@arena_clutchtime_int_shared_layout@GameObjects@stands@clutchtime_stair_3step_13:clutchtime_stair_3step_low,OBJECT,arena_clutchtime_int_master@arena_clutchtime_int_shared_layout@GameObjects@stands@clutchtime_stair_3step_0:clutchtime_stair_3step_low,,"[0.190809056,0.0,-0.981627166,0.0,0.0,1.0,0.0,0.0,0.981627166,0.0,0.190809056,0.0,-1988.05298,23.349823,-1002.91138,1.0]"
level.SCNE,arena_clutchtime_int_master@arena_clutchtime_int_shared_layout@GameObjects@Prototype_arena_curtains_prototype@Prototype_arena@curtain100x20_arena_straight500c_182:curtain100x20_arena_straight500c,OBJECT,arena_clutchtime_int_master@arena_clutchtime_int_shared_layout@GameObjects@Prototype_arena_curtains_prototype@Prototype_arena_curtains_prototype_0@curtain100x20_arena_straight500c_8:curtain100x20_arena_straight500c,,"[-1.0,-8.74227766e-08,-1.50995803e-07,0.0,-8.74227624e-08,1.0,-8.74227766e-08,0.0,1.50995817e-07,-8.74227624e-08,-1.0,0.0,-137.060791,1375.11304,2869.0,1.0]"
level.SCNE,arena_clutchtime_int_master@arena_clutchtime_int_shared_layout@GameObjects@balcony@clutchtime_balcony_column_3:clutchtime_balcony_column_low,OBJECT,arena_clutchtime_int_master@arena_clutchtime_int_shared_layout@GameObjects@balcony@clutchtime_balcony_column_5:clutchtime_balcony_column_low,,"[-1.0,-1.50995803e-07,0.0,0.0,-1.50995803e-07,1.0,-1.50995803e-07,0.0,2.27997332e-14,-1.50995803e-07,-1.0,0.0,413.64505,0.0,2778.37354,1.0]"
level.SCNE,arena_clutchtime_int_master@arena_clutchtime_int_shared_layout@GameObjects@ceiling_panelslights@clutchtime_ceilingpanellight_d_0:clutchtime_ceilingpanellight_d_low,OBJECT,arena_clutchtime_int_master@arena_clutchtime_int_shared_layout@GameObjects@ceiling_panelslights@clutchtime_ceilingpanellight_d_0:clutchtime_ceilingpanellight_d_low,,"[7.54979013e-08,0.0,-1.0,0.0,0.0,1.0,0.0,0.0,1.0,0.0,7.54979013e-08,0.0,-3624.88306,1457.26575,8.58306885e-05,1.0]"
level.SCNE,arena_clutchtime_int_master@GameObjects@dorna@clutchtime_court_dorna_4:clutchtime_court_dorna_low,OBJECT,arena_clutchtime_int_master@GameObjects@dorna@clutchtime_court_dorna_7:clutchtime_court_dorna_low,,"[7.54979013e-08,0.0,-1.0,0.0,0.0,1.0,0.0,0.0,1.0,0.0,7.54979013e-08,0.0,155.129883,0.0,-1800.00012,1.0]"
level.SCNE,arena_clutchtime_int_master@arena_clutchtime_int_shared_layout@GameObjects@mural_lights@lighting_suspendedtrack_metalb_16:lighting_suspendedtrack_metalb_low,OBJECT,arena_clutchtime_int_master@arena_clutchtime_int_shared_layout@GameObjects@mural_lights@lighting_suspendedtrack_metalb_19:lighting_suspendedtrack_metalb_low,,"[3.13916473e-07,0.0,1.0,0.0,-1.74512877e-07,1.0,5.47824657e-14,0.0,-1.0,-1.74512877e-07,3.13916473e-07,0.0,1805.18616,1490.65344,-1402.41858,1.0]"
level.SCNE,arena_clutchtime_int_master@arena_clutchtime_int_shared_layout@GameObjects@ceiling_panelslights@clutchtime_ceilingpanellight_b_6:clutchtime_ceilingpanellight_b_low,OBJECT,arena_clutchtime_int_master@arena_clutchtime_int_shared_layout@GameObjects@ceiling_panelslights@clutchtime_ceilingpanellight_b_4:clutchtime_ceilingpanellight_b_low,,"[1.94707184e-07,0.0,1.0,0.0,0.0,1.0,0.0,0.0,-1.0,0.0,1.94707184e-07,0.0,765.692871,2601.18628,8.58306885e-05,1.0]"
level.SCNE,arena_clutchtime_int_master@arena_clutchtime_int_shared_layout@GameObjects@Prototype_arena_curtains_prototype@Prototype_arena_curtains_prototype_0@curtain100x20_arena_straight500c_17:curtain100x20_arena_straight500c,OBJECT,arena_clutchtime_int_master@arena_clutchtime_int_shared_layout@GameObjects@Prototype_arena_curtains_prototype@Prototype_arena_curtains_prototype_0@curtain100x20_arena_straight500c_8:curtain100x20_arena_straight500c,,"[1.0,0.0,0.0,0.0,0.0,1.0,0.0,0.0,0.0,0.0,1.0,0.0,-755.439819,150.346558,-2969.03101,1.0]"
level.SCNE,arena_clutchtime_int_master@arena_clutchtime_int_shared_layout@GameObjects@balcony_chairs@chair_arenacrowd_seatbackcushion_43:chair_arenacrowd_seatbackcushion_low,OBJECT,arena_clutchtime_int_master@arena_clutchtime_int_shared_layout@GameObjects@balcony_chairs@chair_arenacrowd_seatbackcushion_85:chair_arenacrowd_seatbackcushion_low,,"[1.0,0.0,0.0,0.0,0.0,1.0,0.0,0.0,0.0,0.0,1.0,0.0,1005.63757,759.56488,-2650.51172,1.0]"
level.SCNE,arena_clutchtime_int_master@arena_clutchtime_int_shared_layout@GameObjects@balcony_chairs@chair_arenacrowd_seatbackcushion_8:chair_arenacrowd_seatbackcushion_low,OBJECT,arena_clutchtime_int_master@arena_clutchtime_int_shared_layout@GameObjects@balcony_chairs@chair_arenacrowd_seatbackcushion_85:chair_arenacrowd_seatbackcushion_low,,"[1.0,0.0,0.0,0.0,0.0,1.0,0.0,0.0,0.0,0.0,1.0,0.0,647.379272,122.139526,-2512.00171,1.0]"
level.SCNE,arena_clutchtime_int_master@arena_clutchtime_int_shared_layout@GameObjects@stands@clutchtime_stair_3step_15:clutchtime_stair_3step_low,OBJECT,arena_clutchtime_int_master@arena_clutchtime_int_shared_layout@GameObjects@stands@clutchtime_stair_3step_0:clutchtime_stair_3step_low,,"[0.190809056,0.0,-0.981627166,0.0,0.0,1.0,0.0,0.0,0.981627166,0.0,0.190809056,0.0,-2518.13159,263.349854,-1105.94824,1.0]"
level.SCNE,arena_clutchtime_int_master@arena_clutchtime_int_shared_layout@GameObjects@balcony_lights@light_ceilinga_round_20:light_ceilinga_round_low,OBJECT,arena_clutchtime_int_master@arena_clutchtime_int_shared_layout@GameObjects@balcony_lights@light_ceilinga_round_85:light_ceilinga_round_low,,"[7.54979013e-08,-1.0,0.0,0.0,1.0,7.54979013e-08,0.0,0.0,0.0,0.0,1.0,0.0,-561.745728,1259.34619,2470.06836,1.0]"
level.SCNE,arena_clutchtime_int_master@arena_clutchtime_int_shared_layout@GameObjects@ceiling_panelslights@clutchtime_ceilingpanellight_d_5:clutchtime_ceilingpanellight_d_low,OBJECT,arena_clutchtime_int_master@arena_clutchtime_int_shared_layout@GameObjects@ceiling_panelslights@clutchtime_ceilingpanellight_d_0:clutchtime_ceilingpanellight_d_low,,"[1.94707184e-07,0.0,1.0,0.0,0.0,1.0,0.0,0.0,-1.0,0.0,1.94707184e-07,0.0,1000.69958,2601.18628,8.58306885e-05,1.0]"
level.SCNE,arena_clutchtime_int_master@arena_clutchtime_int_shared_layout@GameObjects@mural@clutchtime_mural_handrail:clutchtime_mural_handrail_low,OBJECT,arena_clutchtime_int_master@arena_clutchtime_int_shared_layout@GameObjects@mural@clutchtime_mural_handrail:clutchtime_mural_handrail_low,,"[7.54979013e-08,0.0,1.0,0.0,0.0,1.0,0.0,0.0,-1.0,0.0,7.54979013e-08,0.0,1889.17249,1055.88599,-1.35416412,1.0]"
level.SCNE,arena_clutchtime_int_master@arena_clutchtime_int_shared_layout@GameObjects@balcony_chairs@chair_arenacrowd_seatbackcushion_72:chair_arenacrowd_seatbackcushion_low,OBJECT,arena_clutchtime_int_master@arena_clutchtime_int_shared_layout@GameObjects@balcony_chairs@chair_arenacrowd_seatbackcushion_85:chair_arenacrowd_seatbackcushion_low,,"[1.0,0.0,0.0,0.0,0.0,1.0,0.0,0.0,0.0,0.0,1.0,0.0,-1001.19342,1375.11304,-2650.51196,1.0]"
level.SCNE,arena_clutchtime_int_master@arena_clutchtime_int_shared_layout@GameObjects@balcony_lights@light_ceilinga_round_25:light_ceilinga_round_low,OBJECT,arena_clutchtime_int_master@arena_clutchtime_int_shared_layout@GameObjects@balcony_lights@light_ceilinga_round_85:light_ceilinga_round_low,,"[7.54979013e-08,-1.0,0.0,0.0,1.0,7.54979013e-08,0.0,0.0,0.0,0.0,1.0,0.0,-561.745728,1868.73694,2470.06836,1.0]"
level.SCNE,arena_clutchtime_int_master@arena_clutchtime_int_shared_layout@GameObjects@balcony@clutchtime_balcony_railing_9:clutchtime_balcony_railing_low,OBJECT,arena_clutchtime_int_master@arena_clutchtime_int_shared_layout@GameObjects@balcony@clutchtime_balcony_railing_12:clutchtime_balcony_railing_low,,"[-1.0,-1.50995803e-07,0.0,0.0,-1.50995803e-07,1.0,-1.50995803e-07,0.0,2.27997332e-14,-1.50995803e-07,-1.0,0.0,-798.312988,789.231567,2321.06079,1.0]"
level.SCNE,arena_clutchtime_int_master@arena_clutchtime_int_shared_layout@GameObjects@ceiling_panelslights@clutchtime_ceilingpanellight_h:clutchtime_ceilingpanellight_h_low,OBJECT,arena_clutchtime_int_master@arena_clutchtime_int_shared_layout@GameObjects@ceiling_panelslights@clutchtime_ceilingpanellight_h:clutchtime_ceilingpanellight_h_low,,"[7.54979013e-08,0.0,-1.0,0.0,0.0,1.0,0.0,0.0,1.0,0.0,7.54979013e-08,0.0,-4802.5498,1457.26575,1.94838737e-14,1.0]"
level.SCNE,arena_clutchtime_int_master@arena_clutchtime_int_shared_layout@GameObjects@balcony@clutchtime_balcony_railing_13:clutchtime_balcony_railing_low,OBJECT,arena_clutchtime_int_master@arena_clutchtime_int_shared_layout@GameObjects@balcony@clutchtime_balcony_railing_12:clutchtime_balcony_railing_low,,"[-1.0,-1.50995803e-07,0.0,0.0,-1.50995803e-07,1.0,-1.50995803e-07,0.0,2.27997332e-14,-1.50995803e-07,-1.0,0.0,1.32609177,1404.77966,2321.06079,1.0]"
level.SCNE,arena_clutchtime_int_master@arena_clutchtime_int_shared_layout@GameObjects@mural_lights@lighting_suspendedtrack_metalb_14:lighting_suspendedtrack_metalb_low,OBJECT,arena_clutchtime_int_master@arena_clutchtime_int_shared_layout@GameObjects@mural_lights@lighting_suspendedtrack_metalb_19:lighting_suspendedtrack_metalb_low,,"[3.13916473e-07,0.0,1.0,0.0,-1.74512877e-07,1.0,5.47824657e-14,0.0,-1.0,-1.74512877e-07,3.13916473e-07,0.0,1863.62891,1490.65344,-1190.02551,1.0]"
level.SCNE,arena_clutchtime_int_master@arena_clutchtime_int_shared_layout@GameObjects@Prototype_arena_curtains_prototype@Prototype_arena@curtain100x20_arena_straight500c_65:curtain100x20_arena_straight500c,OBJECT,arena_clutchtime_int_master@arena_clutchtime_int_shared_layout@GameObjects@Prototype_arena_curtains_prototype@Prototype_arena_curtains_prototype_0@curtain100x20_arena_straight500c_8:curtain100x20_arena_straight500c,,"[-1.0,0.0,-1.50995803e-07,0.0,0.0,1.0,0.0,0.0,1.50995803e-07,0.0,-1.0,0.0,258.19696,150.346558,2997.40527,1.0]"
level.SCNE,arena_clutchtime_int_master@arena_clutchtime_int_shared_layout@GameObjects@ceiling_panels@clutchtime_ceilingpanel_d_2:clutchtime_ceilingpanel_d_low,OBJECT,arena_clutchtime_int_master@arena_clutchtime_int_shared_layout@GameObjects@ceiling_panels@clutchtime_ceilingpanel_d_1:clutchtime_ceilingpanel_d_low,,"[7.54979013e-08,0.0,-1.0,0.0,0.0,1.0,0.0,0.0,1.0,0.0,7.54979013e-08,0.0,-946.049561,2396.53125,0.000128744,1.0]"
level.SCNE,arena_clutchtime_int_master@arena_clutchtime_int_shared_layout@GameObjects@clutchtimecurtainstunnels1@Prototype_arena_curtains_prototype_1@curtain100x20_arena_straight300c_0:curtain100x20_arena_straight300c,OBJECT,arena_clutchtime_int_master@arena_clutchtime_int_shared_layout@GameObjects@clutchtimecurtainstunnels1@Prototype_arena_curtains_prototype_2@curtain100x20_arena_straight300c_2:curtain100x20_arena_straight300c,,"[-0.121869318,-1.0654154e-08,-0.992546082,0.0,-6.51638743e-10,1.0,-1.06541549e-08,0.0,0.992546082,-6.51631638e-10,-0.121869318,0.0,-2706.68677,0.0,847.029358,1.0]"
level.SCNE,arena_clutchtime_int_master@arena_clutchtime_int_shared_layout@GameObjects@balcony_chairs@chair_arenacrowd_seatbackcushion_68:chair_arenacrowd_seatbackcushion_low,OBJECT,arena_clutchtime_int_master@arena_clutchtime_int_shared_layout@GameObjects@balcony_chairs@chair_arenacrowd_seatbackcushion_85:chair_arenacrowd_seatbackcushion_low,,"[1.0,0.0,0.0,0.0,0.0,1.0,0.0,0.0,0.0,0.0,1.0,0.0,800.719849,1375.11304,-2650.51172,1.0]"
level.SCNE,arena_clutchtime_int_master@arena_clutchtime_int_shared_layout@GameObjects@balcony@clutchtime_balcony_b_4:clutchtime_balcony_b_low,OBJECT,arena_clutchtime_int_master@arena_clutchtime_int_shared_layout@GameObjects@balcony@clutchtime_balcony_b_8:clutchtime_balcony_b_low,,"[1.0,0.0,0.0,0.0,0.0,1.0,0.0,0.0,0.0,0.0,1.0,0.0,799.325806,35.1004639,-2346.14648,1.0]"
level.SCNE,arena_clutchtime_int_master@arena_clutchtime_int_shared_layout@GameObjects@Prototype_arena_curtains_prototype@Prototype_arena@curtain100x20_arena_straight500c_99:curtain100x20_arena_straight500c,OBJECT,arena_clutchtime_int_master@arena_clutchtime_int_shared_layout@GameObjects@Prototype_arena_curtains_prototype@Prototype_arena_curtains_prototype_0@curtain100x20_arena_straight500c_8:curtain100x20_arena_straight500c,,"[-1.0,0.0,-1.50995803e-07,0.0,0.0,1.0,0.0,0.0,1.50995803e-07,0.0,-1.0,0.0,-852.692078,759.56488,2997.40527,1.0]"
level.SCNE,arena_clutchtime_int_master@arena_clutchtime_int_shared_layout@GameObjects@ceiling_panelslights@clutchtime_ceilingpanellight_b_5:clutchtime_ceilingpanellight_b_low,OBJECT,arena_clutchtime_int_master@arena_clutchtime_int_shared_layout@GameObjects@ceiling_panelslights@clutchtime_ceilingpanellight_b_4:clutchtime_ceilingpanellight_b_low,,"[7.54979013e-08,0.0,-1.0,0.0,0.0,1.0,0.0,0.0,1.0,0.0,7.54979013e-08,0.0,-765.692871,2601.18628,8.39233398e-05,1.0]"
level.SCNE,arena_clutchtime_int_master@arena_clutchtime_int_shared_layout@GameObjects@ceiling_panels@clutchtime_ceilingpanel_e_5:clutchtime_ceilingpanel_e_low,OBJECT,arena_clutchtime_int_master@arena_clutchtime_int_shared_layout@GameObjects@ceiling_panels@clutchtime_ceilingpanel_e:clutchtime_ceilingpanel_e_low,,"[7.54979013e-08,0.0,-1.0,0.0,0.0,1.0,0.0,0.0,1.0,0.0,7.54979013e-08,0.0,-4603.83398,1303.35718,0.000128744,1.0]"
level.SCNE,arena_clutchtime_int_master@arena_clutchtime_int_shared_layout@GameObjects@balcony_lights@light_ceilinga_round_38:light_ceilinga_round_low,OBJECT,arena_clutchtime_int_master@arena_clutchtime_int_shared_layout@GameObjects@balcony_lights@light_ceilinga_round_85:light_ceilinga_round_low,,"[7.54979013e-08,-1.0,0.0,0.0,1.0,7.54979013e-08,0.0,0.0,0.0,0.0,1.0,0.0,562.959595,1868.73694,2470.06836,1.0]"
level.SCNE,arena_clutchtime_int_master@arena_clutchtime_int_shared_layout@GameObjects@Prototype_arena_curtains_prototype@Prototype_arena_curtains_prototype_0@curtain100x20_arena_straight500c_160:curtain100x20_arena_straight500c,OBJECT,arena_clutchtime_int_master@arena_clutchtime_int_shared_layout@GameObjects@Prototype_arena_curtains_prototype@Prototype_arena_curtains_prototype_0@curtain100x20_arena_straight500c_8:curtain100x20_arena_straight500c,,"[1.0,0.0,0.0,0.0,0.0,1.0,0.0,0.0,0.0,0.0,1.0,0.0,750.118103,1375.11304,-2869.0,1.0]"
level.SCNE,arena_clutchtime_int_master@arena_clutchtime_int_shared_layout@GameObjects@balcony_chairs@chair_arenacrowd_seatbackcushion_154:chair_arenacrowd_seatbackcushion_low,OBJECT,arena_clutchtime_int_master@arena_clutchtime_int_shared_layout@GameObjects@balcony_chairs@chair_arenacrowd_seatbackcushion_85:chair_arenacrowd_seatbackcushion_low,,"[-1.0,-1.50995803e-07,0.0,0.0,-1.50995803e-07,1.0,-1.50995803e-07,0.0,2.27997332e-14,-1.50995803e-07,-1.0,0.0,-851.931946,122.139587,2512.00195,1.0]"
level.SCNE,arena_clutchtime_int_master@GameObjects@dorna@clutchtime_court_dornacorner:clutchtime_court_dornacorner_low,OBJECT,arena_clutchtime_int_master@GameObjects@dorna@clutchtime_court_dornacorner_1:clutchtime_court_dornacorner_low,,"[1.0,0.0,0.0,0.0,0.0,1.0,0.0,0.0,0.0,0.0,1.0,0.0,955.129883,0.0,1400.0,1.0]"
level.SCNE,arena_clutchtime_int_master@arena_clutchtime_int_shared_layout@GameObjects@ceiling_panelslights@clutchtime_ceilingpanellight_d_3:clutchtime_ceilingpanellight_d_low,OBJECT,arena_clutchtime_int_master@arena_clutchtime_int_shared_layout@GameObjects@ceiling_panelslights@clutchtime_ceilingpanellight_d_0:clutchtime_ceilingpanellight_d_low,,"[1.94707184e-07,0.0,1.0,0.0,0.0,1.0,0.0,0.0,-1.0,0.0,1.94707184e-07,0.0,3632.63647,1457.26575,-8.58306885e-05,1.0]"
level.SCNE,arena_clutchtime_int_master@arena_clutchtime_int_shared_layout@GameObjects@Prototype_arena_curtains_prototype@Prototype_arena@curtain100x20_arena_straight500c_121:curtain100x20_arena_straight500c,OBJECT,arena_clutchtime_int_master@arena_clutchtime_int_shared_layout@GameObjects@Prototype_arena_curtains_prototype@Prototype_arena_curtains_prototype_0@curtain100x20_arena_straight500c_8:curtain100x20_arena_straight500c,,"[-1.0,0.0,-1.50995803e-07,0.0,0.0,1.0,0.0,0.0,1.50995803e-07,0.0,-1.0,0.0,-555.843872,1375.11304,2997.40527,1.0]"
level.SCNE,arena_clutchtime_int_master@arena_clutchtime_int_shared_layout@GameObjects@balcony_lights@light_ceilinga_round_65:light_ceilinga_round_low,OBJECT,arena_clutchtime_int_master@arena_clutchtime_int_shared_layout@GameObjects@balcony_lights@light_ceilinga_round_85:light_ceilinga_round_low,,"[7.54979013e-08,-1.0,0.0,0.0,1.0,7.54979013e-08,0.0,0.0,0.0,0.0,1.0,0.0,-0.328385592,1868.73694,-2370.64673,1.0]"
level.SCNE,arena_clutchtime_int_master@arena_clutchtime_int_shared_layout@GameObjects@balcony_lights@light_ceilinga_round_9:light_ceilinga_round_low,OBJECT,arena_clutchtime_int_master@arena_clutchtime_int_shared_layout@GameObjects@balcony_lights@light_ceilinga_round_85:light_ceilinga_round_low,,"[7.54979013e-08,-1.0,0.0,0.0,1.0,7.54979013e-08,0.0,0.0,0.0,0.0,1.0,0.0,237.893341,1868.73694,2470.06836,1.0]"
level.SCNE,arena_clutchtime_int_master@arena_clutchtime_int_shared_layout@GameObjects@balcony_lights@light_ceilinga_round_36:light_ceilinga_round_low,OBJECT,arena_clutchtime_int_master@arena_clutchtime_int_shared_layout@GameObjects@balcony_lights@light_ceilinga_round_85:light_ceilinga_round_low,,"[7.54979013e-08,-1.0,0.0,0.0,1.0,7.54979013e-08,0.0,0.0,0.0,0.0,1.0,0.0,799.952515,1868.73694,2370.64673,1.0]"
level.SCNE,arena_clutchtime_int_master@arena_clutchtime_int_shared_layout@GameObjects@Prototype_arena_curtains_prototype@Prototype_arena_curtains_prototype_0@curtain100x20_arena_straight500c_145:curtain100x20_arena_straight500c,OBJECT,arena_clutchtime_int_master@arena_clutchtime_int_shared_layout@GameObjects@Prototype_arena_curtains_prototype@Prototype_arena_curtains_prototype_0@curtain100x20_arena_straight500c_8:curtain100x20_arena_straight500c,,"[1.0,0.0,0.0,0.0,0.0,1.0,0.0,0.0,0.0,0.0,1.0,0.0,-1151.38843,759.56488,-2869.0,1.0]"
level.SCNE,arena_clutchtime_int_master@arena_clutchtime_int_shared_layout@GameObjects@ceiling_panelslights@clutchtime_ceilingpanellight_a_4:clutchtime_ceilingpanellight_a_low,OBJECT,arena_clutchtime_int_master@arena_clutchtime_int_shared_layout@GameObjects@ceiling_panelslights@clutchtime_ceilingpanellight_a_3:clutchtime_ceilingpanellight_a_low,,"[3.13916473e-07,0.0,1.0,0.0,0.0,1.0,0.0,0.0,-1.0,0.0,3.13916473e-07,0.0,3261.69897,1457.26575,-8.58306885e-05,1.0]"
level.SCNE,arena_clutchtime_int_master@arena_clutchtime_int_shared_layout@GameObjects@balcony_chairs@chair_arenacrowd_seatbackcushion_28:chair_arenacrowd_seatbackcushion_low,OBJECT,arena_clutchtime_int_master@arena_clutchtime_int_shared_layout@GameObjects@balcony_chairs@chair_arenacrowd_seatbackcushion_85:chair_arenacrowd_seatbackcushion_low,,"[1.0,0.0,0.0,0.0,0.0,1.0,0.0,0.0,0.0,0.0,1.0,0.0,-54.1600075,731.357849,-2512.00171,1.0]"
level.SCNE,arena_clutchtime_int_master@arena_clutchtime_int_shared_layout@GameObjects@balcony_chairs@chair_arenacrowd_seatbackcushion_18:chair_arenacrowd_seatbackcushion_low,OBJECT,arena_clutchtime_int_master@arena_clutchtime_int_shared_layout@GameObjects@balcony_chairs@chair_arenacrowd_seatbackcushion_85:chair_arenacrowd_seatbackcushion_low,,"[1.0,0.0,0.0,0.0,0.0,1.0,0.0,0.0,0.0,0.0,1.0,0.0,-1001.19342,150.346558,-2650.51196,1.0]"
level.SCNE,arena_clutchtime_int_master@arena_clutchtime_int_shared_layout@GameObjects@Prototype_arena_curtains_prototype@Prototype_arena_curtains_prototype_0@curtain100x20_arena_straight500c_51:curtain100x20_arena_straight500c,OBJECT,arena_clutchtime_int_master@arena_clutchtime_int_shared_layout@GameObjects@Prototype_arena_curtains_prototype@Prototype_arena_curtains_prototype_0@curtain100x20_arena_straight500c_8:curtain100x20_arena_straight500c,,"[1.0,0.0,0.0,0.0,0.0,1.0,0.0,0.0,0.0,0.0,1.0,0.0,947.628113,1375.11304,-2969.03101,1.0]"
level.SCNE,arena_clutchtime_int_master@arena_clutchtime_int_shared_layout@GameObjects@ceiling_panelslights@clutchtime_ceilingpanellight_c:clutchtime_ceilingpanellight_c_low,OBJECT,arena_clutchtime_int_master@arena_clutchtime_int_shared_layout@GameObjects@ceiling_panelslights@clutchtime_ceilingpanellight_c:clutchtime_ceilingpanellight_c_low,,"[7.54979013e-08,0.0,-1.0,0.0,0.0,1.0,0.0,0.0,1.0,0.0,7.54979013e-08,0.0,-2472.92627,1457.26575,8.58306885e-05,1.0]"
level.SCNE,arena_clutchtime_int_master@arena_clutchtime_int_shared_layout@GameObjects@stands@clutchtime_stair_3step_17:clutchtime_stair_3step_low,OBJECT,arena_clutchtime_int_master@arena_clutchtime_int_shared_layout@GameObjects@stands@clutchtime_stair_3step_0:clutchtime_stair_3step_low,,"[0.190809056,0.0,-0.981627166,0.0,0.0,1.0,0.0,0.0,0.981627166,0.0,0.190809056,0.0,-3048.21021,503.349243,-1208.98511,1.0]"
level.SCNE,arena_clutchtime_int_master@arena_clutchtime_int_shared_layout@GameObjects@ceiling_panels@clutchtime_ceilingpanel_b_1:clutchtime_ceilingpanel_b_low,OBJECT,arena_clutchtime_int_master@arena_clutchtime_int_shared_layout@GameObjects@ceiling_panels@clutchtime_ceilingpanel_b_3:clutchtime_ceilingpanel_b_low,,"[7.54979013e-08,0.0,1.0,0.0,0.0,1.0,0.0,0.0,-1.0,0.0,7.54979013e-08,0.0,717.42041,2396.53125,0.003852036,1.0]"
level.SCNE,arena_clutchtime_int_master@arena_clutchtime_int_shared_layout@GameObjects@balcony@clutchtime_ceiling_balcony_2:clutchtime_ceiling_balcony_low,OBJECT,arena_clutchtime_int_master@arena_clutchtime_int_shared_layout@GameObjects@balcony@clutchtime_ceiling_balcony_5:clutchtime_ceiling_balcony_low,,"[1.0,0.0,0.0,0.0,0.0,1.0,0.0,0.0,0.0,0.0,1.0,0.0,1015.00812,2074.1731,-2614.64746,1.0]"
level.SCNE,arena_clutchtime_int_master@arena_clutchtime_int_shared_layout@GameObjects@stands@clutchtime_stair_3step_10:clutchtime_stair_3step_low,OBJECT,arena_clutchtime_int_master@arena_clutchtime_int_shared_layout@GameObjects@stands@clutchtime_stair_3step_0:clutchtime_stair_3step_low,,"[-0.190809056,-2.88113657e-08,-0.981627166,0.0,-2.77421464e-09,1.0,-2.88113657e-08,0.0,0.981627166,-2.77421464e-09,-0.190809056,0.0,-3026.26709,503.349243,1321.87219,1.0]"
level.SCNE,arena_clutchtime_int_master@arena_clutchtime_int_shared_layout@GameObjects@balcony_chairs@chair_arenacrowd_seatbackcushion_116:chair_arenacrowd_seatbackcushion_low,OBJECT,arena_clutchtime_int_master@arena_clutchtime_int_shared_layout@GameObjects@balcony_chairs@chair_arenacrowd_seatbackcushion_85:chair_arenacrowd_seatbackcushion_low,,"[-1.0,-1.50995803e-07,0.0,0.0,-1.50995803e-07,1.0,-1.50995803e-07,0.0,2.27997332e-14,-1.50995803e-07,-1.0,0.0,642.594055,731.35791,2512.00195,1.0]"
level.SCNE,arena_clutchtime_int_master@arena_clutchtime_int_shared_layout@GameObjects@balcony_lights@light_ceilinga_round_7:light_ceilinga_round_low,OBJECT,arena_clutchtime_int_master@arena_clutchtime_int_shared_layout@GameObjects@balcony_lights@light_ceilinga_round_85:light_ceilinga_round_low,,"[7.54979013e-08,-1.0,0.0,0.0,1.0,7.54979013e-08,0.0,0.0,0.0,0.0,1.0,0.0,-236.67952,1868.73694,2470.06836,1.0]"
level.SCNE,arena_clutchtime_int_master@arena_clutchtime_int_shared_layout@GameObjects@ceiling_panels@clutchtime_ceilingpanel_b_2:clutchtime_ceilingpanel_b_low,OBJECT,arena_clutchtime_int_master@arena_clutchtime_int_shared_layout@GameObjects@ceiling_panels@clutchtime_ceilingpanel_b_3:clutchtime_ceilingpanel_b_low,,"[7.54979013e-08,0.0,-1.0,0.0,0.0,1.0,0.0,0.0,1.0,0.0,7.54979013e-08,0.0,-718.156006,2396.53125,0.000128744,1.0]"
level.SCNE,arena_clutchtime_int_master@arena_clutchtime_int_shared_layout@GameObjects@Prototype_arena_curtains_prototype@Prototype_arena@curtain100x20_arena_straight500c_87:curtain100x20_arena_straight500c,OBJECT,arena_clutchtime_int_master@arena_clutchtime_int_shared_layout@GameObjects@Prototype_arena_curtains_prototype@Prototype_arena_curtains_prototype_0@curtain100x20_arena_straight500c_8:curtain100x20_arena_straight500c,,"[-1.0,0.0,-1.50995803e-07,0.0,0.0,1.0,0.0,0.0,1.50995803e-07,0.0,-1.0,0.0,159.787445,759.56488,2997.40527,1.0]"
level.SCNE,arena_clutchtime_int_master@arena_clutchtime_int_shared_layout@GameObjects@Prototype_arena_curtains_prototype@Prototype_arena_curtains_prototype_0@curtain100x20_arena_straight500c_36:curtain100x20_arena_straight500c,OBJECT,arena_clutchtime_int_master@arena_clutchtime_int_shared_layout@GameObjects@Prototype_arena_curtains_prototype@Prototype_arena_curtains_prototype_0@curtain100x20_arena_straight500c_8:curtain100x20_arena_straight500c,,"[1.0,0.0,0.0,0.0,0.0,1.0,0.0,0.0,0.0,0.0,1.0,0.0,-953.878479,759.56488,-2969.03101,1.0]"
level.SCNE,arena_clutchtime_int_master@arena_clutchtime_int_shared_layout@GameObjects@balcony_chairs@chair_arenacrowd_seatbackcushion_97:chair_arenacrowd_seatbackcushion_low,OBJECT,arena_clutchtime_int_master@arena_clutchtime_int_shared_layout@GameObjects@balcony_chairs@chair_arenacrowd_seatbackcushion_85:chair_arenacrowd_seatbackcushion_low,,"[-1.0,-8.74227766e-08,0.0,0.0,-8.74227766e-08,1.0,-8.74227766e-08,0.0,7.64274186e-15,-8.74227766e-08,-1.0,0.0,1000.4873,1375.11304,2650.51196,1.0]"
level.SCNE,arena_clutchtime_int_master@arena_clutchtime_int_shared_layout@GameObjects@Prototype_arena_curtains_prototype@Prototype_arena_curtains_prototype_0@curtain100x20_arena_straight500c_54:curtain100x20_arena_straight500c,OBJECT,arena_clutchtime_int_master@arena_clutchtime_int_shared_layout@GameObjects@Prototype_arena_curtains_prototype@Prototype_arena_curtains_prototype_0@curtain100x20_arena_straight500c_8:curtain100x20_arena_straight500c,,"[1.0,0.0,0.0,0.0,0.0,1.0,0.0,0.0,0.0,0.0,1.0,0.0,1046.28113,1375.11304,-2969.03101,1.0]"
level.SCNE,arena_clutchtime_int_master@arena_clutchtime_int_shared_layout@GameObjects@clutchtimecurtainstunnels1@Prototype_arena_curtains_prototype_2@curtain100x20_arena_straight400c_11:curtain100x20_arena_straight400c,OBJECT,arena_clutchtime_int_master@arena_clutchtime_int_shared_layout@GameObjects@clutchtimecurtainstunnels1@Prototype_arena_curtains_prototype_2@curtain100x20_arena_straight400c_9:curtain100x20_arena_straight400c,,"[0.121869296,0.0,-0.992545903,0.0,0.0,1.0,0.0,0.0,0.992545903,0.0,0.121869296,0.0,-2947.15039,-4.5917518e-06,-788.878418,1.0]"
level.SCNE,arena_clutchtime_int_master@arena_clutchtime_int_shared_layout@GameObjects@balcony_lights@light_ceilinga_round_15:light_ceilinga_round_low,OBJECT,arena_clutchtime_int_master@arena_clutchtime_int_shared_layout@GameObjects@balcony_lights@light_ceilinga_round_85:light_ceilinga_round_low,,"[7.54979013e-08,-1.0,0.0,0.0,1.0,7.54979013e-08,0.0,0.0,0.0,0.0,1.0,0.0,237.893341,643.825256,2470.06836,1.0]"
level.SCNE,arena_clutchtime_int_master@GameObjects@clutchtime_mural_wall:clutchtime_mural_wall_low,OBJECT,arena_clutchtime_int_master@GameObjects@clutchtime_mural_wall:clutchtime_mural_wall_low,,"[7.54979013e-08,0.0,1.0,0.0,0.0,1.0,0.0,0.0,-1.0,0.0,7.54979013e-08,0.0,2105.7146,34.0661583,0.029907022,1.0]"
level.SCNE,arena_clutchtime_int_master@arena_clutchtime_int_shared_layout@GameObjects@mural_lights@lighting_suspendedtrack_metalb_40:lighting_suspendedtrack_metalb_low,OBJECT,arena_clutchtime_int_master@arena_clutchtime_int_shared_layout@GameObjects@mural_lights@lighting_suspendedtrack_metalb_19:lighting_suspendedtrack_metalb_low,,"[3.13916473e-07,0.0,1.0,0.0,-1.74512877e-07,1.0,5.47824657e-14,0.0,-1.0,-1.74512877e-07,3.13916473e-07,0.0,1688.61316,1002.4798,-1930.90796,1.0]"
level.SCNE,arena_clutchtime_int_master@arena_clutchtime_int_shared_layout@GameObjects@stands@clutchtime_stair_3step_14:clutchtime_stair_3step_low,OBJECT,arena_clutchtime_int_master@arena_clutchtime_int_shared_layout@GameObjects@stands@clutchtime_stair_3step_0:clutchtime_stair_3step_low,,"[0.190809056,0.0,-0.981627166,0.0,0.0,1.0,0.0,0.0,0.981627166,0.0,0.190809056,0.0,-2253.0918,143.349854,-1054.42969,1.0]"
level.SCNE,arena_clutchtime_int_master@arena_clutchtime_int_shared_layout@GameObjects@doors@door_interiorwindowb_rightdbl_1:door_interiorwindowb_rightdbl,OBJECT,arena_clutchtime_int_master@arena_clutchtime_int_shared_layout@GameObjects@doors@door_interiorwindowb_rightdbl_2:door_interiorwindowb_rightdbl,arena_clutchtime_int_master@arena_clutchtime_int_shared_layout@GameObjects@doors@door_interiorwindowb_rightdbl_1:root,"[7.54979013e-08,0.0,-1.0,0.0,0.0,1.0,0.0,0.0,1.0,0.0,7.54979013e-08,0.0,-4755.35791,863.349854,2187.21948,1.0]"
level.SCNE,arena_clutchtime_int_master@arena_clutchtime_int_shared_layout@GameObjects@Prototype_arena_curtains_prototype@Prototype_arena_curtains_prototype_0@curtain100x20_arena_straight500c_153:curtain100x20_arena_straight500c,OBJECT,arena_clutchtime_int_master@arena_clutchtime_int_shared_layout@GameObjects@Prototype_arena_curtains_prototype@Prototype_arena_curtains_prototype_0@curtain100x20_arena_straight500c_8:curtain100x20_arena_straight500c,,"[1.0,0.0,0.0,0.0,0.0,1.0,0.0,0.0,0.0,0.0,1.0,0.0,-337.347687,1375.11304,-2869.0,1.0]"
level.SCNE,arena_clutchtime_int_master@arena_clutchtime_int_shared_layout@GameObjects@ceiling_panels@clutchtime_ceilingpanel_a_5:clutchtime_ceilingpanel_a_low,OBJECT,arena_clutchtime_int_master@arena_clutchtime_int_shared_layout@GameObjects@ceiling_panels@clutchtime_ceilingpanel_a_0:clutchtime_ceilingpanel_a_low,,"[7.54979013e-08,0.0,-1.0,0.0,0.0,1.0,0.0,0.0,1.0,0.0,7.54979013e-08,0.0,-4103.4248,1303.35718,0.000128744,1.0]"
level.SCNE,arena_clutchtime_int_master@arena_clutchtime_int_shared_layout@GameObjects@ceiling_panels@clutchtime_ceilingpanel_c:clutchtime_ceilingpanel_c_low,OBJECT,arena_clutchtime_int_master@arena_clutchtime_int_shared_layout@GameObjects@ceiling_panels@clutchtime_ceilingpanel_c_5:clutchtime_ceilingpanel_c_low,,"[7.54979013e-08,0.0,1.0,0.0,0.0,1.0,0.0,0.0,-1.0,0.0,7.54979013e-08,0.0,2417.10937,1322.90686,0.003852036,1.0]"
level.SCNE,arena_clutchtime_int_master@arena_clutchtime_int_shared_layout@GameObjects@balcony_chairs@chair_arenacrowd_seatbackcushion_12:chair_arenacrowd_seatbackcushion_low,OBJECT,arena_clutchtime_int_master@arena_clutchtime_int_shared_layout@GameObjects@balcony_chairs@chair_arenacrowd_seatbackcushion_85:chair_arenacrowd_seatbackcushion_low,,"[1.0,0.0,0.0,0.0,0.0,1.0,0.0,0.0,0.0,0.0,1.0,0.0,851.482056,122.139526,-2512.00171,1.0]"
level.SCNE,arena_clutchtime_int_master@arena_clutchtime_int_shared_layout@GameObjects@mural_lights@lighting_suspendedtrack_metalb_30:lighting_suspendedtrack_metalb_low,OBJECT,arena_clutchtime_int_master@arena_clutchtime_int_shared_layout@GameObjects@mural_lights@lighting_suspendedtrack_metalb_19:lighting_suspendedtrack_metalb_low,,"[3.13916473e-07,0.0,1.0,0.0,-1.74512877e-07,1.0,5.47824657e-14,0.0,-1.0,-1.74512877e-07,3.13916473e-07,0.0,1688.44897,1002.4798,1947.81653,1.0]"
level.SCNE,arena_clutchtime_int_master@arena_clutchtime_int_shared_layout@GameObjects@Prototype_arena_curtains_prototype@Prototype_arena@curtain100x20_arena_straight500c_78:curtain100x20_arena_straight500c,OBJECT,arena_clutchtime_int_master@arena_clutchtime_int_shared_layout@GameObjects@Prototype_arena_curtains_prototype@Prototype_arena_curtains_prototype_0@curtain100x20_arena_straight500c_8:curtain100x20_arena_straight500c,,"[-1.0,0.0,-1.50995803e-07,0.0,0.0,1.0,0.0,0.0,1.50995803e-07,0.0,-1.0,0.0,-852.692078,150.346558,2997.40527,1.0]"
level.SCNE,arena_clutchtime_int_master@arena_clutchtime_int_shared_layout@GameObjects@mural_lights@lighting_suspendedtrack_metalb_26:lighting_suspendedtrack_metalb_low,OBJECT,arena_clutchtime_int_master@arena_clutchtime_int_shared_layout@GameObjects@mural_lights@lighting_suspendedtrack_metalb_19:lighting_suspendedtrack_metalb_low,,"[3.13916473e-07,0.0,1.0,0.0,-1.74512877e-07,1.0,5.47824657e-14,0.0,-1.0,-1.74512877e-07,3.13916473e-07,0.0,1891.23865,1002.4798,1276.91956,1.0]"
level.SCNE,arena_clutchtime_int_master@arena_clutchtime_int_shared_layout@GameObjects@Prototype_arena_curtains_prototype@Prototype_arena_curtains_prototype_0@curtain100x20_arena_straight500c_9:curtain100x20_arena_straight500c,OBJECT,arena_clutchtime_int_master@arena_clutchtime_int_shared_layout@GameObjects@Prototype_arena_curtains_prototype@Prototype_arena_curtains_prototype_0@curtain100x20_arena_straight500c_8:curtain100x20_arena_straight500c,,"[1.0,0.0,0.0,0.0,0.0,1.0,0.0,0.0,0.0,0.0,1.0,0.0,947.628113,150.346558,-2969.03101,1.0]"
level.SCNE,arena_clutchtime_int_master@arena_clutchtime_int_shared_layout@GameObjects@ceiling_panelslights@clutchtime_ceilingpanellight_b_1:clutchtime_ceilingpanellight_b_low,OBJECT,arena_clutchtime_int_master@arena_clutchtime_int_shared_layout@GameObjects@ceiling_panelslights@clutchtime_ceilingpanellight_b_4:clutchtime_ceilingpanellight_b_low,,"[7.54979013e-08,0.0,-1.0,0.0,0.0,1.0,0.0,0.0,1.0,0.0,7.54979013e-08,0.0,-4284.03125,1457.26575,8.58306885e-05,1.0]"
level.SCNE,arena_clutchtime_int_master@arena_clutchtime_int_shared_layout@GameObjects@balcony_chairs@chair_arenacrowd_seatbackcushion_17:chair_arenacrowd_seatbackcushion_low,OBJECT,arena_clutchtime_int_master@arena_clutchtime_int_shared_layout@GameObjects@balcony_chairs@chair_arenacrowd_seatbackcushion_85:chair_arenacrowd_seatbackcushion_low,,"[1.0,0.0,0.0,0.0,0.0,1.0,0.0,0.0,0.0,0.0,1.0,0.0,-951.47522,122.139526,-2512.00171,1.0]"
level.SCNE,arena_clutchtime_int_master@arena_clutchtime_int_shared_layout@GameObjects@Prototype_arena_curtains_prototype@Prototype_arena_curtains_prototype_0@curtain100x20_arena_straight500c_125:curtain100x20_arena_straight500c,OBJECT,arena_clutchtime_int_master@arena_clutchtime_int_shared_layout@GameObjects@Prototype_arena_curtains_prototype@Prototype_arena_curtains_prototype_0@curtain100x20_arena_straight500c_8:curtain100x20_arena_straight500c,,"[1.0,0.0,0.0,0.0,0.0,1.0,0.0,0.0,0.0,0.0,1.0,0.0,-854.540283,150.346558,-2869.0,1.0]"
level.SCNE,arena_clutchtime_int_master@arena_clutchtime_int_shared_layout@GameObjects@Prototype_arena_curtains_prototype@Prototype_arena@curtain100x20_arena_straight500c_166:curtain100x20_arena_straight500c,OBJECT,arena_clutchtime_int_master@arena_clutchtime_int_shared_layout@GameObjects@Prototype_arena_curtains_prototype@Prototype_arena_curtains_prototype_0@curtain100x20_arena_straight500c_8:curtain100x20_arena_straight500c,,"[-1.0,-8.74227766e-08,-1.50995803e-07,0.0,-8.74227624e-08,1.0,-8.74227766e-08,0.0,1.50995817e-07,-8.74227624e-08,-1.0,0.0,-951.101685,759.56488,2869.0,1.0]"
level.SCNE,arena_clutchtime_int_master@arena_clutchtime_int_shared_layout@GameObjects@doors@sign_exit_generic_9:sign_exit_generic,OBJECT,arena_clutchtime_int_master@arena_clutchtime_int_shared_layout@GameObjects@doors@sign_exit_generic_3:sign_exit_generic,,"[1.0,0.0,0.0,0.0,0.0,1.0,0.0,0.0,0.0,0.0,1.0,0.0,2682.61743,1339.63025,-2259.02173,1.0]"
level.SCNE,arena_clutchtime_int_master@arena_clutchtime_int_shared_layout@GameObjects@balcony_chairs@chair_arenacrowd_seatbackcushion_152:chair_arenacrowd_seatbackcushion_low,OBJECT,arena_clutchtime_int_master@arena_clutchtime_int_shared_layout@GameObjects@balcony_chairs@chair_arenacrowd_seatbackcushion_85:chair_arenacrowd_seatbackcushion_low,,"[-1.0,-1.50995803e-07,0.0,0.0,-1.50995803e-07,1.0,-1.50995803e-07,0.0,2.27997332e-14,-1.50995803e-07,-1.0,0.0,-956.429993,122.139587,2512.00195,1.0]"
level.SCNE,arena_clutchtime_int_master@arena_clutchtime_int_shared_layout@GameObjects@Prototype_arena_curtains_prototype@Prototype_arena_curtains_prototype_0@curtain100x20_arena_straight500c_58:curtain100x20_arena_straight500c,OBJECT,arena_clutchtime_int_master@arena_clutchtime_int_shared_layout@GameObjects@Prototype_arena_curtains_prototype@Prototype_arena_curtains_prototype_0@curtain100x20_arena_straight500c_8:curtain100x20_arena_straight500c,,"[1.0,0.0,0.0,0.0,0.0,1.0,0.0,0.0,0.0,0.0,1.0,0.0,-657.030273,1375.11304,-2969.03101,1.0]"
level.SCNE,arena_clutchtime_int_master@arena_clutchtime_int_shared_layout@GameObjects@Prototype_arena_curtains_prototype@Prototype_arena_curtains_prototype_0@curtain100x20_arena_straight500c_46:curtain100x20_arena_straight500c,OBJECT,arena_clutchtime_int_master@arena_clutchtime_int_shared_layout@GameObjects@Prototype_arena_curtains_prototype@Prototype_arena_curtains_prototype_0@curtain100x20_arena_straight500c_8:curtain100x20_arena_straight500c,,"[1.0,0.0,0.0,0.0,0.0,1.0,0.0,0.0,0.0,0.0,1.0,0.0,-40.4994583,1375.11304,-2969.03101,1.0]"
level.SCNE,arena_clutchtime_int_master@arena_clutchtime_int_shared_layout@GameObjects@stands@clutchtime_stair_3step_8:clutchtime_stair_3step_low,OBJECT,arena_clutchtime_int_master@arena_clutchtime_int_shared_layout@GameObjects@stands@clutchtime_stair_3step_0:clutchtime_stair_3step_low,,"[-0.190809056,-2.88113657e-08,-0.981627166,0.0,-2.77421464e-09,1.0,-2.88113657e-08,0.0,0.981627166,-2.77421464e-09,-0.190809056,0.0,-2496.18848,263.349854,1218.83545,1.0]"
level.SCNE,arena_clutchtime_int_master@arena_clutchtime_int_shared_layout@GameObjects@Prototype_arena_curtains_prototype@Prototype_arena_curtains_prototype_0@curtain100x20_arena_straight500c_26:curtain100x20_arena_straight500c,OBJECT,arena_clutchtime_int_master@arena_clutchtime_int_shared_layout@GameObjects@Prototype_arena_curtains_prototype@Prototype_arena_curtains_prototype_0@curtain100x20_arena_straight500c_8:curtain100x20_arena_straight500c,,"[1.0,0.0,0.0,0.0,0.0,1.0,0.0,0.0,0.0,0.0,1.0,0.0,255.663574,759.56488,-2969.03101,1.0]"
level.SCNE,arena_clutchtime_int_master@arena_clutchtime_int_shared_layout@GameObjects@balcony@clutchtime_ceiling_balcony:clutchtime_ceiling_balcony_low,OBJECT,arena_clutchtime_int_master@arena_clutchtime_int_shared_layout@GameObjects@balcony@clutchtime_ceiling_balcony_5:clutchtime_ceiling_balcony_low,,"[1.0,0.0,0.0,0.0,0.0,1.0,0.0,0.0,0.0,0.0,1.0,0.0,-1252.44409,2074.1731,-2614.64746,1.0]"
level.SCNE,arena_clutchtime_int_master@arena_clutchtime_int_shared_layout@GameObjects@Prototype_arena_curtains_prototype@Prototype_arena@curtain100x20_arena_straight500c_67:curtain100x20_arena_straight500c,OBJECT,arena_clutchtime_int_master@arena_clutchtime_int_shared_layout@GameObjects@Prototype_arena_curtains_prototype@Prototype_arena_curtains_prototype_0@curtain100x20_arena_straight500c_8:curtain100x20_arena_straight500c,,"[-1.0,0.0,-1.50995803e-07,0.0,0.0,1.0,0.0,0.0,1.50995803e-07,0.0,-1.0,0.0,60.6869431,150.346558,2997.40527,1.0]"
level.SCNE,arena_clutchtime_int_master@arena_clutchtime_int_shared_layout@GameObjects@balcony_lights@light_ceilinga_round_10:light_ceilinga_round_low,OBJECT,arena_clutchtime_int_master@arena_clutchtime_int_shared_layout@GameObjects@balcony_lights@light_ceilinga_round_85:light_ceilinga_round_low,,"[7.54979013e-08,-1.0,0.0,0.0,1.0,7.54979013e-08,0.0,0.0,0.0,0.0,1.0,0.0,0.313334852,643.825256,2370.64673,1.0]"
level.SCNE,arena_clutchtime_int_master@arena_clutchtime_int_shared_layout@GameObjects@doors@door_interiorwindowb_leftdbl_5:door_interiorwindowb_leftdbl,OBJECT,arena_clutchtime_int_master@arena_clutchtime_int_shared_layout@GameObjects@doors@door_interiorwindowb_leftdbl:door_interiorwindowb_leftdbl,arena_clutchtime_int_master@arena_clutchtime_int_shared_layout@GameObjects@doors@door_interiorwindowb_leftdbl_5:root,"[7.54979013e-08,0.0,-1.0,0.0,0.0,1.0,0.0,0.0,1.0,0.0,7.54979013e-08,0.0,2267.6709,1029.63025,-2266.4917,1.0]"
level.SCNE,arena_clutchtime_int_master@arena_clutchtime_int_shared_layout@GameObjects@Prototype_arena_curtains_prototype@Prototype_arena@curtain100x20_arena_straight500c_122:curtain100x20_arena_straight500c,OBJECT,arena_clutchtime_int_master@arena_clutchtime_int_shared_layout@GameObjects@Prototype_arena_curtains_prototype@Prototype_arena_curtains_prototype_0@curtain100x20_arena_straight500c_8:curtain100x20_arena_straight500c,,"[-1.0,0.0,-1.50995803e-07,0.0,0.0,1.0,0.0,0.0,1.50995803e-07,0.0,-1.0,0.0,-654.253418,1375.11304,2997.40527,1.0]"
level.SCNE,arena_clutchtime_int_master@arena_clutchtime_int_shared_layout@GameObjects@scorecube@clutchtime_scorecube_spiral:clutchtime_scorecube_spiral_low,OBJECT,arena_clutchtime_int_master@arena_clutchtime_int_shared_layout@GameObjects@scorecube@clutchtime_scorecube_spiral:clutchtime_scorecube_spiral_low,,"[1.0,0.0,0.0,0.0,0.0,1.0,0.0,0.0,0.0,0.0,1.0,0.0,2.00604248,1315.25586,608.87262,1.0]"
level.SCNE,arena_clutchtime_int_master@arena_clutchtime_int_shared_layout@GameObjects@doors@doorframe_interiorhingeless_double_6:doorframe_interiorhingeless_double_low,OBJECT,arena_clutchtime_int_master@arena_clutchtime_int_shared_layout@GameObjects@doors@doorframe_interiorhingeless_double_0:doorframe_interiorhingeless_double_low,,"[1.0,0.0,0.0,0.0,0.0,1.0,0.0,0.0,0.0,0.0,1.0,0.0,2682.61743,1029.63025,-2261.4917,1.0]"
level.SCNE,arena_clutchtime_int_master@GameObjects@dorna@clutchtime_court_dorna_17:clutchtime_court_dorna_low,OBJECT,arena_clutchtime_int_master@GameObjects@dorna@clutchtime_court_dorna_7:clutchtime_court_dorna_low,,"[-1.0,-1.50995803e-07,0.0,0.0,-1.50995803e-07,1.0,-1.50995803e-07,0.0,2.27997332e-14,-1.50995803e-07,-1.0,0.0,-955.129883,0.0,-200.0,1.0]"
level.SCNE,arena_clutchtime_int_master@arena_clutchtime_int_shared_layout@GameObjects@Prototype_arena_curtains_prototype@Prototype_arena@curtain100x20_arena_straight500c_74:curtain100x20_arena_straight500c,OBJECT,arena_clutchtime_int_master@arena_clutchtime_int_shared_layout@GameObjects@Prototype_arena_curtains_prototype@Prototype_arena_curtains_prototype_0@curtain100x20_arena_straight500c_8:curtain100x20_arena_straight500c,,"[-1.0,0.0,-1.50995803e-07,0.0,0.0,1.0,0.0,0.0,1.50995803e-07,0.0,-1.0,0.0,851.304504,150.346558,2997.40527,1.0]"
level.SCNE,arena_clutchtime_int_master@arena_clutchtime_int_shared_layout@GameObjects@balcony@clutchtime_balcony_railing_3:clutchtime_balcony_railing_low,OBJECT,arena_clutchtime_int_master@arena_clutchtime_int_shared_layout@GameObjects@balcony@clutchtime_balcony_railing_12:clutchtime_balcony_railing_low,,"[1.0,0.0,0.0,0.0,0.0,1.0,0.0,0.0,0.0,0.0,1.0,0.0,-1.32609177,789.231567,-2321.06079,1.0]"
level.SCNE,arena_clutchtime_int_master@arena_clutchtime_int_shared_layout@GameObjects@ceiling_panelslights@clutchtime_ceilingpanellight_c_0:clutchtime_ceilingpanellight_c_low,OBJECT,arena_clutchtime_int_master@arena_clutchtime_int_shared_layout@GameObjects@ceiling_panelslights@clutchtime_ceilingpanellight_c:clutchtime_ceilingpanellight_c_low,,"[7.54979013e-08,0.0,-1.0,0.0,0.0,1.0,0.0,0.0,1.0,0.0,7.54979013e-08,0.0,-3499.8103,1457.26575,8.58306885e-05,1.0]"
level.SCNE,arena_clutchtime_int_master@arena_clutchtime_int_shared_layout@GameObjects@stands@clutchtime_stair_3step_6:clutchtime_stair_3step_low,OBJECT,arena_clutchtime_int_master@arena_clutchtime_int_shared_layout@GameObjects@stands@clutchtime_stair_3step_0:clutchtime_stair_3step_low,,"[-0.190809056,-2.88113657e-08,-0.981627166,0.0,-2.77421464e-09,1.0,-2.88113657e-08,0.0,0.981627166,-2.77421464e-09,-0.190809056,0.0,-1966.10974,23.349823,1115.79858,1.0]"
level.SCNE,arena_clutchtime_int_master@arena_clutchtime_int_shared_layout@GameObjects@balcony@clutchtime_balcony_b_1:clutchtime_balcony_b_low,OBJECT,arena_clutchtime_int_master@arena_clutchtime_int_shared_layout@GameObjects@balcony@clutchtime_balcony_b_8:clutchtime_balcony_b_low,,"[1.0,0.0,0.0,0.0,0.0,1.0,0.0,0.0,0.0,0.0,1.0,0.0,-0.313323975,35.1004639,-2346.14648,1.0]"
level.SCNE,arena_clutchtime_int_master@arena_clutchtime_int_shared_layout@GameObjects@Prototype_arena_curtains_prototype@Prototype_arena_curtains_prototype_0@curtain100x20_arena_straight500c_44:curtain100x20_arena_straight500c,OBJECT,arena_clutchtime_int_master@arena_clutchtime_int_shared_layout@GameObjects@Prototype_arena_curtains_prototype@Prototype_arena_curtains_prototype_0@curtain100x20_arena_straight500c_8:curtain100x20_arena_straight500c,,"[1.0,0.0,0.0,0.0,0.0,1.0,0.0,0.0,0.0,0.0,1.0,0.0,157.010544,1375.11304,-2969.03101,1.0]"
level.SCNE,arena_clutchtime_int_master@arena_clutchtime_int_shared_layout@GameObjects@Prototype_arena_curtains_prototype@Prototype_arena@curtain100x20_arena_straight500c_84:curtain100x20_arena_straight500c,OBJECT,arena_clutchtime_int_master@arena_clutchtime_int_shared_layout@GameObjects@Prototype_arena_curtains_prototype@Prototype_arena_curtains_prototype_0@curtain100x20_arena_straight500c_8:curtain100x20_arena_straight500c,,"[-1.0,0.0,-1.50995803e-07,0.0,0.0,1.0,0.0,0.0,1.50995803e-07,0.0,-1.0,0.0,-137.060791,759.56488,2997.40527,1.0]"
level.SCNE,arena_clutchtime_int_master@arena_clutchtime_int_shared_layout@GameObjects@balcony_chairs@chair_arenacrowd_seatbackcushion_9:chair_arenacrowd_seatbackcushion_low,OBJECT,arena_clutchtime_int_master@arena_clutchtime_int_shared_layout@GameObjects@balcony_chairs@chair_arenacrowd_seatbackcushion_85:chair_arenacrowd_seatbackcushion_low,,"[1.0,0.0,0.0,0.0,0.0,1.0,0.0,0.0,0.0,0.0,1.0,0.0,597.579712,150.346558,-2650.51196,1.0]"
level.SCNE,arena_clutchtime_int_master@arena_clutchtime_int_shared_layout@GameObjects@Prototype_arena_curtains_prototype@Prototype_arena@curtain100x20_arena_straight500c_120:curtain100x20_arena_straight500c,OBJECT,arena_clutchtime_int_master@arena_clutchtime_int_shared_layout@GameObjects@Prototype_arena_curtains_prototype@Prototype_arena_curtains_prototype_0@curtain100x20_arena_straight500c_8:curtain100x20_arena_straight500c,,"[-1.0,0.0,-1.50995803e-07,0.0,0.0,1.0,0.0,0.0,1.50995803e-07,0.0,-1.0,0.0,-852.692078,1375.11304,2997.40527,1.0]"
level.SCNE,arena_clutchtime_int_master@arena_clutchtime_int_shared_layout@GameObjects@Prototype_arena_curtains_prototype@Prototype_arena@curtain100x20_arena_straight500c_185:curtain100x20_arena_straight500c,OBJECT,arena_clutchtime_int_master@arena_clutchtime_int_shared_layout@GameObjects@Prototype_arena_curtains_prototype@Prototype_arena_curtains_prototype_0@curtain100x20_arena_straight500c_8:curtain100x20_arena_straight500c,,"[-1.0,-8.74227766e-08,-1.50995803e-07,0.0,-8.74227624e-08,1.0,-8.74227766e-08,0.0,1.50995817e-07,-8.74227624e-08,-1.0,0.0,554.456299,1375.11304,2869.0,1.0]"
level.SCNE,arena_clutchtime_int_master@arena_clutchtime_int_shared_layout@GameObjects@Prototype_arena_curtains_prototype@Prototype_arena@curtain100x20_arena_straight500c_93:curtain100x20_arena_straight500c,OBJECT,arena_clutchtime_int_master@arena_clutchtime_int_shared_layout@GameObjects@Prototype_arena_curtains_prototype@Prototype_arena_curtains_prototype_0@curtain100x20_arena_straight500c_8:curtain100x20_arena_straight500c,,"[-1.0,0.0,-1.50995803e-07,0.0,0.0,1.0,0.0,0.0,1.50995803e-07,0.0,-1.0,0.0,1048.81445,759.56488,2997.40527,1.0]"
level.SCNE,arena_clutchtime_int_master@arena_clutchtime_int_shared_layout@GameObjects@balcony_chairs@chair_arenacrowd_seatbackcushion_10:chair_arenacrowd_seatbackcushion_low,OBJECT,arena_clutchtime_int_master@arena_clutchtime_int_shared_layout@GameObjects@balcony_chairs@chair_arenacrowd_seatbackcushion_85:chair_arenacrowd_seatbackcushion_low,,"[1.0,0.0,0.0,0.0,0.0,1.0,0.0,0.0,0.0,0.0,1.0,0.0,745.985657,122.139526,-2512.00171,1.0]"
level.SCNE,arena_clutchtime_int_master@arena_clutchtime_int_shared_layout@GameObjects@balcony_lights@light_ceilinga_round_2:light_ceilinga_round_low,OBJECT,arena_clutchtime_int_master@arena_clutchtime_int_shared_layout@GameObjects@balcony_lights@light_ceilinga_round_85:light_ceilinga_round_low,,"[7.54979013e-08,-1.0,0.0,0.0,1.0,7.54979013e-08,0.0,0.0,0.0,0.0,1.0,0.0,-236.67952,1259.34619,2470.06836,1.0]"
level.SCNE,arena_clutchtime_int_master@arena_clutchtime_int_shared_layout@GameObjects@ceiling_panelslights@clutchtime_ceilingpanellight_c_1:clutchtime_ceilingpanellight_c_low,OBJECT,arena_clutchtime_int_master@arena_clutchtime_int_shared_layout@GameObjects@ceiling_panelslights@clutchtime_ceilingpanellight_c:clutchtime_ceilingpanellight_c_low,,"[7.54979013e-08,0.0,-1.0,0.0,0.0,1.0,0.0,0.0,1.0,0.0,7.54979013e-08,0.0,-4393.96533,1457.26575,8.58306885e-05,1.0]"
level.SCNE,arena_clutchtime_int_master@arena_clutchtime_int_shared_layout@GameObjects@Prototype_arena_curtains_prototype@Prototype_arena_curtains_prototype_0@curtain100x20_arena_straight500c_143:curtain100x20_arena_straight500c,OBJECT,arena_clutchtime_int_master@arena_clutchtime_int_shared_layout@GameObjects@Prototype_arena_curtains_prototype@Prototype_arena_curtains_prototype_0@curtain100x20_arena_straight500c_8:curtain100x20_arena_straight500c,,"[1.0,0.0,0.0,0.0,0.0,1.0,0.0,0.0,0.0,0.0,1.0,0.0,-139.837677,759.56488,-2869.0,1.0]"
level.SCNE,arena_clutchtime_int_master@arena_clutchtime_int_shared_layout@GameObjects@Prototype_arena_curtains_prototype@Prototype_arena@curtain100x20_arena_straight500c_114:curtain100x20_arena_straight500c,OBJECT,arena_clutchtime_int_master@arena_clutchtime_int_shared_layout@GameObjects@Prototype_arena_curtains_prototype@Prototype_arena_curtains_prototype_0@curtain100x20_arena_straight500c_8:curtain100x20_arena_straight500c,,"[-1.0,0.0,-1.50995803e-07,0.0,0.0,1.0,0.0,0.0,1.50995803e-07,0.0,-1.0,0.0,1048.81445,1375.11304,2997.40527,1.0]"
level.SCNE,arena_clutchtime_int_master@arena_clutchtime_int_shared_layout@GameObjects@balcony@clutchtime_balcony_a_0:clutchtime_balcony_a_low,OBJECT,arena_clutchtime_int_master@arena_clutchtime_int_shared_layout@GameObjects@balcony@clutchtime_balcony_a:clutchtime_balcony_a_low,,"[1.0,0.0,0.0,0.0,0.0,1.0,0.0,0.0,0.0,0.0,1.0,0.0,818.794434,1869.26855,-2361.57861,1.0]"
level.SCNE,arena_clutchtime_int_master@arena_clutchtime_int_shared_layout@GameObjects@balcony@clutchtime_balcony_railing_2:clutchtime_balcony_railing_low,OBJECT,arena_clutchtime_int_master@arena_clutchtime_int_shared_layout@GameObjects@balcony@clutchtime_balcony_railing_12:clutchtime_balcony_railing_low,,"[1.0,0.0,0.0,0.0,0.0,1.0,0.0,0.0,0.0,0.0,1.0,0.0,-1.32609177,180.013214,-2321.06079,1.0]"
level.SCNE,arena_clutchtime_int_master@arena_clutchtime_int_shared_layout@GameObjects@Prototype_arena_curtains_prototype@Prototype_arena@curtain100x20_arena_straight500c_189:curtain100x20_arena_straight500c,OBJECT,arena_clutchtime_int_master@arena_clutchtime_int_shared_layout@GameObjects@Prototype_arena_curtains_prototype@Prototype_arena_curtains_prototype_0@curtain100x20_arena_straight500c_8:curtain100x20_arena_straight500c,,"[-1.0,-8.74227766e-08,-1.50995803e-07,0.0,-8.74227624e-08,1.0,-8.74227766e-08,0.0,1.50995817e-07,-8.74227624e-08,-1.0,0.0,554.456299,759.56488,2869.0,1.0]"
level.SCNE,arena_clutchtime_int_master@arena_clutchtime_int_shared_layout@GameObjects@Prototype_arena_curtains_prototype@Prototype_arena_curtains_prototype_0@curtain100x20_arena_straight500c_130:curtain100x20_arena_straight500c,OBJECT,arena_clutchtime_int_master@arena_clutchtime_int_shared_layout@GameObjects@Prototype_arena_curtains_prototype@Prototype_arena_curtains_prototype_0@curtain100x20_arena_straight500c_8:curtain100x20_arena_straight500c,,"[1.0,0.0,0.0,0.0,0.0,1.0,0.0,0.0,0.0,0.0,1.0,0.0,-238.247192,150.346558,-2869.0,1.0]"
level.SCNE,arena_clutchtime_int_master@arena_clutchtime_int_shared_layout@GameObjects@stands@clutchtime_stair_3step_7:clutchtime_stair_3step_low,OBJECT,arena_clutchtime_int_master@arena_clutchtime_int_shared_layout@GameObjects@stands@clutchtime_stair_3step_0:clutchtime_stair_3step_low,,"[-0.190809056,-2.88113657e-08,-0.981627166,0.0,-2.77421464e-09,1.0,-2.88113657e-08,0.0,0.981627166,-2.77421464e-09,-0.190809056,0.0,-2231.14868,143.349854,1167.31689,1.0]"
level.SCNE,arena_clutchtime_int_master@arena_clutchtime_int_shared_layout@GameObjects@Prototype_arena_curtains_prototype@Prototype_arena@curtain100x20_arena_straight500c_88:curtain100x20_arena_straight500c,OBJECT,arena_clutchtime_int_master@arena_clutchtime_int_shared_layout@GameObjects@Prototype_arena_curtains_prototype@Prototype_arena_curtains_prototype_0@curtain100x20_arena_straight500c_8:curtain100x20_arena_straight500c,,"[-1.0,0.0,-1.50995803e-07,0.0,0.0,1.0,0.0,0.0,1.50995803e-07,0.0,-1.0,0.0,60.6869431,759.56488,2997.40527,1.0]"
level.SCNE,arena_clutchtime_int_master@arena_clutchtime_int_shared_layout@GameObjects@balcony_chairs@chair_arenacrowd_seatbackcushion_2:chair_arenacrowd_seatbackcushion_low,OBJECT,arena_clutchtime_int_master@arena_clutchtime_int_shared_layout@GameObjects@balcony_chairs@chair_arenacrowd_seatbackcushion_85:chair_arenacrowd_seatbackcushion_low,,"[1.0,0.0,0.0,0.0,0.0,1.0,0.0,0.0,0.0,0.0,1.0,0.0,155.501877,122.139526,-2512.00171,1.0]"
level.SCNE,arena_clutchtime_int_master@arena_clutchtime_int_shared_layout@GameObjects@balcony@clutchtime_balcony_a_3:clutchtime_balcony_a_low,OBJECT,arena_clutchtime_int_master@arena_clutchtime_int_shared_layout@GameObjects@balcony@clutchtime_balcony_a:clutchtime_balcony_a_low,,"[-1.0,-1.50995803e-07,-1.50995803e-07,0.0,-1.50995774e-07,1.0,-1.50995803e-07,0.0,1.50995831e-07,-1.50995774e-07,-1.0,0.0,780.483826,1869.26855,2361.57861,1.0]"
level.SCNE,arena_clutchtime_int_master@arena_clutchtime_int_shared_layout@GameObjects@balcony_chairs@chair_arenacrowd_seatbackcushion_66:chair_arenacrowd_seatbackcushion_low,OBJECT,arena_clutchtime_int_master@arena_clutchtime_int_shared_layout@GameObjects@balcony_chairs@chair_arenacrowd_seatbackcushion_85:chair_arenacrowd_seatbackcushion_low,,"[1.0,0.0,0.0,0.0,0.0,1.0,0.0,0.0,0.0,0.0,1.0,0.0,851.482056,1346.90601,-2512.00171,1.0]"
level.SCNE,arena_clutchtime_int_master@arena_clutchtime_int_shared_layout@GameObjects@Prototype_arena_curtains_prototype@Prototype_arena@curtain100x20_arena_straight500c_111:curtain100x20_arena_straight500c,OBJECT,arena_clutchtime_int_master@arena_clutchtime_int_shared_layout@GameObjects@Prototype_arena_curtains_prototype@Prototype_arena_curtains_prototype_0@curtain100x20_arena_straight500c_8:curtain100x20_arena_straight500c,,"[-1.0,0.0,-1.50995803e-07,0.0,0.0,1.0,0.0,0.0,1.50995803e-07,0.0,-1.0,0.0,554.456299,1375.11304,2997.40527,1.0]"
level.SCNE,arena_clutchtime_int_master@arena_clutchtime_int_shared_layout@GameObjects@mural_lights@lighting_suspendedtrack_metalb_31:lighting_suspendedtrack_metalb_low,OBJECT,arena_clutchtime_int_master@arena_clutchtime_int_shared_layout@GameObjects@mural_lights@lighting_suspendedtrack_metalb_19:lighting_suspendedtrack_metalb_low,,"[3.13916473e-07,0.0,1.0,0.0,-1.74512877e-07,1.0,5.47824657e-14,0.0,-1.0,-1.74512877e-07,3.13916473e-07,0.0,2057.98438,1002.4798,-148.665222,1.0]"
level.SCNE,arena_clutchtime_int_master@arena_clutchtime_int_shared_layout@GameObjects@balcony_lights@light_ceilinga_round_33:light_ceilinga_round_low,OBJECT,arena_clutchtime_int_master@arena_clutchtime_int_shared_layout@GameObjects@balcony_lights@light_ceilinga_round_85:light_ceilinga_round_low,,"[7.54979013e-08,-1.0,0.0,0.0,1.0,7.54979013e-08,0.0,0.0,0.0,0.0,1.0,0.0,562.959595,1259.34619,2470.06836,1.0]"
level.SCNE,arena_clutchtime_int_master@arena_clutchtime_int_shared_layout@GameObjects@balcony_chairs@chair_arenacrowd_seatbackcushion_101:chair_arenacrowd_seatbackcushion_low,OBJECT,arena_clutchtime_int_master@arena_clutchtime_int_shared_layout@GameObjects@balcony_chairs@chair_arenacrowd_seatbackcushion_85:chair_arenacrowd_seatbackcushion_low,,"[-1.0,-8.74227766e-08,0.0,0.0,-8.74227766e-08,1.0,-8.74227766e-08,0.0,7.64274186e-15,-8.74227766e-08,-1.0,0.0,-648.530396,1346.90601,2512.00195,1.0]"
level.SCNE,arena_clutchtime_int_master@arena_clutchtime_int_shared_layout@GameObjects@balcony_lights@light_ceilinga_round_61:light_ceilinga_round_low,OBJECT,arena_clutchtime_int_master@arena_clutchtime_int_shared_layout@GameObjects@balcony_lights@light_ceilinga_round_85:light_ceilinga_round_low,,"[7.54979013e-08,-1.0,0.0,0.0,1.0,7.54979013e-08,0.0,0.0,0.0,0.0,1.0,0.0,-129.75563,1259.34619,-2396.93481,1.0]"
level.SCNE,arena_clutchtime_int_master@arena_clutchtime_int_shared_layout@GameObjects@mural_lights@lighting_suspendedtrack_metalb_24:lighting_suspendedtrack_metalb_low,OBJECT,arena_clutchtime_int_master@arena_clutchtime_int_shared_layout@GameObjects@mural_lights@lighting_suspendedtrack_metalb_19:lighting_suspendedtrack_metalb_low,,"[3.13916473e-07,0.0,1.0,0.0,-1.74512877e-07,1.0,5.47824657e-14,0.0,-1.0,-1.74512877e-07,3.13916473e-07,0.0,1973.98999,1002.4798,890.621643,1.0]"
level.SCNE,arena_clutchtime_int_master@arena_clutchtime_int_shared_layout@GameObjects@Prototype_arena_curtains_prototype@Prototype_arena_curtains_prototype_0@curtain100x20_arena_straight500c_39:curtain100x20_arena_straight500c,OBJECT,arena_clutchtime_int_master@arena_clutchtime_int_shared_layout@GameObjects@Prototype_arena_curtains_prototype@Prototype_arena_curtains_prototype_0@curtain100x20_arena_straight500c_8:curtain100x20_arena_straight500c,,"[1.0,0.0,0.0,0.0,0.0,1.0,0.0,0.0,0.0,0.0,1.0,0.0,-854.540283,759.56488,-2969.03101,1.0]"
level.SCNE,arena_clutchtime_int_master@arena_clutchtime_int_shared_layout@GameObjects@balcony_lights@light_ceilinga_round_73:light_ceilinga_round_low,OBJECT,arena_clutchtime_int_master@arena_clutchtime_int_shared_layout@GameObjects@balcony_lights@light_ceilinga_round_85:light_ceilinga_round_low,,"[7.54979013e-08,-1.0,0.0,0.0,1.0,7.54979013e-08,0.0,0.0,0.0,0.0,1.0,0.0,129.000412,643.825256,-2396.93481,1.0]"
level.SCNE,arena_clutchtime_int_master@arena_clutchtime_int_shared_layout@GameObjects@Prototype_arena_curtains_prototype@Prototype_arena@curtain100x20_arena_straight500c_83:curtain100x20_arena_straight500c,OBJECT,arena_clutchtime_int_master@arena_clutchtime_int_shared_layout@GameObjects@Prototype_arena_curtains_prototype@Prototype_arena_curtains_prototype_0@curtain100x20_arena_straight500c_8:curtain100x20_arena_straight500c,,"[-1.0,0.0,-1.50995803e-07,0.0,0.0,1.0,0.0,0.0,1.50995803e-07,0.0,-1.0,0.0,-236.161285,759.56488,2997.40527,1.0]"
level.SCNE,arena_clutchtime_int_master@arena_clutchtime_int_shared_layout@GameObjects@balcony_chairs@chair_arenacrowd_seatbackcushion_120:chair_arenacrowd_seatbackcushion_low,OBJECT,arena_clutchtime_int_master@arena_clutchtime_int_shared_layout@GameObjects@balcony_chairs@chair_arenacrowd_seatbackcushion_85:chair_arenacrowd_seatbackcushion_low,,"[-1.0,-1.50995803e-07,0.0,0.0,-1.50995803e-07,1.0,-1.50995803e-07,0.0,2.27997332e-14,-1.50995803e-07,-1.0,0.0,852.705688,731.35791,2512.00195,1.0]"
level.SCNE,arena_clutchtime_int_master@arena_clutchtime_int_shared_layout@GameObjects@ceiling_panelslights@clutchtime_ceilingpanellight_a:clutchtime_ceilingpanellight_a_low,OBJECT,arena_clutchtime_int_master@arena_clutchtime_int_shared_layout@GameObjects@ceiling_panelslights@clutchtime_ceilingpanellight_a_3:clutchtime_ceilingpanellight_a_low,,"[1.94707184e-07,0.0,-1.0,0.0,0.0,1.0,0.0,0.0,1.0,0.0,1.94707184e-07,0.0,-2227.06177,1457.26575,8.58306885e-05,1.0]"
level.SCNE,arena_clutchtime_int_master@arena_clutchtime_int_shared_layout@GameObjects@ceiling_panels@clutchtime_ceilingpanel_d:clutchtime_ceilingpanel_d_low,OBJECT,arena_clutchtime_int_master@arena_clutchtime_int_shared_layout@GameObjects@ceiling_panels@clutchtime_ceilingpanel_d_1:clutchtime_ceilingpanel_d_low,,"[7.54979013e-08,0.0,1.0,0.0,0.0,1.0,0.0,0.0,-1.0,0.0,7.54979013e-08,0.0,2533.83008,1322.90686,0.003852036,1.0]"
level.SCNE,arena_clutchtime_int_master@arena_clutchtime_int_shared_layout@GameObjects@ceiling_panelslights@clutchtime_ceilingpanellight_d_2:clutchtime_ceilingpanellight_d_low,OBJECT,arena_clutchtime_int_master@arena_clutchtime_int_shared_layout@GameObjects@ceiling_panelslights@clutchtime_ceilingpanellight_d_0:clutchtime_ceilingpanellight_d_low,,"[1.94707184e-07,0.0,1.0,0.0,0.0,1.0,0.0,0.0,-1.0,0.0,1.94707184e-07,0.0,2591.74072,1457.26575,-8.58306885e-05,1.0]"
level.SCNE,arena_clutchtime_int_master@arena_clutchtime_int_shared_layout@GameObjects@ceiling_panels@clutchtime_ceilingpanel_a_6:clutchtime_ceilingpanel_a_low,OBJECT,arena_clutchtime_int_master@arena_clutchtime_int_shared_layout@GameObjects@ceiling_panels@clutchtime_ceilingpanel_a_0:clutchtime_ceilingpanel_a_low,,"[7.54979013e-08,0.0,-1.0,0.0,0.0,1.0,0.0,0.0,1.0,0.0,7.54979013e-08,0.0,-5037.48682,1303.35718,0.000128744,1.0]"
level.SCNE,arena_clutchtime_int_master@arena_clutchtime_int_shared_layout@GameObjects@Prototype_arena_curtains_prototype@Prototype_arena@curtain100x20_arena_straight500c_188:curtain100x20_arena_straight500c,OBJECT,arena_clutchtime_int_master@arena_clutchtime_int_shared_layout@GameObjects@Prototype_arena_curtains_prototype@Prototype_arena_curtains_prototype_0@curtain100x20_arena_straight500c_8:curtain100x20_arena_straight500c,,"[-1.0,-8.74227766e-08,-1.50995803e-07,0.0,-8.74227624e-08,1.0,-8.74227766e-08,0.0,1.50995817e-07,-8.74227624e-08,-1.0,0.0,851.304504,1375.11304,2869.0,1.0]"
level.SCNE,arena_clutchtime_int_master@arena_clutchtime_int_shared_layout@GameObjects@ceiling_panelslights@clutchtime_ceilingpanellight_c_3:clutchtime_ceilingpanellight_c_low,OBJECT,arena_clutchtime_int_master@arena_clutchtime_int_shared_layout@GameObjects@ceiling_panelslights@clutchtime_ceilingpanellight_c:clutchtime_ceilingpanellight_c_low,,"[1.94707184e-07,0.0,1.0,0.0,0.0,1.0,0.0,0.0,-1.0,0.0,1.94707184e-07,0.0,3507.56372,1457.26575,-8.58306885e-05,1.0]"
level.SCNE,arena_clutchtime_int_master@arena_clutchtime_int_shared_layout@GameObjects@balcony_chairs@chair_arenacrowd_seatbackcushion_46:chair_arenacrowd_seatbackcushion_low,OBJECT,arena_clutchtime_int_master@arena_clutchtime_int_shared_layout@GameObjects@balcony_chairs@chair_arenacrowd_seatbackcushion_85:chair_arenacrowd_seatbackcushion_low,,"[1.0,0.0,0.0,0.0,0.0,1.0,0.0,0.0,0.0,0.0,1.0,0.0,-853.308228,731.357849,-2512.00171,1.0]"
level.SCNE,arena_clutchtime_int_master@arena_clutchtime_int_shared_layout@GameObjects@Prototype_arena_curtains_prototype@Prototype_arena@curtain100x20_arena_straight500c_92:curtain100x20_arena_straight500c,OBJECT,arena_clutchtime_int_master@arena_clutchtime_int_shared_layout@GameObjects@Prototype_arena_curtains_prototype@Prototype_arena_curtains_prototype_0@curtain100x20_arena_straight500c_8:curtain100x20_arena_straight500c,,"[-1.0,0.0,-1.50995803e-07,0.0,0.0,1.0,0.0,0.0,1.50995803e-07,0.0,-1.0,0.0,751.966309,759.56488,2997.40527,1.0]"
level.SCNE,arena_clutchtime_int_master@arena_clutchtime_int_shared_layout@GameObjects@ceiling_panels@clutchtime_ceilingpanel_a_3:clutchtime_ceilingpanel_a_low,OBJECT,arena_clutchtime_int_master@arena_clutchtime_int_shared_layout@GameObjects@ceiling_panels@clutchtime_ceilingpanel_a_0:clutchtime_ceilingpanel_a_low,,"[7.54979013e-08,0.0,-1.0,0.0,0.0,1.0,0.0,0.0,1.0,0.0,7.54979013e-08,0.0,-2173.50952,1303.35718,0.000128744,1.0]"
level.SCNE,arena_clutchtime_int_master@arena_clutchtime_int_shared_layout@GameObjects@clutchtimecurtainstunnels1@Prototype_arena_curtains_prototype_2@curtain100x20_arena_straight400c_14:curtain100x20_arena_straight400c,OBJECT,arena_clutchtime_int_master@arena_clutchtime_int_shared_layout@GameObjects@clutchtimecurtainstunnels1@Prototype_arena_curtains_prototype_2@curtain100x20_arena_straight400c_9:curtain100x20_arena_straight400c,,"[0.121869273,0.0,-0.992545724,0.0,0.0,1.0,0.0,0.0,0.992545724,0.0,0.121869273,0.0,-2912.98267,-9.90896842e-06,-1067.1571,1.0]"
level.SCNE,arena_clutchtime_int_master@arena_clutchtime_int_shared_layout@GameObjects@ceiling_panelslights@clutchtime_ceilingpanellight_b:clutchtime_ceilingpanellight_b_low,OBJECT,arena_clutchtime_int_master@arena_clutchtime_int_shared_layout@GameObjects@ceiling_panelslights@clutchtime_ceilingpanellight_b_4:clutchtime_ceilingpanellight_b_low,,"[7.54979013e-08,0.0,-1.0,0.0,0.0,1.0,0.0,0.0,1.0,0.0,7.54979013e-08,0.0,-2362.99243,1457.26575,8.58306885e-05,1.0]"
level.SCNE,arena_clutchtime_int_master@arena_clutchtime_int_shared_layout@GameObjects@balcony_lights@light_ceilinga_round_67:light_ceilinga_round_low,OBJECT,arena_clutchtime_int_master@arena_clutchtime_int_shared_layout@GameObjects@balcony_lights@light_ceilinga_round_85:light_ceilinga_round_low,,"[7.54979013e-08,-1.0,0.0,0.0,1.0,7.54979013e-08,0.0,0.0,0.0,0.0,1.0,0.0,-237.321304,1868.73694,-2470.06836,1.0]"
level.SCNE,arena_clutchtime_int_master@arena_clutchtime_int_shared_layout@GameObjects@balcony_chairs@chair_arenacrowd_seatbackcushion_159:chair_arenacrowd_seatbackcushion_low,OBJECT,arena_clutchtime_int_master@arena_clutchtime_int_shared_layout@GameObjects@balcony_chairs@chair_arenacrowd_seatbackcushion_85:chair_arenacrowd_seatbackcushion_low,,"[-1.0,-1.50995803e-07,0.0,0.0,-1.50995803e-07,1.0,-1.50995803e-07,0.0,2.27997332e-14,-1.50995803e-07,-1.0,0.0,-697.514404,150.346619,2650.51196,1.0]"
level.SCNE,arena_clutchtime_int_master@arena_clutchtime_int_shared_layout@GameObjects@mural_lights@lighting_suspendedtrack_metalb_7:lighting_suspendedtrack_metalb_low,OBJECT,arena_clutchtime_int_master@arena_clutchtime_int_shared_layout@GameObjects@mural_lights@lighting_suspendedtrack_metalb_19:lighting_suspendedtrack_metalb_low,,"[3.13916473e-07,0.0,1.0,0.0,-1.74512877e-07,1.0,5.47824657e-14,0.0,-1.0,-1.74512877e-07,3.13916473e-07,0.0,1759.45605,1490.65344,1690.1604,1.0]"
level.SCNE,arena_clutchtime_int_master@arena_clutchtime_int_shared_layout@GameObjects@ceiling@clutchtime_ceiling_ribs:clutchtime_ceiling_ribs_low,OBJECT,arena_clutchtime_int_master@arena_clutchtime_int_shared_layout@GameObjects@ceiling@clutchtime_ceiling_ribs_0:clutchtime_ceiling_ribs_low,,"[7.54979013e-08,0.0,-1.0,0.0,0.0,1.0,0.0,0.0,1.0,0.0,7.54979013e-08,0.0,-1454.6377,1936.47534,-48.2290039,1.0]"
level.SCNE,arena_clutchtime_int_master@arena_clutchtime_int_shared_layout@GameObjects@clutchtimecurtainstunnels1@Prototype_arena_curtains_prototype_1@curtain100x20_arena_straight400c_0:curtain100x20_arena_straight400c,OBJECT,arena_clutchtime_int_master@arena_clutchtime_int_shared_layout@GameObjects@clutchtimecurtainstunnels1@Prototype_arena_curtains_prototype_2@curtain100x20_arena_straight400c_9:curtain100x20_arena_straight400c,,"[-0.121869318,-1.0654154e-08,-0.992546082,0.0,-6.51638743e-10,1.0,-1.06541549e-08,0.0,0.992546082,-6.51631638e-10,-0.121869318,0.0,-2888.78003,0.0,1017.13403,1.0]"
level.SCNE,arena_clutchtime_int_master@arena_clutchtime_int_shared_layout@GameObjects@ceiling_panelslights@clutchtime_ceilingpanellight_e_0:clutchtime_ceilingpanellight_e_low,OBJECT,arena_clutchtime_int_master@arena_clutchtime_int_shared_layout@GameObjects@ceiling_panelslights@clutchtime_ceilingpanellight_e_4:clutchtime_ceilingpanellight_e_low,,"[7.54979013e-08,0.0,-1.0,0.0,0.0,1.0,0.0,0.0,1.0,0.0,7.54979013e-08,0.0,-3770.33228,1457.26575,8.58306885e-05,1.0]"
level.SCNE,arena_clutchtime_int_master@arena_clutchtime_int_shared_layout@GameObjects@ceiling_panels@clutchtime_ceilingpanel_f_4:clutchtime_ceilingpanel_f_low,OBJECT,arena_clutchtime_int_master@arena_clutchtime_int_shared_layout@GameObjects@ceiling_panels@clutchtime_ceilingpanel_f:clutchtime_ceilingpanel_f_low,,"[7.54979013e-08,0.0,-1.0,0.0,0.0,1.0,0.0,0.0,1.0,0.0,7.54979013e-08,0.0,-3871.47119,1303.35718,0.000128744,1.0]"
level.SCNE,arena_clutchtime_int_master@arena_clutchtime_int_shared_layout@GameObjects@Prototype_arena_curtains_prototype@Prototype_arena@curtain100x20_arena_straight500c_170:curtain100x20_arena_straight500c,OBJECT,arena_clutchtime_int_master@arena_clutchtime_int_shared_layout@GameObjects@Prototype_arena_curtains_prototype@Prototype_arena_curtains_prototype_0@curtain100x20_arena_straight500c_8:curtain100x20_arena_straight500c,,"[-1.0,-8.74227766e-08,-1.50995803e-07,0.0,-8.74227624e-08,1.0,-8.74227766e-08,0.0,1.50995817e-07,-8.74227624e-08,-1.0,0.0,-951.101685,150.346558,2869.0,1.0]"
level.SCNE,arena_clutchtime_int_master@arena_clutchtime_int_shared_layout@GameObjects@Prototype_arena_curtains_prototype@Prototype_arena@curtain100x20_arena_straight500c_104:curtain100x20_arena_straight500c,OBJECT,arena_clutchtime_int_master@arena_clutchtime_int_shared_layout@GameObjects@Prototype_arena_curtains_prototype@Prototype_arena_curtains_prototype_0@curtain100x20_arena_straight500c_8:curtain100x20_arena_straight500c,,"[-1.0,0.0,-1.50995803e-07,0.0,0.0,1.0,0.0,0.0,1.50995803e-07,0.0,-1.0,0.0,-236.161285,1375.11304,2997.40527,1.0]"
level.SCNE,arena_clutchtime_int_master@arena_clutchtime_int_shared_layout@GameObjects@mural_lights@lighting_suspendedtrack_metalb_3:lighting_suspendedtrack_metalb_low,OBJECT,arena_clutchtime_int_master@arena_clutchtime_int_shared_layout@GameObjects@mural_lights@lighting_suspendedtrack_metalb_19:lighting_suspendedtrack_metalb_low,,"[3.13916473e-07,0.0,1.0,0.0,-1.74512877e-07,1.0,5.47824657e-14,0.0,-1.0,-1.74512877e-07,3.13916473e-07,0.0,1942.06384,1490.65344,902.199463,1.0]"
level.SCNE,arena_clutchtime_int_master@arena_clutchtime_int_shared_layout@GameObjects@balcony@clutchtime_balcony_b_10:clutchtime_balcony_b_low,OBJECT,arena_clutchtime_int_master@arena_clutchtime_int_shared_layout@GameObjects@balcony@clutchtime_balcony_b_8:clutchtime_balcony_b_low,,"[-1.0,-1.50995803e-07,0.0,0.0,-1.50995803e-07,1.0,-1.50995803e-07,0.0,2.27997332e-14,-1.50995803e-07,-1.0,0.0,-0.313049316,35.1004639,2346.146,1.0]"
level.SCNE,arena_clutchtime_int_master@arena_clutchtime_int_shared_layout@GameObjects@Prototype_arena_curtains_prototype@Prototype_arena_curtains_prototype_0@curtain100x20_arena_straight500c_141:curtain100x20_arena_straight500c,OBJECT,arena_clutchtime_int_master@arena_clutchtime_int_shared_layout@GameObjects@Prototype_arena_curtains_prototype@Prototype_arena_curtains_prototype_0@curtain100x20_arena_straight500c_8:curtain100x20_arena_straight500c,,"[1.0,0.0,0.0,0.0,0.0,1.0,0.0,0.0,0.0,0.0,1.0,0.0,-337.347687,759.56488,-2869.0,1.0]"
level.SCNE,arena_clutchtime_int_master@arena_clutchtime_int_shared_layout@GameObjects@balcony_chairs@chair_arenacrowd_seatbackcushion_61:chair_arenacrowd_seatbackcushion_low,OBJECT,arena_clutchtime_int_master@arena_clutchtime_int_shared_layout@GameObjects@balcony_chairs@chair_arenacrowd_seatbackcushion_85:chair_arenacrowd_seatbackcushion_low,,"[1.0,0.0,0.0,0.0,0.0,1.0,0.0,0.0,0.0,0.0,1.0,0.0,204.853592,1375.11304,-2650.51172,1.0]"
level.SCNE,arena_clutchtime_int_master@arena_clutchtime_int_shared_layout@GameObjects@balcony_chairs@chair_arenacrowd_seatbackcushion_55:chair_arenacrowd_seatbackcushion_low,OBJECT,arena_clutchtime_int_master@arena_clutchtime_int_shared_layout@GameObjects@balcony_chairs@chair_arenacrowd_seatbackcushion_85:chair_arenacrowd_seatbackcushion_low,,"[1.0,0.0,0.0,0.0,0.0,1.0,0.0,0.0,0.0,0.0,1.0,0.0,-54.1600075,1346.90601,-2512.00171,1.0]"
level.SCNE,arena_clutchtime_int_master@arena_clutchtime_int_shared_layout@GameObjects@balcony_chairs@chair_arenacrowd_seatbackcushion_126:chair_arenacrowd_seatbackcushion_low,OBJECT,arena_clutchtime_int_master@arena_clutchtime_int_shared_layout@GameObjects@balcony_chairs@chair_arenacrowd_seatbackcushion_85:chair_arenacrowd_seatbackcushion_low,,"[-1.0,-1.50995803e-07,0.0,0.0,-1.50995803e-07,1.0,-1.50995803e-07,0.0,2.27997332e-14,-1.50995803e-07,-1.0,0.0,-1006.68347,759.564941,2650.51196,1.0]"
level.SCNE,arena_clutchtime_int_master@arena_clutchtime_int_shared_layout@GameObjects@balcony_lights@light_ceilinga_round_3:light_ceilinga_round_low,OBJECT,arena_clutchtime_int_master@arena_clutchtime_int_shared_layout@GameObjects@balcony_lights@light_ceilinga_round_85:light_ceilinga_round_low,,"[7.54979013e-08,-1.0,0.0,0.0,1.0,7.54979013e-08,0.0,0.0,0.0,0.0,1.0,0.0,129.642151,1259.34619,2396.93481,1.0]"
level.SCNE,arena_clutchtime_int_master@arena_clutchtime_int_shared_layout@GameObjects@Prototype_arena_curtains_prototype@Prototype_arena@curtain100x20_arena_straight500c_180:curtain100x20_arena_straight500c,OBJECT,arena_clutchtime_int_master@arena_clutchtime_int_shared_layout@GameObjects@Prototype_arena_curtains_prototype@Prototype_arena_curtains_prototype_0@curtain100x20_arena_straight500c_8:curtain100x20_arena_straight500c,,"[-1.0,-8.74227766e-08,-1.50995803e-07,0.0,-8.74227624e-08,1.0,-8.74227766e-08,0.0,1.50995817e-07,-8.74227624e-08,-1.0,0.0,60.6869431,759.56488,2869.0,1.0]"
level.SCNE,arena_clutchtime_int_master@arena_clutchtime_int_shared_layout@GameObjects@Prototype_arena_curtains_prototype@Prototype_arena_curtains_prototype_0@curtain100x20_arena_straight500c_149:curtain100x20_arena_straight500c,OBJECT,arena_clutchtime_int_master@arena_clutchtime_int_shared_layout@GameObjects@Prototype_arena_curtains_prototype@Prototype_arena_curtains_prototype_0@curtain100x20_arena_straight500c_8:curtain100x20_arena_straight500c,,"[1.0,0.0,0.0,0.0,0.0,1.0,0.0,0.0,0.0,0.0,1.0,0.0,-1151.38843,1375.11304,-2869.0,1.0]"
level.SCNE,arena_clutchtime_int_master@arena_clutchtime_int_shared_layout@GameObjects@Prototype_arena_curtains_prototype@Prototype_arena@curtain100x20_arena_straight500c_124:curtain100x20_arena_straight500c,OBJECT,arena_clutchtime_int_master@arena_clutchtime_int_shared_layout@GameObjects@Prototype_arena_curtains_prototype@Prototype_arena_curtains_prototype_0@curtain100x20_arena_straight500c_8:curtain100x20_arena_straight500c,,"[-1.0,0.0,-1.50995803e-07,0.0,0.0,1.0,0.0,0.0,1.50995803e-07,0.0,-1.0,0.0,-457.190857,1375.11304,2997.40527,1.0]"
level.SCNE,arena_clutchtime_int_master@arena_clutchtime_int_shared_layout@GameObjects@balcony_chairs@chair_arenacrowd_seatbackcushion_78:chair_arenacrowd_seatbackcushion_low,OBJECT,arena_clutchtime_int_master@arena_clutchtime_int_shared_layout@GameObjects@balcony_chairs@chair_arenacrowd_seatbackcushion_85:chair_arenacrowd_seatbackcushion_low,,"[1.0,0.0,0.0,0.0,0.0,1.0,0.0,0.0,0.0,0.0,1.0,0.0,-693.077698,1375.11304,-2650.51172,1.0]"
level.SCNE,arena_clutchtime_int_master@arena_clutchtime_int_shared_layout@GameObjects@ceiling_panelslights@clutchtime_ceilingpanellight_f:clutchtime_ceilingpanellight_f_low,OBJECT,arena_clutchtime_int_master@arena_clutchtime_int_shared_layout@GameObjects@ceiling_panelslights@clutchtime_ceilingpanellight_f:clutchtime_ceilingpanellight_f_low,,"[7.54979013e-08,0.0,-1.0,0.0,0.0,1.0,0.0,0.0,1.0,0.0,7.54979013e-08,0.0,-2896.74854,1457.26575,1.94838737e-14,1.0]"
level.SCNE,arena_clutchtime_int_master@arena_clutchtime_int_shared_layout@GameObjects@balcony_lights@light_ceilinga_round_68:light_ceilinga_round_low,OBJECT,arena_clutchtime_int_master@arena_clutchtime_int_shared_layout@GameObjects@balcony_lights@light_ceilinga_round_85:light_ceilinga_round_low,,"[7.54979013e-08,-1.0,0.0,0.0,1.0,7.54979013e-08,0.0,0.0,0.0,0.0,1.0,0.0,129.000412,1868.73694,-2396.93481,1.0]"
level.SCNE,arena_clutchtime_int_master@arena_clutchtime_int_shared_layout@GameObjects@Prototype_arena_curtains_prototype@Prototype_arena_curtains_prototype_0@curtain100x20_arena_straight500c_59:curtain100x20_arena_straight500c,OBJECT,arena_clutchtime_int_master@arena_clutchtime_int_shared_layout@GameObjects@Prototype_arena_curtains_prototype@Prototype_arena_curtains_prototype_0@curtain100x20_arena_straight500c_8:curtain100x20_arena_straight500c,,"[1.0,0.0,0.0,0.0,0.0,1.0,0.0,0.0,0.0,0.0,1.0,0.0,-755.439819,1375.11304,-2969.03101,1.0]"
level.SCNE,arena_clutchtime_int_master@arena_clutchtime_int_shared_layout@GameObjects@balcony_lights@light_ceilinga_round_59:light_ceilinga_round_low,OBJECT,arena_clutchtime_int_master@arena_clutchtime_int_shared_layout@GameObjects@balcony_lights@light_ceilinga_round_85:light_ceilinga_round_low,,"[7.54979013e-08,-1.0,0.0,0.0,1.0,7.54979013e-08,0.0,0.0,0.0,0.0,1.0,0.0,1037.53247,643.825317,-2470.06836,1.0]"
level.SCNE,arena_clutchtime_int_master@arena_clutchtime_int_shared_layout@GameObjects@balcony_chairs@chair_arenacrowd_seatbackcushion_155:chair_arenacrowd_seatbackcushion_low,OBJECT,arena_clutchtime_int_master@arena_clutchtime_int_shared_layout@GameObjects@balcony_chairs@chair_arenacrowd_seatbackcushion_85:chair_arenacrowd_seatbackcushion_low,,"[-1.0,-1.50995803e-07,0.0,0.0,-1.50995803e-07,1.0,-1.50995803e-07,0.0,2.27997332e-14,-1.50995803e-07,-1.0,0.0,-648.553955,122.139587,2512.00195,1.0]"
level.SCNE,arena_clutchtime_int_master@arena_clutchtime_int_shared_layout@GameObjects@Prototype_arena_curtains_prototype@Prototype_arena@curtain100x20_arena_straight500c_79:curtain100x20_arena_straight500c,OBJECT,arena_clutchtime_int_master@arena_clutchtime_int_shared_layout@GameObjects@Prototype_arena_curtains_prototype@Prototype_arena_curtains_prototype_0@curtain100x20_arena_straight500c_8:curtain100x20_arena_straight500c,,"[-1.0,0.0,-1.50995803e-07,0.0,0.0,1.0,0.0,0.0,1.50995803e-07,0.0,-1.0,0.0,-555.843872,150.346558,2997.40527,1.0]"
level.SCNE,arena_clutchtime_int_master@arena_clutchtime_int_shared_layout@GameObjects@mural_lights@light_stage_spotlight:light_stage_spotlight_low,OBJECT,arena_clutchtime_int_master@arena_clutchtime_int_shared_layout@GameObjects@mural_lights@light_stage_spotlight_1:light_stage_spotlight_low,,"[7.54979013e-08,0.0,-1.0,0.0,0.0,1.0,0.0,0.0,1.0,0.0,7.54979013e-08,0.0,1972.67896,48.7001648,0.0,1.0]"
level.SCNE,arena_clutchtime_int_master@arena_clutchtime_int_shared_layout@GameObjects@walls@clutchtime_wall_e:clutchtime_wall_e_low,OBJECT,arena_clutchtime_int_master@arena_clutchtime_int_shared_layout@GameObjects@walls@clutchtime_wall_e:clutchtime_wall_e_low,,"[7.54979013e-08,0.0,-1.0,0.0,0.0,1.0,0.0,0.0,1.0,0.0,7.54979013e-08,0.0,-5484.49268,-45.40271,2601.06104,1.0]"
level.SCNE,arena_clutchtime_int_master@GameObjects@dorna@clutchtime_court_dorna_3:clutchtime_court_dorna_low,OBJECT,arena_clutchtime_int_master@GameObjects@dorna@clutchtime_court_dorna_7:clutchtime_court_dorna_low,,"[1.0,0.0,0.0,0.0,0.0,1.0,0.0,0.0,0.0,0.0,1.0,0.0,955.129883,0.0,-1400.0,1.0]"
level.SCNE,arena_clutchtime_int_master@arena_clutchtime_int_shared_layout@GameObjects@Prototype_arena_curtains_prototype@Prototype_arena@curtain100x20_arena_straight500c_177:curtain100x20_arena_straight500c,OBJECT,arena_clutchtime_int_master@arena_clutchtime_int_shared_layout@GameObjects@Prototype_arena_curtains_prototype@Prototype_arena_curtains_prototype_0@curtain100x20_arena_straight500c_8:curtain100x20_arena_straight500c,,"[-1.0,-8.74227766e-08,-1.50995803e-07,0.0,-8.74227624e-08,1.0,-8.74227766e-08,0.0,1.50995817e-07,-8.74227624e-08,-1.0,0.0,-236.161285,759.56488,2869.0,1.0]"
level.SCNE,arena_clutchtime_int_master@arena_clutchtime_int_shared_layout@GameObjects@doors@door_interiorwindowb_rightdbl_3:door_interiorwindowb_rightdbl,OBJECT,arena_clutchtime_int_master@arena_clutchtime_int_shared_layout@GameObjects@doors@door_interiorwindowb_rightdbl_2:door_interiorwindowb_rightdbl,arena_clutchtime_int_master@arena_clutchtime_int_shared_layout@GameObjects@doors@door_interiorwindowb_rightdbl_3:root,"[7.54979013e-08,0.0,-1.0,0.0,0.0,1.0,0.0,0.0,1.0,0.0,7.54979013e-08,0.0,2270.95508,1029.63025,2264.07666,1.0]"
level.SCNE,arena_clutchtime_int_master@arena_clutchtime_int_shared_layout@GameObjects@ceiling_panels@clutchtime_ceilingpanel_e_0:clutchtime_ceilingpanel_e_low,OBJECT,arena_clutchtime_int_master@arena_clutchtime_int_shared_layout@GameObjects@ceiling_panels@clutchtime_ceilingpanel_e:clutchtime_ceilingpanel_e_low,,"[7.54979013e-08,0.0,1.0,0.0,0.0,1.0,0.0,0.0,-1.0,0.0,7.54979013e-08,0.0,3704.31494,1322.90686,0.003852036,1.0]"
level.SCNE,arena_clutchtime_int_master@arena_clutchtime_int_shared_layout@GameObjects@Prototype_arena_curtains_prototype@Prototype_arena@curtain100x20_arena_straight500c_63:curtain100x20_arena_straight500c,OBJECT,arena_clutchtime_int_master@arena_clutchtime_int_shared_layout@GameObjects@Prototype_arena_curtains_prototype@Prototype_arena_curtains_prototype_0@curtain100x20_arena_straight500c_8:curtain100x20_arena_straight500c,,"[-1.0,0.0,-1.50995803e-07,0.0,0.0,1.0,0.0,0.0,1.50995803e-07,0.0,-1.0,0.0,-137.060791,150.346558,2997.40527,1.0]"
level.SCNE,arena_clutchtime_int_master@arena_clutchtime_int_shared_layout@GameObjects@Prototype_arena_curtains_prototype@Prototype_arena_curtains_prototype_0@curtain100x20_arena_straight500c_138:curtain100x20_arena_straight500c,OBJECT,arena_clutchtime_int_master@arena_clutchtime_int_shared_layout@GameObjects@Prototype_arena_curtains_prototype@Prototype_arena_curtains_prototype_0@curtain100x20_arena_straight500c_8:curtain100x20_arena_straight500c,,"[1.0,0.0,0.0,0.0,0.0,1.0,0.0,0.0,0.0,0.0,1.0,0.0,750.118103,759.56488,-2869.0,1.0]"
level.SCNE,arena_clutchtime_int_master@arena_clutchtime_int_shared_layout@GameObjects@balcony_chairs@chair_arenacrowd_seatbackcushion_146:chair_arenacrowd_seatbackcushion_low,OBJECT,arena_clutchtime_int_master@arena_clutchtime_int_shared_layout@GameObjects@balcony_chairs@chair_arenacrowd_seatbackcushion_85:chair_arenacrowd_seatbackcushion_low,,"[-1.0,-1.50995803e-07,0.0,0.0,-1.50995803e-07,1.0,-1.50995803e-07,0.0,2.27997332e-14,-1.50995803e-07,-1.0,0.0,950.721863,122.139587,2512.00195,1.0]"
level.SCNE,arena_clutchtime_int_master@arena_clutchtime_int_shared_layout@GameObjects@balcony_chairs@chair_arenacrowd_seatbackcushion_125:chair_arenacrowd_seatbackcushion_low,OBJECT,arena_clutchtime_int_master@arena_clutchtime_int_shared_layout@GameObjects@balcony_chairs@chair_arenacrowd_seatbackcushion_85:chair_arenacrowd_seatbackcushion_low,,"[-1.0,-1.50995803e-07,0.0,0.0,-1.50995803e-07,1.0,-1.50995803e-07,0.0,2.27997332e-14,-1.50995803e-07,-1.0,0.0,-956.279236,731.35791,2512.00195,1.0]"
level.SCNE,arena_clutchtime_int_master@GameObjects@dorna@clutchtime_court_dorna_12:clutchtime_court_dorna_low,OBJECT,arena_clutchtime_int_master@GameObjects@dorna@clutchtime_court_dorna_7:clutchtime_court_dorna_low,,"[-1.0,-1.50995803e-07,0.0,0.0,-1.50995803e-07,1.0,-1.50995803e-07,0.0,2.27997332e-14,-1.50995803e-07,-1.0,0.0,-955.129883,0.0,200.0,1.0]"
level.SCNE,arena_clutchtime_int_master@arena_clutchtime_int_shared_layout@GameObjects@balcony_chairs@chair_arenacrowd_seatbackcushion_7:chair_arenacrowd_seatbackcushion_low,OBJECT,arena_clutchtime_int_master@arena_clutchtime_int_shared_layout@GameObjects@balcony_chairs@chair_arenacrowd_seatbackcushion_85:chair_arenacrowd_seatbackcushion_low,,"[1.0,0.0,0.0,0.0,0.0,1.0,0.0,0.0,0.0,0.0,1.0,0.0,204.853592,150.346558,-2650.51172,1.0]"
level.SCNE,arena_clutchtime_int_master@arena_clutchtime_int_shared_layout@GameObjects@balcony_chairs@chair_arenacrowd_seatbackcushion_60:chair_arenacrowd_seatbackcushion_low,OBJECT,arena_clutchtime_int_master@arena_clutchtime_int_shared_layout@GameObjects@balcony_chairs@chair_arenacrowd_seatbackcushion_85:chair_arenacrowd_seatbackcushion_low,,"[1.0,0.0,0.0,0.0,0.0,1.0,0.0,0.0,0.0,0.0,1.0,0.0,106.070526,1375.11304,-2650.51172,1.0]"
level.SCNE,arena_clutchtime_int_master@arena_clutchtime_int_shared_layout@GameObjects@Prototype_arena_curtains_prototype@Prototype_arena@curtain100x20_arena_straight500c_174:curtain100x20_arena_straight500c,OBJECT,arena_clutchtime_int_master@arena_clutchtime_int_shared_layout@GameObjects@Prototype_arena_curtains_prototype@Prototype_arena_curtains_prototype_0@curtain100x20_arena_straight500c_8:curtain100x20_arena_straight500c,,"[-1.0,-8.74227766e-08,-1.50995803e-07,0.0,-8.74227624e-08,1.0,-8.74227766e-08,0.0,1.50995817e-07,-8.74227624e-08,-1.0,0.0,-137.060791,150.346558,2869.0,1.0]"
level.SCNE,arena_clutchtime_int_master@arena_clutchtime_int_shared_layout@GameObjects@stands@clutchtime_stair_3step_16:clutchtime_stair_3step_low,OBJECT,arena_clutchtime_int_master@arena_clutchtime_int_shared_layout@GameObjects@stands@clutchtime_stair_3step_0:clutchtime_stair_3step_low,,"[0.190809056,0.0,-0.981627166,0.0,0.0,1.0,0.0,0.0,0.981627166,0.0,0.190809056,0.0,-2783.17114,383.349243,-1157.46667,1.0]"
level.SCNE,arena_clutchtime_int_master@arena_clutchtime_int_shared_layout@GameObjects@balcony_chairs@chair_arenacrowd_seatbackcushion_80:chair_arenacrowd_seatbackcushion_low,OBJECT,arena_clutchtime_int_master@arena_clutchtime_int_shared_layout@GameObjects@balcony_chairs@chair_arenacrowd_seatbackcushion_85:chair_arenacrowd_seatbackcushion_low,,"[-1.0,-8.74227766e-08,0.0,0.0,-8.74227766e-08,1.0,-8.74227766e-08,0.0,7.64274186e-15,-8.74227766e-08,-1.0,0.0,-156.759567,1346.90601,2512.00195,1.0]"
level.SCNE,arena_clutchtime_int_master@arena_clutchtime_int_shared_layout@GameObjects@balcony_chairs@chair_arenacrowd_seatbackcushion_29:chair_arenacrowd_seatbackcushion_low,OBJECT,arena_clutchtime_int_master@arena_clutchtime_int_shared_layout@GameObjects@balcony_chairs@chair_arenacrowd_seatbackcushion_85:chair_arenacrowd_seatbackcushion_low,,"[1.0,0.0,0.0,0.0,0.0,1.0,0.0,0.0,0.0,0.0,1.0,0.0,155.501877,731.357849,-2512.00171,1.0]"
level.SCNE,arena_clutchtime_int_master@GameObjects@dorna@clutchtime_court_dornaend:clutchtime_court_dornaend_low,OBJECT,arena_clutchtime_int_master@GameObjects@dorna@clutchtime_court_dornaend_1:clutchtime_court_dornaend_low,,"[-7.54979013e-08,-6.60023616e-15,1.0,0.0,-1.74845553e-07,1.0,-6.60023616e-15,0.0,-1.0,-1.74845553e-07,-7.54979013e-08,0.0,155.129944,0.0,1800.0,1.0]"
level.SCNE,arena_clutchtime_int_master@arena_clutchtime_int_shared_layout@GameObjects@Prototype_arena_curtains_prototype@Prototype_arena_curtains_prototype_0@curtain100x20_arena_straight500c_42:curtain100x20_arena_straight500c,OBJECT,arena_clutchtime_int_master@arena_clutchtime_int_shared_layout@GameObjects@Prototype_arena_curtains_prototype@Prototype_arena_curtains_prototype_0@curtain100x20_arena_straight500c_8:curtain100x20_arena_straight500c,,"[1.0,0.0,0.0,0.0,0.0,1.0,0.0,0.0,0.0,0.0,1.0,0.0,-238.247192,1375.11304,-2969.03101,1.0]"
level.SCNE,arena_clutchtime_int_master@arena_clutchtime_int_shared_layout@GameObjects@balcony@clutchtime_balcony_b_2:clutchtime_balcony_b_low,OBJECT,arena_clutchtime_int_master@arena_clutchtime_int_shared_layout@GameObjects@balcony@clutchtime_balcony_b_8:clutchtime_balcony_b_low,,"[1.0,0.0,0.0,0.0,0.0,1.0,0.0,0.0,0.0,0.0,1.0,0.0,799.325806,644.318787,-2346.14648,1.0]"
level.SCNE,arena_clutchtime_int_master@arena_clutchtime_int_shared_layout@GameObjects@balcony_chairs@chair_arenacrowd_seatbackcushion_69:chair_arenacrowd_seatbackcushion_low,OBJECT,arena_clutchtime_int_master@arena_clutchtime_int_shared_layout@GameObjects@balcony_chairs@chair_arenacrowd_seatbackcushion_85:chair_arenacrowd_seatbackcushion_low,,"[1.0,0.0,0.0,0.0,0.0,1.0,0.0,0.0,0.0,0.0,1.0,0.0,906.216187,1375.11304,-2650.51172,1.0]"
level.SCNE,arena_clutchtime_int_master@arena_clutchtime_int_shared_layout@GameObjects@balcony_chairs@chair_arenacrowd_seatbackcushion_15:chair_arenacrowd_seatbackcushion_low,OBJECT,arena_clutchtime_int_master@arena_clutchtime_int_shared_layout@GameObjects@balcony_chairs@chair_arenacrowd_seatbackcushion_85:chair_arenacrowd_seatbackcushion_low,,"[1.0,0.0,0.0,0.0,0.0,1.0,0.0,0.0,0.0,0.0,1.0,0.0,906.216187,150.346558,-2650.51172,1.0]"
level.SCNE,arena_clutchtime_int_master@arena_clutchtime_int_shared_layout@GameObjects@Prototype_arena_curtains_prototype@Prototype_arena_curtains_prototype_0@curtain100x20_arena_straight500c_19:curtain100x20_arena_straight500c,OBJECT,arena_clutchtime_int_master@arena_clutchtime_int_shared_layout@GameObjects@Prototype_arena_curtains_prototype@Prototype_arena_curtains_prototype_0@curtain100x20_arena_straight500c_8:curtain100x20_arena_straight500c,,"[1.0,0.0,0.0,0.0,0.0,1.0,0.0,0.0,0.0,0.0,1.0,0.0,-558.377258,150.346558,-2969.03101,1.0]"
level.SCNE,arena_clutchtime_int_master@arena_clutchtime_int_shared_layout@GameObjects@doors@door_interiorwindowb_rightdbl_5:door_interiorwindowb_rightdbl,OBJECT,arena_clutchtime_int_master@arena_clutchtime_int_shared_layout@GameObjects@doors@door_interiorwindowb_rightdbl_2:door_interiorwindowb_rightdbl,arena_clutchtime_int_master@arena_clutchtime_int_shared_layout@GameObjects@doors@door_interiorwindowb_rightdbl_5:root,"[7.54979013e-08,0.0,1.0,0.0,0.0,1.0,0.0,0.0,-1.0,0.0,7.54979013e-08,0.0,2487.96191,1029.63025,-2266.4917,1.0]"
level.SCNE,arena_clutchtime_int_master@arena_clutchtime_int_shared_layout@GameObjects@balcony_lights@light_ceilinga_round_57:light_ceilinga_round_low,OBJECT,arena_clutchtime_int_master@arena_clutchtime_int_shared_layout@GameObjects@balcony_lights@light_ceilinga_round_85:light_ceilinga_round_low,,"[7.54979013e-08,-1.0,0.0,0.0,1.0,7.54979013e-08,0.0,0.0,0.0,0.0,1.0,0.0,562.959595,643.825256,-2470.06836,1.0]"
level.SCNE,arena_clutchtime_int_master@arena_clutchtime_int_shared_layout@GameObjects@Prototype_arena_curtains_prototype@Prototype_arena_curtains_prototype_0@curtain100x20_arena_straight500c_25:curtain100x20_arena_straight500c,OBJECT,arena_clutchtime_int_master@arena_clutchtime_int_shared_layout@GameObjects@Prototype_arena_curtains_prototype@Prototype_arena_curtains_prototype_0@curtain100x20_arena_straight500c_8:curtain100x20_arena_straight500c,,"[1.0,0.0,0.0,0.0,0.0,1.0,0.0,0.0,0.0,0.0,1.0,0.0,-40.4994583,759.56488,-2969.03101,1.0]"
level.SCNE,arena_clutchtime_int_master@arena_clutchtime_int_shared_layout@GameObjects@balcony@clutchtime_ceiling_balcony_0:clutchtime_ceiling_balcony_low,OBJECT,arena_clutchtime_int_master@arena_clutchtime_int_shared_layout@GameObjects@balcony@clutchtime_ceiling_balcony_5:clutchtime_ceiling_balcony_low,,"[1.0,0.0,0.0,0.0,0.0,1.0,0.0,0.0,0.0,0.0,1.0,0.0,-531.418274,2074.1731,-2614.64746,1.0]"
level.SCNE,arena_clutchtime_int_master@arena_clutchtime_int_shared_layout@GameObjects@balcony_lights@light_ceilinga_round_71:light_ceilinga_round_low,OBJECT,arena_clutchtime_int_master@arena_clutchtime_int_shared_layout@GameObjects@balcony_lights@light_ceilinga_round_85:light_ceilinga_round_low,,"[7.54979013e-08,-1.0,0.0,0.0,1.0,7.54979013e-08,0.0,0.0,0.0,0.0,1.0,0.0,-129.75563,643.825256,-2396.93481,1.0]"
level.SCNE,arena_clutchtime_int_master@arena_clutchtime_int_shared_layout@GameObjects@ceiling_panelslights@clutchtime_ceilingpanellight_b_0:clutchtime_ceilingpanellight_b_low,OBJECT,arena_clutchtime_int_master@arena_clutchtime_int_shared_layout@GameObjects@ceiling_panelslights@clutchtime_ceilingpanellight_b_4:clutchtime_ceilingpanellight_b_low,,"[7.54979013e-08,0.0,-1.0,0.0,0.0,1.0,0.0,0.0,1.0,0.0,7.54979013e-08,0.0,-3389.87646,1457.26575,8.58306885e-05,1.0]"
level.SCNE,arena_clutchtime_int_master@arena_clutchtime_int_shared_layout@GameObjects@walls@clutchtime_wall_d:clutchtime_wall_d_low,OBJECT,arena_clutchtime_int_master@arena_clutchtime_int_shared_layout@GameObjects@walls@clutchtime_wall_d:clutchtime_wall_d_low,,"[7.54979013e-08,0.0,1.0,0.0,0.0,1.0,0.0,0.0,-1.0,0.0,7.54979013e-08,0.0,1502.36768,-7.92962023e-14,-2489.29004,1.0]"
level.SCNE,arena_clutchtime_int_master@arena_clutchtime_int_shared_layout@GameObjects@mural_lights@lighting_suspendedtrack_metalb_39:lighting_suspendedtrack_metalb_low,OBJECT,arena_clutchtime_int_master@arena_clutchtime_int_shared_layout@GameObjects@mural_lights@lighting_suspendedtrack_metalb_19:lighting_suspendedtrack_metalb_low,,"[3.13916473e-07,0.0,1.0,0.0,-1.74512877e-07,1.0,5.47824657e-14,0.0,-1.0,-1.74512877e-07,3.13916473e-07,0.0,1736.00684,1002.4798,-1793.72888,1.0]"
level.SCNE,arena_clutchtime_int_master@arena_clutchtime_int_shared_layout@GameObjects@balcony@clutchtime_balcony_railing_10:clutchtime_balcony_railing_low,OBJECT,arena_clutchtime_int_master@arena_clutchtime_int_shared_layout@GameObjects@balcony@clutchtime_balcony_railing_12:clutchtime_balcony_railing_low,,"[-1.0,-1.50995803e-07,0.0,0.0,-1.50995803e-07,1.0,-1.50995803e-07,0.0,2.27997332e-14,-1.50995803e-07,-1.0,0.0,-798.312988,1404.77966,2321.06079,1.0]"
level.SCNE,arena_clutchtime_int_master@arena_clutchtime_int_shared_layout@GameObjects@Prototype_arena_curtains_prototype@Prototype_arena@curtain100x20_arena_straight500c_195:curtain100x20_arena_straight500c,OBJECT,arena_clutchtime_int_master@arena_clutchtime_int_shared_layout@GameObjects@Prototype_arena_curtains_prototype@Prototype_arena_curtains_prototype_0@curtain100x20_arena_straight500c_8:curtain100x20_arena_straight500c,,"[-1.0,-8.74227766e-08,-1.50995803e-07,0.0,-8.74227624e-08,1.0,-8.74227766e-08,0.0,1.50995817e-07,-8.74227624e-08,-1.0,0.0,751.966309,150.346558,2869.0,1.0]"
level.SCNE,arena_clutchtime_int_master@arena_clutchtime_int_shared_layout@GameObjects@Prototype_arena_curtains_prototype@Prototype_arena_curtains_prototype_0@curtain100x20_arena_straight500c_10:curtain100x20_arena_straight500c,OBJECT,arena_clutchtime_int_master@arena_clutchtime_int_shared_layout@GameObjects@Prototype_arena_curtains_prototype@Prototype_arena_curtains_prototype_0@curtain100x20_arena_straight500c_8:curtain100x20_arena_straight500c,,"[1.0,0.0,0.0,0.0,0.0,1.0,0.0,0.0,0.0,0.0,1.0,0.0,849.218567,150.346558,-2969.03101,1.0]"
level.SCNE,arena_clutchtime_int_master@arena_clutchtime_int_shared_layout@GameObjects@balcony_lights@light_ceilinga_round_89:light_ceilinga_round_low,OBJECT,arena_clutchtime_int_master@arena_clutchtime_int_shared_layout@GameObjects@balcony_lights@light_ceilinga_round_85:light_ceilinga_round_low,,"[7.54979013e-08,-1.0,0.0,0.0,1.0,7.54979013e-08,0.0,0.0,0.0,0.0,1.0,0.0,-562.165344,643.825317,-2470.06836,1.0]"
level.SCNE,arena_clutchtime_int_master@arena_clutchtime_int_shared_layout@GameObjects@stands@clutchtime_stands_tiers:clutchtime_stands_tiers_low,OBJECT,arena_clutchtime_int_master@arena_clutchtime_int_shared_layout@GameObjects@stands@clutchtime_stands_tiers:clutchtime_stands_tiers_low,,"[7.54979013e-08,0.0,-1.0,0.0,0.0,1.0,0.0,0.0,1.0,0.0,7.54979013e-08,0.0,-1885.14453,0.0,0.0,1.0]"
level.SCNE,arena_clutchtime_int_master@arena_clutchtime_int_shared_layout@GameObjects@ceiling_panels@clutchtime_ceilingpanel_d_0:clutchtime_ceilingpanel_d_low,OBJECT,arena_clutchtime_int_master@arena_clutchtime_int_shared_layout@GameObjects@ceiling_panels@clutchtime_ceilingpanel_d_1:clutchtime_ceilingpanel_d_low,,"[7.54979013e-08,0.0,1.0,0.0,0.0,1.0,0.0,0.0,-1.0,0.0,7.54979013e-08,0.0,3564.25049,1322.90686,0.003852036,1.0]"
level.SCNE,arena_clutchtime_int_master@arena_clutchtime_int_shared_layout@GameObjects@scorecube@clutchtime_scorecube_supportring:clutchtime_scorecube_supportring_low,OBJECT,arena_clutchtime_int_master@arena_clutchtime_int_shared_layout@GameObjects@scorecube@clutchtime_scorecube_supportring:clutchtime_scorecube_supportring_low,,"[1.0,0.0,0.0,0.0,0.0,1.0,0.0,0.0,0.0,0.0,1.0,0.0,9.72837257,2549.58667,556.756531,1.0]"
level.SCNE,arena_clutchtime_int_master@arena_clutchtime_int_shared_layout@GameObjects@stands@clutchtime_crowd_seating:clutchtime_crowd_seating_low,OBJECT,arena_clutchtime_int_master@arena_clutchtime_int_shared_layout@GameObjects@stands@clutchtime_crowd_seating:clutchtime_crowd_seating_low,,"[1.0,0.0,0.0,0.0,0.0,1.0,0.0,0.0,0.0,0.0,1.0,0.0,0.0,0.0,0.0,1.0]"
level.SCNE,arena_clutchtime_int_master@arena_clutchtime_int_shared_layout@GameObjects@Prototype_arena_curtains_prototype@Prototype_arena@curtain100x20_arena_straight500c_91:curtain100x20_arena_straight500c,OBJECT,arena_clutchtime_int_master@arena_clutchtime_int_shared_layout@GameObjects@Prototype_arena_curtains_prototype@Prototype_arena_curtains_prototype_0@curtain100x20_arena_straight500c_8:curtain100x20_arena_straight500c,,"[-1.0,0.0,-1.50995803e-07,0.0,0.0,1.0,0.0,0.0,1.50995803e-07,0.0,-1.0,0.0,653.556763,759.56488,2997.40527,1.0]"
level.SCNE,arena_clutchtime_int_master@arena_clutchtime_int_shared_layout@GameObjects@balcony_chairs@chair_arenacrowd_seatbackcushion_134:chair_arenacrowd_seatbackcushion_low,OBJECT,arena_clutchtime_int_master@arena_clutchtime_int_shared_layout@GameObjects@balcony_chairs@chair_arenacrowd_seatbackcushion_85:chair_arenacrowd_seatbackcushion_low,,"[-1.0,-1.50995803e-07,0.0,0.0,-1.50995803e-07,1.0,-1.50995803e-07,0.0,2.27997332e-14,-1.50995803e-07,-1.0,0.0,-156.765106,122.139587,2512.00195,1.0]"
level.SCNE,arena_clutchtime_int_master@arena_clutchtime_int_shared_layout@GameObjects@ceiling_panelslights@clutchtime_ceilingpanellight_d_4:clutchtime_ceilingpanellight_d_low,OBJECT,arena_clutchtime_int_master@arena_clutchtime_int_shared_layout@GameObjects@ceiling_panelslights@clutchtime_ceilingpanellight_d_0:clutchtime_ceilingpanellight_d_low,,"[7.54979013e-08,0.0,-1.0,0.0,0.0,1.0,0.0,0.0,1.0,0.0,7.54979013e-08,0.0,-1000.69946,2601.18628,8.39233398e-05,1.0]"
level.SCNE,arena_clutchtime_int_master@arena_clutchtime_int_shared_layout@GameObjects@balcony_chairs@chair_arenacrowd_seatbackcushion_38:chair_arenacrowd_seatbackcushion_low,OBJECT,arena_clutchtime_int_master@arena_clutchtime_int_shared_layout@GameObjects@balcony_chairs@chair_arenacrowd_seatbackcushion_85:chair_arenacrowd_seatbackcushion_low,,"[1.0,0.0,0.0,0.0,0.0,1.0,0.0,0.0,0.0,0.0,1.0,0.0,955.854553,731.357849,-2512.00171,1.0]"
level.SCNE,arena_clutchtime_int_master@arena_clutchtime_int_shared_layout@GameObjects@Prototype_arena_curtains_prototype@Prototype_arena@curtain100x20_arena_straight500c_167:curtain100x20_arena_straight500c,OBJECT,arena_clutchtime_int_master@arena_clutchtime_int_shared_layout@GameObjects@Prototype_arena_curtains_prototype@Prototype_arena_curtains_prototype_0@curtain100x20_arena_straight500c_8:curtain100x20_arena_straight500c,,"[-1.0,-8.74227766e-08,-1.50995803e-07,0.0,-8.74227624e-08,1.0,-8.74227766e-08,0.0,1.50995817e-07,-8.74227624e-08,-1.0,0.0,-852.692078,759.56488,2869.0,1.0]"
level.SCNE,arena_clutchtime_int_master@arena_clutchtime_int_shared_layout@GameObjects@balcony_chairs@chair_arenacrowd_seatbackcushion_139:chair_arenacrowd_seatbackcushion_low,OBJECT,arena_clutchtime_int_master@arena_clutchtime_int_shared_layout@GameObjects@balcony_chairs@chair_arenacrowd_seatbackcushion_85:chair_arenacrowd_seatbackcushion_low,,"[-1.0,-1.50995803e-07,0.0,0.0,-1.50995803e-07,1.0,-1.50995803e-07,0.0,2.27997332e-14,-1.50995803e-07,-1.0,0.0,-107.077271,150.346619,2650.51196,1.0]"
level.SCNE,arena_clutchtime_int_master@arena_clutchtime_int_shared_layout@GameObjects@Prototype_arena_curtains_prototype@Prototype_arena_curtains_prototype_0@curtain100x20_arena_straight500c_43:curtain100x20_arena_straight500c,OBJECT,arena_clutchtime_int_master@arena_clutchtime_int_shared_layout@GameObjects@Prototype_arena_curtains_prototype@Prototype_arena_curtains_prototype_0@curtain100x20_arena_straight500c_8:curtain100x20_arena_straight500c,,"[1.0,0.0,0.0,0.0,0.0,1.0,0.0,0.0,0.0,0.0,1.0,0.0,-139.837677,1375.11304,-2969.03101,1.0]"
level.SCNE,arena_clutchtime_int_master@arena_clutchtime_int_shared_layout@GameObjects@ceiling_panels@clutchtime_ceilingpanel_b_0:clutchtime_ceilingpanel_b_low,OBJECT,arena_clutchtime_int_master@arena_clutchtime_int_shared_layout@GameObjects@ceiling_panels@clutchtime_ceilingpanel_b_3:clutchtime_ceilingpanel_b_low,,"[7.54979013e-08,0.0,1.0,0.0,0.0,1.0,0.0,0.0,-1.0,0.0,7.54979013e-08,0.0,3336.35693,1322.90686,0.003852036,1.0]"
level.SCNE,arena_clutchtime_int_master@arena_clutchtime_int_shared_layout@GameObjects@Prototype_arena_curtains_prototype@Prototype_arena_curtains_prototype_0@curtain100x20_arena_straight500c_2:curtain100x20_arena_straight500c,OBJECT,arena_clutchtime_int_master@arena_clutchtime_int_shared_layout@GameObjects@Prototype_arena_curtains_prototype@Prototype_arena_curtains_prototype_0@curtain100x20_arena_straight500c_8:curtain100x20_arena_straight500c,,"[1.0,0.0,0.0,0.0,0.0,1.0,0.0,0.0,0.0,0.0,1.0,0.0,157.010544,150.346558,-2969.03101,1.0]"
level.SCNE,arena_clutchtime_int_master@arena_clutchtime_int_shared_layout@GameObjects@clutchtimecurtainstunnels1@Prototype_arena_curtains_prototype_1@curtain100x20_arena_straight400c_1:curtain100x20_arena_straight400c,OBJECT,arena_clutchtime_int_master@arena_clutchtime_int_shared_layout@GameObjects@clutchtimecurtainstunnels1@Prototype_arena_curtains_prototype_2@curtain100x20_arena_straight400c_9:curtain100x20_arena_straight400c,,"[-0.121869311,-1.84017548e-08,-0.992546022,0.0,-1.12549969e-09,1.0,-1.84017566e-08,0.0,0.992546022,-1.12549969e-09,-0.121869311,0.0,-2900.47583,-1.02246918e-06,921.88031,1.0]"
level.SCNE,arena_clutchtime_int_master@arena_clutchtime_int_shared_layout@GameObjects@ceiling_panels@clutchtime_ceilingpanel_d_4:clutchtime_ceilingpanel_d_low,OBJECT,arena_clutchtime_int_master@arena_clutchtime_int_shared_layout@GameObjects@ceiling_panels@clutchtime_ceilingpanel_d_1:clutchtime_ceilingpanel_d_low,,"[7.54979013e-08,0.0,-1.0,0.0,0.0,1.0,0.0,0.0,1.0,0.0,7.54979013e-08,0.0,-3567.99707,1303.35718,0.000128744,1.0]"
level.SCNE,arena_clutchtime_int_master@arena_clutchtime_int_shared_layout@GameObjects@Prototype_arena_curtains_prototype@Prototype_arena@curtain100x20_arena_straight500c_94:curtain100x20_arena_straight500c,OBJECT,arena_clutchtime_int_master@arena_clutchtime_int_shared_layout@GameObjects@Prototype_arena_curtains_prototype@Prototype_arena_curtains_prototype_0@curtain100x20_arena_straight500c_8:curtain100x20_arena_straight500c,,"[-1.0,0.0,-1.50995803e-07,0.0,0.0,1.0,0.0,0.0,1.50995803e-07,0.0,-1.0,0.0,950.404968,759.56488,2997.40527,1.0]"
level.SCNE,arena_clutchtime_int_master@arena_clutchtime_int_shared_layout@GameObjects@balcony@clutchtime_balcony_b_7:clutchtime_balcony_b_low,OBJECT,arena_clutchtime_int_master@arena_clutchtime_int_shared_layout@GameObjects@balcony@clutchtime_balcony_b_8:clutchtime_balcony_b_low,,"[1.0,0.0,0.0,0.0,0.0,1.0,0.0,0.0,0.0,0.0,1.0,0.0,-799.952454,35.1004639,-2346.14648,1.0]"
level.SCNE,arena_clutchtime_int_master@arena_clutchtime_int_shared_layout@GameObjects@Prototype_arena_curtains_prototype@Prototype_arena_curtains_prototype_0@curtain100x20_arena_straight500c_131:curtain100x20_arena_straight500c,OBJECT,arena_clutchtime_int_master@arena_clutchtime_int_shared_layout@GameObjects@Prototype_arena_curtains_prototype@Prototype_arena_curtains_prototype_0@curtain100x20_arena_straight500c_8:curtain100x20_arena_straight500c,,"[1.0,0.0,0.0,0.0,0.0,1.0,0.0,0.0,0.0,0.0,1.0,0.0,-139.837677,150.346558,-2869.0,1.0]"
level.SCNE,arena_clutchtime_int_master@arena_clutchtime_int_shared_layout@GameObjects@Prototype_arena_curtains_prototype@Prototype_arena@curtain100x20_arena_straight500c_97:curtain100x20_arena_straight500c,OBJECT,arena_clutchtime_int_master@arena_clutchtime_int_shared_layout@GameObjects@Prototype_arena_curtains_prototype@Prototype_arena_curtains_prototype_0@curtain100x20_arena_straight500c_8:curtain100x20_arena_straight500c,,"[-1.0,0.0,-1.50995803e-07,0.0,0.0,1.0,0.0,0.0,1.50995803e-07,0.0,-1.0,0.0,-1050.20203,759.56488,2997.40527,1.0]"
level.SCNE,arena_clutchtime_int_master@arena_clutchtime_int_shared_layout@GameObjects@ceiling_panels@clutchtime_ceilingpanel_b_4:clutchtime_ceilingpanel_b_low,OBJECT,arena_clutchtime_int_master@arena_clutchtime_int_shared_layout@GameObjects@ceiling_panels@clutchtime_ceilingpanel_b_3:clutchtime_ceilingpanel_b_low,,"[7.54979013e-08,0.0,-1.0,0.0,0.0,1.0,0.0,0.0,1.0,0.0,7.54979013e-08,0.0,-3340.10352,1303.35718,0.000128744,1.0]"
level.SCNE,arena_clutchtime_int_master@arena_clutchtime_int_shared_layout@GameObjects@Prototype_arena_curtains_prototype@Prototype_arena_curtains_prototype_0@curtain100x20_arena_straight500c_33:curtain100x20_arena_straight500c,OBJECT,arena_clutchtime_int_master@arena_clutchtime_int_shared_layout@GameObjects@Prototype_arena_curtains_prototype@Prototype_arena_curtains_prototype_0@curtain100x20_arena_straight500c_8:curtain100x20_arena_straight500c,,"[1.0,0.0,0.0,0.0,0.0,1.0,0.0,0.0,0.0,0.0,1.0,0.0,1046.28113,759.56488,-2969.03101,1.0]"
level.SCNE,arena_clutchtime_int_master@arena_clutchtime_int_shared_layout@GameObjects@clutchtimecurtainstunnels1@Prototype_arena_curtains_prototype_1@curtain100x20_arena_straight400c_5:curtain100x20_arena_straight400c,OBJECT,arena_clutchtime_int_master@arena_clutchtime_int_shared_layout@GameObjects@clutchtimecurtainstunnels1@Prototype_arena_curtains_prototype_2@curtain100x20_arena_straight400c_9:curtain100x20_arena_straight400c,,"[-0.121869281,-1.84017495e-08,-0.992545784,0.0,-1.12549969e-09,1.0,-1.84017566e-08,0.0,0.992545784,-1.12549969e-09,-0.121869281,0.0,-2947.74805,-8.16034844e-06,536.880432,1.0]"
level.SCNE,arena_clutchtime_int_master@arena_clutchtime_int_shared_layout@GameObjects@scorecube@clutchtime_scorecube_supportpipes:clutchtime_scorecube_supportpipes_low,OBJECT,arena_clutchtime_int_master@arena_clutchtime_int_shared_layout@GameObjects@scorecube@clutchtime_scorecube_supportpipes:clutchtime_scorecube_supportpipes_low,,"[7.54979013e-08,0.0,-1.0,0.0,0.0,1.0,0.0,0.0,1.0,0.0,7.54979013e-08,0.0,565.426575,1407.53027,-0.980834961,1.0]"
level.SCNE,arena_clutchtime_int_master@arena_clutchtime_int_shared_layout@GameObjects@Prototype_arena_curtains_prototype@Prototype_arena@curtain100x20_arena_straight500c_80:curtain100x20_arena_straight500c,OBJECT,arena_clutchtime_int_master@arena_clutchtime_int_shared_layout@GameObjects@Prototype_arena_curtains_prototype@Prototype_arena_curtains_prototype_0@curtain100x20_arena_straight500c_8:curtain100x20_arena_straight500c,,"[-1.0,0.0,-1.50995803e-07,0.0,0.0,1.0,0.0,0.0,1.50995803e-07,0.0,-1.0,0.0,-654.253418,150.346558,2997.40527,1.0]"
level.SCNE,arena_clutchtime_int_master@arena_clutchtime_int_shared_layout@GameObjects@doors@doorframe_interiorhingeless_double_5:doorframe_interiorhingeless_double_low,OBJECT,arena_clutchtime_int_master@arena_clutchtime_int_shared_layout@GameObjects@doors@doorframe_interiorhingeless_double_0:doorframe_interiorhingeless_double_low,,"[1.0,0.0,0.0,0.0,0.0,1.0,0.0,0.0,0.0,0.0,1.0,0.0,2377.81616,1029.63025,-2261.4917,1.0]"
level.SCNE,arena_clutchtime_int_master@arena_clutchtime_int_shared_layout@GameObjects@doors@electrical_switch_double:light_switch_double_low,OBJECT,arena_clutchtime_int_master@arena_clutchtime_int_shared_layout@GameObjects@doors@electrical_switch_double_1:light_switch_double_low,,"[1.0,0.0,0.0,0.0,0.0,1.0,0.0,0.0,0.0,0.0,1.0,0.0,-4168.68457,988.350037,-2181.6665,1.0]"
level.SCNE,arena_clutchtime_int_master@arena_clutchtime_int_shared_layout@GameObjects@balcony@clutchtime_balcony_railing_1:clutchtime_balcony_railing_low,OBJECT,arena_clutchtime_int_master@arena_clutchtime_int_shared_layout@GameObjects@balcony@clutchtime_balcony_railing_12:clutchtime_balcony_railing_low,,"[1.0,0.0,0.0,0.0,0.0,1.0,0.0,0.0,0.0,0.0,1.0,0.0,798.312988,1404.77966,-2321.06079,1.0]"
level.SCNE,arena_clutchtime_int_master@arena_clutchtime_int_shared_layout@GameObjects@balcony_lights@light_ceilinga_round_40:light_ceilinga_round_low,OBJECT,arena_clutchtime_int_master@arena_clutchtime_int_shared_layout@GameObjects@balcony_lights@light_ceilinga_round_85:light_ceilinga_round_low,,"[7.54979013e-08,-1.0,0.0,0.0,1.0,7.54979013e-08,0.0,0.0,0.0,0.0,1.0,0.0,1037.53247,1868.73694,2470.06836,1.0]"
level.SCNE,arena_clutchtime_int_master@arena_clutchtime_int_shared_layout@GameObjects@balcony_chairs@chair_arenacrowd_seatbackcushion_135:chair_arenacrowd_seatbackcushion_low,OBJECT,arena_clutchtime_int_master@arena_clutchtime_int_shared_layout@GameObjects@balcony_chairs@chair_arenacrowd_seatbackcushion_85:chair_arenacrowd_seatbackcushion_low,,"[-1.0,-1.50995803e-07,0.0,0.0,-1.50995803e-07,1.0,-1.50995803e-07,0.0,2.27997332e-14,-1.50995803e-07,-1.0,0.0,-206.891266,150.346619,2650.51196,1.0]"
level.SCNE,arena_clutchtime_int_master@arena_clutchtime_int_shared_layout@GameObjects@balcony_lights@light_ceilinga_round_54:light_ceilinga_round_low,OBJECT,arena_clutchtime_int_master@arena_clutchtime_int_shared_layout@GameObjects@balcony_lights@light_ceilinga_round_85:light_ceilinga_round_low,,"[7.54979013e-08,-1.0,0.0,0.0,1.0,7.54979013e-08,0.0,0.0,0.0,0.0,1.0,0.0,1037.53247,1868.73694,-2470.06812,1.0]"
level.SCNE,arena_clutchtime_int_master@arena_clutchtime_int_shared_layout@GameObjects@balcony_chairs@chair_arenacrowd_seatbackcushion_73:chair_arenacrowd_seatbackcushion_low,OBJECT,arena_clutchtime_int_master@arena_clutchtime_int_shared_layout@GameObjects@balcony_chairs@chair_arenacrowd_seatbackcushion_85:chair_arenacrowd_seatbackcushion_low,,"[1.0,0.0,0.0,0.0,0.0,1.0,0.0,0.0,0.0,0.0,1.0,0.0,-853.308228,1346.90601,-2512.00171,1.0]"
level.SCNE,arena_clutchtime_int_master@arena_clutchtime_int_shared_layout@GameObjects@doors@doorframe_interiorhingeless_double_1:doorframe_interiorhingeless_double_low,OBJECT,arena_clutchtime_int_master@arena_clutchtime_int_shared_layout@GameObjects@doors@doorframe_interiorhingeless_double_0:doorframe_interiorhingeless_double_low,,"[-1.0,-8.74227766e-08,-1.50995803e-07,0.0,-8.74227624e-08,1.0,-8.74227766e-08,0.0,1.50995817e-07,-8.74227624e-08,-1.0,0.0,-4645.2124,863.349854,2182.21948,1.0]"
level.SCNE,arena_clutchtime_int_master@GameObjects@dorna@clutchtime_court_dorna_0:clutchtime_court_dorna_low,OBJECT,arena_clutchtime_int_master@GameObjects@dorna@clutchtime_court_dorna_7:clutchtime_court_dorna_low,,"[1.0,0.0,0.0,0.0,0.0,1.0,0.0,0.0,0.0,0.0,1.0,0.0,955.129883,0.0,200.0,1.0]"
level.SCNE,arena_clutchtime_int_master@arena_clutchtime_int_shared_layout@GameObjects@balcony_chairs@chair_arenacrowd_seatbackcushion_104:chair_arenacrowd_seatbackcushion_low,OBJECT,arena_clutchtime_int_master@arena_clutchtime_int_shared_layout@GameObjects@balcony_chairs@chair_arenacrowd_seatbackcushion_85:chair_arenacrowd_seatbackcushion_low,,"[-1.0,-8.74227766e-08,0.0,0.0,-8.74227766e-08,1.0,-8.74227766e-08,0.0,7.64274186e-15,-8.74227766e-08,-1.0,0.0,-801.10907,1375.11304,2650.51196,1.0]"
level.SCNE,arena_clutchtime_int_master@arena_clutchtime_int_shared_layout@GameObjects@ceiling_panelslights@clutchtime_ceilingpanellight_c_5:clutchtime_ceilingpanellight_c_low,OBJECT,arena_clutchtime_int_master@arena_clutchtime_int_shared_layout@GameObjects@ceiling_panelslights@clutchtime_ceilingpanellight_c:clutchtime_ceilingpanellight_c_low,,"[1.94707184e-07,0.0,1.0,0.0,0.0,1.0,0.0,0.0,-1.0,0.0,1.94707184e-07,0.0,875.626892,2601.18628,8.58306885e-05,1.0]"
level.SCNE,arena_clutchtime_int_master@arena_clutchtime_int_shared_layout@GameObjects@balcony@clutchtime_balcony_b_15:clutchtime_balcony_b_low,OBJECT,arena_clutchtime_int_master@arena_clutchtime_int_shared_layout@GameObjects@balcony@clutchtime_balcony_b_8:clutchtime_balcony_b_low,,"[-1.0,-1.50995803e-07,0.0,0.0,-1.50995803e-07,1.0,-1.50995803e-07,0.0,2.27997332e-14,-1.50995803e-07,-1.0,0.0,-799.952148,1259.86694,2346.146,1.0]"
level.SCNE,arena_clutchtime_int_master@arena_clutchtime_int_shared_layout@GameObjects@ceiling_panels@clutchtime_ceilingpanel_e_1:clutchtime_ceilingpanel_e_low,OBJECT,arena_clutchtime_int_master@arena_clutchtime_int_shared_layout@GameObjects@ceiling_panels@clutchtime_ceilingpanel_e:clutchtime_ceilingpanel_e_low,,"[7.54979013e-08,0.0,1.0,0.0,0.0,1.0,0.0,0.0,-1.0,0.0,7.54979013e-08,0.0,1085.37842,2396.53125,0.003852036,1.0]"
level.SCNE,arena_clutchtime_int_master@arena_clutchtime_int_shared_layout@GameObjects@ceiling_panelslights@clutchtime_ceilingpanellight_g:clutchtime_ceilingpanellight_g_low,OBJECT,arena_clutchtime_int_master@arena_clutchtime_int_shared_layout@GameObjects@ceiling_panelslights@clutchtime_ceilingpanellight_g:clutchtime_ceilingpanellight_g_low,,"[7.54979013e-08,0.0,-1.0,0.0,0.0,1.0,0.0,0.0,1.0,0.0,7.54979013e-08,0.0,-3906.4043,1457.26575,0.0,1.0]"
level.SCNE,arena_clutchtime_int_master@arena_clutchtime_int_shared_layout@GameObjects@Prototype_arena_curtains_prototype@Prototype_arena@curtain100x20_arena_straight500c_173:curtain100x20_arena_straight500c,OBJECT,arena_clutchtime_int_master@arena_clutchtime_int_shared_layout@GameObjects@Prototype_arena_curtains_prototype@Prototype_arena_curtains_prototype_0@curtain100x20_arena_straight500c_8:curtain100x20_arena_straight500c,,"[-1.0,-8.74227766e-08,-1.50995803e-07,0.0,-8.74227624e-08,1.0,-8.74227766e-08,0.0,1.50995817e-07,-8.74227624e-08,-1.0,0.0,-236.161285,150.346558,2869.0,1.0]"
level.SCNE,arena_clutchtime_int_master@arena_clutchtime_int_shared_layout@GameObjects@balcony_lights@light_ceilinga_round_12:light_ceilinga_round_low,OBJECT,arena_clutchtime_int_master@arena_clutchtime_int_shared_layout@GameObjects@balcony_lights@light_ceilinga_round_85:light_ceilinga_round_low,,"[7.54979013e-08,-1.0,0.0,0.0,1.0,7.54979013e-08,0.0,0.0,0.0,0.0,1.0,0.0,-236.67952,643.825256,2470.06836,1.0]"
level.SCNE,arena_clutchtime_int_master@arena_clutchtime_int_shared_layout@GameObjects@Prototype_arena_curtains_prototype@Prototype_arena_curtains_prototype_0@curtain100x20_arena_straight500c_40:curtain100x20_arena_straight500c,OBJECT,arena_clutchtime_int_master@arena_clutchtime_int_shared_layout@GameObjects@Prototype_arena_curtains_prototype@Prototype_arena_curtains_prototype_0@curtain100x20_arena_straight500c_8:curtain100x20_arena_straight500c,,"[1.0,0.0,0.0,0.0,0.0,1.0,0.0,0.0,0.0,0.0,1.0,0.0,-558.377258,759.56488,-2969.03101,1.0]"
level.SCNE,arena_clutchtime_int_master@arena_clutchtime_int_shared_layout@GameObjects@ceiling_panelslights@clutchtime_ceilingpanellight_c_2:clutchtime_ceilingpanellight_c_low,OBJECT,arena_clutchtime_int_master@arena_clutchtime_int_shared_layout@GameObjects@ceiling_panelslights@clutchtime_ceilingpanellight_c:clutchtime_ceilingpanellight_c_low,,"[1.94707184e-07,0.0,1.0,0.0,0.0,1.0,0.0,0.0,-1.0,0.0,1.94707184e-07,0.0,2466.66797,1457.26575,-8.58306885e-05,1.0]"
level.SCNE,arena_clutchtime_int_master@arena_clutchtime_int_shared_layout@GameObjects@ceiling@clutchtime_ceiling_c:clutchtime_ceiling_c_low,OBJECT,arena_clutchtime_int_master@arena_clutchtime_int_shared_layout@GameObjects@ceiling@clutchtime_ceiling_c:clutchtime_ceiling_c_low,,"[7.54979013e-08,0.0,1.0,0.0,0.0,1.0,0.0,0.0,-1.0,0.0,7.54979013e-08,0.0,1924.07898,1466.8269,0.00199039,1.0]"
level.SCNE,arena_clutchtime_int_master@arena_clutchtime_int_shared_layout@GameObjects@stands@clutchtime_stair_3step_12:clutchtime_stair_3step_low,OBJECT,arena_clutchtime_int_master@arena_clutchtime_int_shared_layout@GameObjects@stands@clutchtime_stair_3step_0:clutchtime_stair_3step_low,,"[-0.190809056,-2.88113657e-08,-0.981627166,0.0,-2.77421464e-09,1.0,-2.88113657e-08,0.0,0.981627166,-2.77421464e-09,-0.190809056,0.0,-3556.34888,743.342163,1424.90967,1.0]"
level.SCNE,arena_clutchtime_int_master@arena_clutchtime_int_shared_layout@GameObjects@balcony_chairs@chair_arenacrowd_seatbackcushion_63:chair_arenacrowd_seatbackcushion_low,OBJECT,arena_clutchtime_int_master@arena_clutchtime_int_shared_layout@GameObjects@balcony_chairs@chair_arenacrowd_seatbackcushion_85:chair_arenacrowd_seatbackcushion_low,,"[1.0,0.0,0.0,0.0,0.0,1.0,0.0,0.0,0.0,0.0,1.0,0.0,597.579712,1375.11304,-2650.51196,1.0]"
level.SCNE,arena_clutchtime_int_master@arena_clutchtime_int_shared_layout@GameObjects@balcony_chairs@chair_arenacrowd_seatbackcushion_103:chair_arenacrowd_seatbackcushion_low,OBJECT,arena_clutchtime_int_master@arena_clutchtime_int_shared_layout@GameObjects@balcony_chairs@chair_arenacrowd_seatbackcushion_85:chair_arenacrowd_seatbackcushion_low,,"[-1.0,-8.74227766e-08,0.0,0.0,-8.74227766e-08,1.0,-8.74227766e-08,0.0,7.64274186e-15,-8.74227766e-08,-1.0,0.0,-906.906006,1375.11304,2650.51196,1.0]"
level.SCNE,arena_clutchtime_int_master@arena_clutchtime_int_shared_layout@GameObjects@balcony_lights@light_ceilinga_round_44:light_ceilinga_round_low,OBJECT,arena_clutchtime_int_master@arena_clutchtime_int_shared_layout@GameObjects@balcony_lights@light_ceilinga_round_85:light_ceilinga_round_low,,"[7.54979013e-08,-1.0,0.0,0.0,1.0,7.54979013e-08,0.0,0.0,0.0,0.0,1.0,0.0,929.281311,643.825256,2396.93481,1.0]"
level.SCNE,arena_clutchtime_int_master@arena_clutchtime_int_shared_layout@GameObjects@clutchtimecurtainstunnels1@Prototype_arena_curtains_prototype_2@curtain100x20_arena_straight400c_13:curtain100x20_arena_straight400c,OBJECT,arena_clutchtime_int_master@arena_clutchtime_int_shared_layout@GameObjects@clutchtimecurtainstunnels1@Prototype_arena_curtains_prototype_2@curtain100x20_arena_straight400c_9:curtain100x20_arena_straight400c,,"[0.121869281,0.0,-0.992545784,0.0,0.0,1.0,0.0,0.0,0.992545784,0.0,0.121869281,0.0,-2924.21899,-8.16034844e-06,-975.642334,1.0]"
level.SCNE,arena_clutchtime_int_master@arena_clutchtime_int_shared_layout@GameObjects@Prototype_arena_curtains_prototype@Prototype_arena@curtain100x20_arena_straight500c_169:curtain100x20_arena_straight500c,OBJECT,arena_clutchtime_int_master@arena_clutchtime_int_shared_layout@GameObjects@Prototype_arena_curtains_prototype@Prototype_arena_curtains_prototype_0@curtain100x20_arena_straight500c_8:curtain100x20_arena_straight500c,,"[-1.0,-8.74227766e-08,-1.50995803e-07,0.0,-8.74227624e-08,1.0,-8.74227766e-08,0.0,1.50995817e-07,-8.74227624e-08,-1.0,0.0,-1050.20203,150.346558,2869.0,1.0]"
level.SCNE,arena_clutchtime_int_master@arena_clutchtime_int_shared_layout@GameObjects@balcony_chairs@chair_arenacrowd_seatbackcushion_75:chair_arenacrowd_seatbackcushion_low,OBJECT,arena_clutchtime_int_master@arena_clutchtime_int_shared_layout@GameObjects@balcony_chairs@chair_arenacrowd_seatbackcushion_85:chair_arenacrowd_seatbackcushion_low,,"[1.0,0.0,0.0,0.0,0.0,1.0,0.0,0.0,0.0,0.0,1.0,0.0,-747.811829,1346.90601,-2512.00171,1.0]"
level.SCNE,arena_clutchtime_int_master@arena_clutchtime_int_shared_layout@GameObjects@balcony_chairs@chair_arenacrowd_seatbackcushion_106:chair_arenacrowd_seatbackcushion_low,OBJECT,arena_clutchtime_int_master@arena_clutchtime_int_shared_layout@GameObjects@balcony_chairs@chair_arenacrowd_seatbackcushion_85:chair_arenacrowd_seatbackcushion_low,,"[-1.0,-8.74227766e-08,0.0,0.0,-8.74227766e-08,1.0,-8.74227766e-08,0.0,7.64274186e-15,-8.74227766e-08,-1.0,0.0,-598.718018,1375.11304,2650.51196,1.0]"
level.SCNE,arena_clutchtime_int_master@arena_clutchtime_int_shared_layout@GameObjects@Prototype_arena_curtains_prototype@Prototype_arena_curtains_prototype_0@curtain100x20_arena_straight500c_38:curtain100x20_arena_straight500c,OBJECT,arena_clutchtime_int_master@arena_clutchtime_int_shared_layout@GameObjects@Prototype_arena_curtains_prototype@Prototype_arena_curtains_prototype_0@curtain100x20_arena_straight500c_8:curtain100x20_arena_straight500c,,"[1.0,0.0,0.0,0.0,0.0,1.0,0.0,0.0,0.0,0.0,1.0,0.0,-755.439819,759.56488,-2969.03101,1.0]"
level.SCNE,arena_clutchtime_int_master@arena_clutchtime_int_shared_layout@GameObjects@balcony@clutchtime_balcony_b_16:clutchtime_balcony_b_low,OBJECT,arena_clutchtime_int_master@arena_clutchtime_int_shared_layout@GameObjects@balcony@clutchtime_balcony_b_8:clutchtime_balcony_b_low,,"[-1.0,-1.50995803e-07,0.0,0.0,-1.50995803e-07,1.0,-1.50995803e-07,0.0,2.27997332e-14,-1.50995803e-07,-1.0,0.0,-799.952148,35.1004639,2346.146,1.0]"
level.SCNE,arena_clutchtime_int_master@arena_clutchtime_int_shared_layout@GameObjects@ceiling_panelslights@clutchtime_ceilingpanellight_i:clutchtime_ceilingpanellight_i_low,OBJECT,arena_clutchtime_int_master@arena_clutchtime_int_shared_layout@GameObjects@ceiling_panelslights@clutchtime_ceilingpanellight_i:clutchtime_ceilingpanellight_i_low,,"[7.54979013e-08,0.0,-1.0,0.0,0.0,1.0,0.0,0.0,1.0,0.0,7.54979013e-08,0.0,-5370.92187,1457.26575,1.94838737e-14,1.0]"
level.SCNE,arena_clutchtime_int_master@arena_clutchtime_int_shared_layout@GameObjects@ceiling_panels@clutchtime_ceilingpanel_a_1:clutchtime_ceilingpanel_a_low,OBJECT,arena_clutchtime_int_master@arena_clutchtime_int_shared_layout@GameObjects@ceiling_panels@clutchtime_ceilingpanel_a_0:clutchtime_ceilingpanel_a_low,,"[7.54979013e-08,0.0,1.0,0.0,0.0,1.0,0.0,0.0,-1.0,0.0,7.54979013e-08,0.0,584.969727,2396.53125,0.003852036,1.0]"
level.SCNE,arena_clutchtime_int_master@arena_clutchtime_int_shared_layout@GameObjects@balcony_lights@light_ceilinga_round_47:light_ceilinga_round_low,OBJECT,arena_clutchtime_int_master@arena_clutchtime_int_shared_layout@GameObjects@balcony_lights@light_ceilinga_round_85:light_ceilinga_round_low,,"[7.54979013e-08,-1.0,0.0,0.0,1.0,7.54979013e-08,0.0,0.0,0.0,0.0,1.0,0.0,562.959595,1259.34619,-2470.06836,1.0]"
level.SCNE,arena_clutchtime_int_master@arena_clutchtime_int_shared_layout@GameObjects@Prototype_arena_curtains_prototype@Prototype_arena@curtain100x20_arena_straight500c_110:curtain100x20_arena_straight500c,OBJECT,arena_clutchtime_int_master@arena_clutchtime_int_shared_layout@GameObjects@Prototype_arena_curtains_prototype@Prototype_arena_curtains_prototype_0@curtain100x20_arena_straight500c_8:curtain100x20_arena_straight500c,,"[-1.0,0.0,-1.50995803e-07,0.0,0.0,1.0,0.0,0.0,1.50995803e-07,0.0,-1.0,0.0,356.849976,1375.11304,2997.40527,1.0]"
level.SCNE,arena_clutchtime_int_master@arena_clutchtime_int_shared_layout@GameObjects@ceiling_panelslights@clutchtime_ceilingpanellight_e:clutchtime_ceilingpanellight_e_low,OBJECT,arena_clutchtime_int_master@arena_clutchtime_int_shared_layout@GameObjects@ceiling_panelslights@clutchtime_ceilingpanellight_e_4:clutchtime_ceilingpanellight_e_low,,"[7.54979013e-08,0.0,-1.0,0.0,0.0,1.0,0.0,0.0,1.0,0.0,7.54979013e-08,0.0,-2743.44824,1457.26575,8.58306885e-05,1.0]"
level.SCNE,arena_clutchtime_int_master@arena_clutchtime_int_shared_layout@GameObjects@Prototype_arena_curtains_prototype@Prototype_arena_curtains_prototype_0@curtain100x20_arena_straight500c_7:curtain100x20_arena_straight500c,OBJECT,arena_clutchtime_int_master@arena_clutchtime_int_shared_layout@GameObjects@Prototype_arena_curtains_prototype@Prototype_arena_curtains_prototype_0@curtain100x20_arena_straight500c_8:curtain100x20_arena_straight500c,,"[1.0,0.0,0.0,0.0,0.0,1.0,0.0,0.0,0.0,0.0,1.0,0.0,552.370361,150.346558,-2969.03101,1.0]"
level.SCNE,arena_clutchtime_int_master@arena_clutchtime_int_shared_layout@GameObjects@balcony_lights@light_ceilinga_round_37:light_ceilinga_round_low,OBJECT,arena_clutchtime_int_master@arena_clutchtime_int_shared_layout@GameObjects@balcony_lights@light_ceilinga_round_85:light_ceilinga_round_low,,"[7.54979013e-08,-1.0,0.0,0.0,1.0,7.54979013e-08,0.0,0.0,0.0,0.0,1.0,0.0,670.525269,1868.73694,2396.93481,1.0]"
level.SCNE,arena_clutchtime_int_master@GameObjects@dorna@clutchtime_court_dorna_2:clutchtime_court_dorna_low,OBJECT,arena_clutchtime_int_master@GameObjects@dorna@clutchtime_court_dorna_7:clutchtime_court_dorna_low,,"[1.0,0.0,0.0,0.0,0.0,1.0,0.0,0.0,0.0,0.0,1.0,0.0,955.129883,0.0,-1000.0,1.0]"
level.SCNE,arena_clutchtime_int_master@arena_clutchtime_int_shared_layout@GameObjects@mural_lights@lighting_suspendedtrack_metalb_22:lighting_suspendedtrack_metalb_low,OBJECT,arena_clutchtime_int_master@arena_clutchtime_int_shared_layout@GameObjects@mural_lights@lighting_suspendedtrack_metalb_19:lighting_suspendedtrack_metalb_low,,"[3.13916473e-07,0.0,1.0,0.0,-1.74512877e-07,1.0,5.47824657e-14,0.0,-1.0,-1.74512877e-07,3.13916473e-07,0.0,2016.71411,1002.4798,615.990784,1.0]"
level.SCNE,arena_clutchtime_int_master@arena_clutchtime_int_shared_layout@GameObjects@doors@electrical_switch_double_0:light_switch_double_low,OBJECT,arena_clutchtime_int_master@arena_clutchtime_int_shared_layout@GameObjects@doors@electrical_switch_double_1:light_switch_double_low,,"[-1.0,-8.74227766e-08,-1.50995803e-07,0.0,-8.74227624e-08,1.0,-8.74227766e-08,0.0,1.50995817e-07,-8.74227624e-08,-1.0,0.0,2848.12646,1154.63025,2230.1665,1.0]"
level.SCNE,arena_clutchtime_int_master@arena_clutchtime_int_shared_layout@GameObjects@balcony_chairs@chair_arenacrowd_seatbackcushion_132:chair_arenacrowd_seatbackcushion_low,OBJECT,arena_clutchtime_int_master@arena_clutchtime_int_shared_layout@GameObjects@balcony_chairs@chair_arenacrowd_seatbackcushion_85:chair_arenacrowd_seatbackcushion_low,,"[-1.0,-1.50995803e-07,0.0,0.0,-1.50995803e-07,1.0,-1.50995803e-07,0.0,2.27997332e-14,-1.50995803e-07,-1.0,0.0,-697.53894,759.564941,2650.51196,1.0]"
level.SCNE,arena_clutchtime_int_master@arena_clutchtime_int_shared_layout@GameObjects@mural_lights@lighting_suspendedtrack_metalb_10:lighting_suspendedtrack_metalb_low,OBJECT,arena_clutchtime_int_master@arena_clutchtime_int_shared_layout@GameObjects@mural_lights@lighting_suspendedtrack_metalb_19:lighting_suspendedtrack_metalb_low,,"[3.13916473e-07,0.0,1.0,0.0,-1.74512877e-07,1.0,5.47824657e-14,0.0,-1.0,-1.74512877e-07,3.13916473e-07,0.0,2086.75,1490.65344,-130.218185,1.0]"
level.SCNE,arena_clutchtime_int_master@arena_clutchtime_int_shared_layout@GameObjects@Prototype_arena_curtains_prototype@Prototype_arena@curtain100x20_arena_straight500c_75:curtain100x20_arena_straight500c,OBJECT,arena_clutchtime_int_master@arena_clutchtime_int_shared_layout@GameObjects@Prototype_arena_curtains_prototype@Prototype_arena_curtains_prototype_0@curtain100x20_arena_straight500c_8:curtain100x20_arena_straight500c,,"[-1.0,0.0,-1.50995803e-07,0.0,0.0,1.0,0.0,0.0,1.50995803e-07,0.0,-1.0,0.0,1147.46753,150.346558,2997.40527,1.0]"
level.SCNE,arena_clutchtime_int_master@arena_clutchtime_int_shared_layout@GameObjects@Prototype_arena_curtains_prototype@Prototype_arena_curtains_prototype_0@curtain100x20_arena_straight500c_22:curtain100x20_arena_straight500c,OBJECT,arena_clutchtime_int_master@arena_clutchtime_int_shared_layout@GameObjects@Prototype_arena_curtains_prototype@Prototype_arena_curtains_prototype_0@curtain100x20_arena_straight500c_8:curtain100x20_arena_straight500c,,"[1.0,0.0,0.0,0.0,0.0,1.0,0.0,0.0,0.0,0.0,1.0,0.0,-139.837677,759.56488,-2969.03101,1.0]"
level.SCNE,arena_clutchtime_int_master@arena_clutchtime_int_shared_layout@GameObjects@balcony_chairs@chair_arenacrowd_seatbackcushion_129:chair_arenacrowd_seatbackcushion_low,OBJECT,arena_clutchtime_int_master@arena_clutchtime_int_shared_layout@GameObjects@balcony_chairs@chair_arenacrowd_seatbackcushion_85:chair_arenacrowd_seatbackcushion_low,,"[-1.0,-1.50995803e-07,0.0,0.0,-1.50995803e-07,1.0,-1.50995803e-07,0.0,2.27997332e-14,-1.50995803e-07,-1.0,0.0,-746.609009,731.35791,2512.00195,1.0]"
level.SCNE,arena_clutchtime_int_master@arena_clutchtime_int_shared_layout@GameObjects@Prototype_arena_curtains_prototype@Prototype_arena_curtains_prototype_0@curtain100x20_arena_straight500c_35:curtain100x20_arena_straight500c,OBJECT,arena_clutchtime_int_master@arena_clutchtime_int_shared_layout@GameObjects@Prototype_arena_curtains_prototype@Prototype_arena_curtains_prototype_0@curtain100x20_arena_straight500c_8:curtain100x20_arena_straight500c,,"[1.0,0.0,0.0,0.0,0.0,1.0,0.0,0.0,0.0,0.0,1.0,0.0,-1052.28809,759.56488,-2969.03101,1.0]"
level.SCNE,arena_clutchtime_int_master@arena_clutchtime_int_shared_layout@GameObjects@balcony_lights@light_ceilinga_round_69:light_ceilinga_round_low,OBJECT,arena_clutchtime_int_master@arena_clutchtime_int_shared_layout@GameObjects@balcony_lights@light_ceilinga_round_85:light_ceilinga_round_low,,"[7.54979013e-08,-1.0,0.0,0.0,1.0,7.54979013e-08,0.0,0.0,0.0,0.0,1.0,0.0,237.251572,1868.73694,-2470.06812,1.0]"
level.SCNE,arena_clutchtime_int_master@arena_clutchtime_int_shared_layout@GameObjects@balcony_chairs@chair_arenacrowd_seatbackcushion_123:chair_arenacrowd_seatbackcushion_low,OBJECT,arena_clutchtime_int_master@arena_clutchtime_int_shared_layout@GameObjects@balcony_chairs@chair_arenacrowd_seatbackcushion_85:chair_arenacrowd_seatbackcushion_low,,"[-1.0,-1.50995803e-07,0.0,0.0,-1.50995803e-07,1.0,-1.50995803e-07,0.0,2.27997332e-14,-1.50995803e-07,-1.0,0.0,901.777771,759.564941,2650.51196,1.0]"
level.SCNE,arena_clutchtime_int_master@arena_clutchtime_int_shared_layout@GameObjects@balcony_chairs@chair_arenacrowd_seatbackcushion_145:chair_arenacrowd_seatbackcushion_low,OBJECT,arena_clutchtime_int_master@arena_clutchtime_int_shared_layout@GameObjects@balcony_chairs@chair_arenacrowd_seatbackcushion_85:chair_arenacrowd_seatbackcushion_low,,"[-1.0,-1.50995803e-07,0.0,0.0,-1.50995803e-07,1.0,-1.50995803e-07,0.0,2.27997332e-14,-1.50995803e-07,-1.0,0.0,747.197144,122.139587,2512.00195,1.0]"
level.SCNE,arena_clutchtime_int_master@arena_clutchtime_int_shared_layout@GameObjects@doors@sign_exit_generic:sign_exit_generic,OBJECT,arena_clutchtime_int_master@arena_clutchtime_int_shared_layout@GameObjects@doors@sign_exit_generic_3:sign_exit_generic,,"[1.0,0.0,0.0,0.0,0.0,1.0,0.0,0.0,0.0,0.0,1.0,0.0,-4332.18311,1173.34985,2179.77295,1.0]"
level.SCNE,arena_clutchtime_int_master@arena_clutchtime_int_shared_layout@GameObjects@balcony_lights@light_ceilinga_round_88:light_ceilinga_round_low,OBJECT,arena_clutchtime_int_master@arena_clutchtime_int_shared_layout@GameObjects@balcony_lights@light_ceilinga_round_85:light_ceilinga_round_low,,"[7.54979013e-08,-1.0,0.0,0.0,1.0,7.54979013e-08,0.0,0.0,0.0,0.0,1.0,0.0,-799.7453,643.825256,-2370.64673,1.0]"
level.SCNE,arena_clutchtime_int_master@arena_clutchtime_int_shared_layout@GameObjects@mural_lights@lighting_suspendedtrack_metalb_6:lighting_suspendedtrack_metalb_low,OBJECT,arena_clutchtime_int_master@arena_clutchtime_int_shared_layout@GameObjects@mural_lights@lighting_suspendedtrack_metalb_19:lighting_suspendedtrack_metalb_low,,"[3.13916473e-07,0.0,1.0,0.0,-1.74512877e-07,1.0,5.47824657e-14,0.0,-1.0,-1.74512877e-07,3.13916473e-07,0.0,1805.18616,1490.65344,1423.24158,1.0]"
level.SCNE,arena_clutchtime_int_master@arena_clutchtime_int_shared_layout@GameObjects@Prototype_arena_curtains_prototype@Prototype_arena_curtains_prototype_0@curtain100x20_arena_straight500c_139:curtain100x20_arena_straight500c,OBJECT,arena_clutchtime_int_master@arena_clutchtime_int_shared_layout@GameObjects@Prototype_arena_curtains_prototype@Prototype_arena_curtains_prototype_0@curtain100x20_arena_straight500c_8:curtain100x20_arena_straight500c,,"[1.0,0.0,0.0,0.0,0.0,1.0,0.0,0.0,0.0,0.0,1.0,0.0,552.370361,759.56488,-2869.0,1.0]"
level.SCNE,arena_clutchtime_int_master@arena_clutchtime_int_shared_layout@GameObjects@balcony@clutchtime_balcony_railing_15:clutchtime_balcony_railing_low,OBJECT,arena_clutchtime_int_master@arena_clutchtime_int_shared_layout@GameObjects@balcony@clutchtime_balcony_railing_12:clutchtime_balcony_railing_low,,"[-1.0,-1.50995803e-07,0.0,0.0,-1.50995803e-07,1.0,-1.50995803e-07,0.0,2.27997332e-14,-1.50995803e-07,-1.0,0.0,800.96521,789.231567,2321.06079,1.0]"
level.SCNE,arena_clutchtime_int_master@arena_clutchtime_int_shared_layout@GameObjects@mural_lights@lighting_suspendedtrack_metalb_4:lighting_suspendedtrack_metalb_low,OBJECT,arena_clutchtime_int_master@arena_clutchtime_int_shared_layout@GameObjects@mural_lights@lighting_suspendedtrack_metalb_19:lighting_suspendedtrack_metalb_low,,"[3.13916473e-07,0.0,1.0,0.0,-1.74512877e-07,1.0,5.47824657e-14,0.0,-1.0,-1.74512877e-07,3.13916473e-07,0.0,1863.62891,1490.65344,1162.39905,1.0]"
level.SCNE,arena_clutchtime_int_master@arena_clutchtime_int_shared_layout@GameObjects@balcony_chairs@chair_arenacrowd_seatbackcushion_0:chair_arenacrowd_seatbackcushion_low,OBJECT,arena_clutchtime_int_master@arena_clutchtime_int_shared_layout@GameObjects@balcony_chairs@chair_arenacrowd_seatbackcushion_85:chair_arenacrowd_seatbackcushion_low,,"[1.0,0.0,0.0,0.0,0.0,1.0,0.0,0.0,0.0,0.0,1.0,0.0,-202.608932,150.346558,-2650.51196,1.0]"
level.SCNE,arena_clutchtime_int_master@arena_clutchtime_int_shared_layout@GameObjects@balcony_chairs@chair_arenacrowd_seatbackcushion_110:chair_arenacrowd_seatbackcushion_low,OBJECT,arena_clutchtime_int_master@arena_clutchtime_int_shared_layout@GameObjects@balcony_chairs@chair_arenacrowd_seatbackcushion_85:chair_arenacrowd_seatbackcushion_low,,"[-1.0,-1.50995803e-07,0.0,0.0,-1.50995803e-07,1.0,-1.50995803e-07,0.0,2.27997332e-14,-1.50995803e-07,-1.0,0.0,151.22052,731.35791,2512.00195,1.0]"
level.SCNE,arena_clutchtime_int_master@arena_clutchtime_int_shared_layout@GameObjects@balcony@clutchtime_balcony_c_2:clutchtime_balcony_c_low,OBJECT,arena_clutchtime_int_master@arena_clutchtime_int_shared_layout@GameObjects@balcony@clutchtime_balcony_c_1:clutchtime_balcony_c_low,,"[-1.0,-1.50995803e-07,0.0,0.0,-1.50995803e-07,1.0,-1.50995803e-07,0.0,2.27997332e-14,-1.50995803e-07,-1.0,0.0,0.0,38.9648972,2394.875,1.0]"
level.SCNE,arena_clutchtime_int_master@arena_clutchtime_int_shared_layout@GameObjects@Prototype_arena_curtains_prototype@Prototype_arena_curtains_prototype_0@curtain100x20_arena_straight500c_50:curtain100x20_arena_straight500c,OBJECT,arena_clutchtime_int_master@arena_clutchtime_int_shared_layout@GameObjects@Prototype_arena_curtains_prototype@Prototype_arena_curtains_prototype_0@curtain100x20_arena_straight500c_8:curtain100x20_arena_straight500c,,"[1.0,0.0,0.0,0.0,0.0,1.0,0.0,0.0,0.0,0.0,1.0,0.0,650.779907,1375.11304,-2969.03101,1.0]"
level.SCNE,arena_clutchtime_int_master@arena_clutchtime_int_shared_layout@GameObjects@balcony_chairs@chair_arenacrowd_seatbackcushion_71:chair_arenacrowd_seatbackcushion_low,OBJECT,arena_clutchtime_int_master@arena_clutchtime_int_shared_layout@GameObjects@balcony_chairs@chair_arenacrowd_seatbackcushion_85:chair_arenacrowd_seatbackcushion_low,,"[1.0,0.0,0.0,0.0,0.0,1.0,0.0,0.0,0.0,0.0,1.0,0.0,-951.47522,1346.90601,-2512.00171,1.0]"
level.SCNE,arena_clutchtime_int_master@arena_clutchtime_int_shared_layout@GameObjects@Prototype_arena_curtains_prototype@Prototype_arena_curtains_prototype_0@curtain100x20_arena_straight500c_20:curtain100x20_arena_straight500c,OBJECT,arena_clutchtime_int_master@arena_clutchtime_int_shared_layout@GameObjects@Prototype_arena_curtains_prototype@Prototype_arena_curtains_prototype_0@curtain100x20_arena_straight500c_8:curtain100x20_arena_straight500c,,"[1.0,0.0,0.0,0.0,0.0,1.0,0.0,0.0,0.0,0.0,1.0,0.0,-337.347687,759.56488,-2969.03101,1.0]"
level.SCNE,arena_clutchtime_int_master@arena_clutchtime_int_shared_layout@GameObjects@balcony_chairs@chair_arenacrowd_seatbackcushion_90:chair_arenacrowd_seatbackcushion_low,OBJECT,arena_clutchtime_int_master@arena_clutchtime_int_shared_layout@GameObjects@balcony_chairs@chair_arenacrowd_seatbackcushion_85:chair_arenacrowd_seatbackcushion_low,,"[-1.0,-8.74227766e-08,0.0,0.0,-8.74227766e-08,1.0,-8.74227766e-08,0.0,7.64274186e-15,-8.74227766e-08,-1.0,0.0,592.627197,1375.11304,2650.51196,1.0]"
level.SCNE,arena_clutchtime_int_master@arena_clutchtime_int_shared_layout@GameObjects@stands@clutchtime_stair_3step:clutchtime_stair_3step_low,OBJECT,arena_clutchtime_int_master@arena_clutchtime_int_shared_layout@GameObjects@stands@clutchtime_stair_3step_0:clutchtime_stair_3step_low,,"[7.54979013e-08,0.0,-1.0,0.0,0.0,1.0,0.0,0.0,1.0,0.0,7.54979013e-08,0.0,-2079.08716,23.349823,57.4980087,1.0]"
level.SCNE,arena_clutchtime_int_master@arena_clutchtime_int_shared_layout@GameObjects@balcony_chairs@chair_arenacrowd_seatbackcushion_112:chair_arenacrowd_seatbackcushion_low,OBJECT,arena_clutchtime_int_master@arena_clutchtime_int_shared_layout@GameObjects@balcony_chairs@chair_arenacrowd_seatbackcushion_85:chair_arenacrowd_seatbackcushion_low,,"[-1.0,-1.50995803e-07,0.0,0.0,-1.50995803e-07,1.0,-1.50995803e-07,0.0,2.27997332e-14,-1.50995803e-07,-1.0,0.0,-107.068863,759.564941,2650.51196,1.0]"
level.SCNE,arena_clutchtime_int_master@arena_clutchtime_int_shared_layout@GameObjects@ceiling_panels@clutchtime_ceilingpanel_f_3:clutchtime_ceilingpanel_f_low,OBJECT,arena_clutchtime_int_master@arena_clutchtime_int_shared_layout@GameObjects@ceiling_panels@clutchtime_ceilingpanel_f:clutchtime_ceilingpanel_f_low,,"[7.54979013e-08,0.0,-1.0,0.0,0.0,1.0,0.0,0.0,1.0,0.0,7.54979013e-08,0.0,-2837.32788,1303.35718,0.000128744,1.0]"
level.SCNE,arena_clutchtime_int_master@arena_clutchtime_int_shared_layout@GameObjects@Prototype_arena_curtains_prototype@Prototype_arena_curtains_prototype_0@curtain100x20_arena_straight500c:curtain100x20_arena_straight500c,OBJECT,arena_clutchtime_int_master@arena_clutchtime_int_shared_layout@GameObjects@Prototype_arena_curtains_prototype@Prototype_arena_curtains_prototype_0@curtain100x20_arena_straight500c_8:curtain100x20_arena_straight500c,,"[1.0,0.0,0.0,0.0,0.0,1.0,0.0,0.0,0.0,0.0,1.0,0.0,-337.347687,150.346558,-2969.03101,1.0]"
level.SCNE,arena_clutchtime_int_master@arena_clutchtime_int_shared_layout@GameObjects@balcony_lights@light_ceilinga_round_23:light_ceilinga_round_low,OBJECT,arena_clutchtime_int_master@arena_clutchtime_int_shared_layout@GameObjects@balcony_lights@light_ceilinga_round_85:light_ceilinga_round_low,,"[7.54979013e-08,-1.0,0.0,0.0,1.0,7.54979013e-08,0.0,0.0,0.0,0.0,1.0,0.0,-1036.3186,1868.73694,2470.06836,1.0]"
level.SCNE,arena_clutchtime_int_master@arena_clutchtime_int_shared_layout@GameObjects@balcony_lights@light_ceilinga_round_13:light_ceilinga_round_low,OBJECT,arena_clutchtime_int_master@arena_clutchtime_int_shared_layout@GameObjects@balcony_lights@light_ceilinga_round_85:light_ceilinga_round_low,,"[7.54979013e-08,-1.0,0.0,0.0,1.0,7.54979013e-08,0.0,0.0,0.0,0.0,1.0,0.0,129.642151,643.825256,2396.93481,1.0]"
level.SCNE,arena_clutchtime_int_master@GameObjects@dorna@clutchtime_court_dornacorner_2:clutchtime_court_dornacorner_low,OBJECT,arena_clutchtime_int_master@GameObjects@dorna@clutchtime_court_dornacorner_1:clutchtime_court_dornacorner_low,,"[1.94707184e-07,0.0,-1.0,0.0,0.0,1.0,0.0,0.0,1.0,0.0,1.94707184e-07,0.0,555.129883,0.0,-1800.00012,1.0]"
level.SCNE,arena_clutchtime_int_master@arena_clutchtime_int_shared_layout@GameObjects@ceiling_panelslights@clutchtime_ceilingpanellight_b_2:clutchtime_ceilingpanellight_b_low,OBJECT,arena_clutchtime_int_master@arena_clutchtime_int_shared_layout@GameObjects@ceiling_panelslights@clutchtime_ceilingpanellight_b_4:clutchtime_ceilingpanellight_b_low,,"[7.54979013e-08,0.0,-1.0,0.0,0.0,1.0,0.0,0.0,1.0,0.0,7.54979013e-08,0.0,-5218.04199,1457.26575,8.58306885e-05,1.0]"
level.SCNE,arena_clutchtime_int_master@arena_clutchtime_int_shared_layout@GameObjects@balcony_lights@light_ceilinga_round_26:light_ceilinga_round_low,OBJECT,arena_clutchtime_int_master@arena_clutchtime_int_shared_layout@GameObjects@balcony_lights@light_ceilinga_round_85:light_ceilinga_round_low,,"[7.54979013e-08,-1.0,0.0,0.0,1.0,7.54979013e-08,0.0,0.0,0.0,0.0,1.0,0.0,-799.325684,643.825256,2370.64673,1.0]"
level.SCNE,arena_clutchtime_int_master@arena_clutchtime_int_shared_layout@GameObjects@balcony_lights@light_ceilinga_round_6:light_ceilinga_round_low,OBJECT,arena_clutchtime_int_master@arena_clutchtime_int_shared_layout@GameObjects@balcony_lights@light_ceilinga_round_85:light_ceilinga_round_low,,"[7.54979013e-08,-1.0,0.0,0.0,1.0,7.54979013e-08,0.0,0.0,0.0,0.0,1.0,0.0,-129.113876,1868.73694,2396.93481,1.0]"
level.SCNE,arena_clutchtime_int_master@arena_clutchtime_int_shared_layout@GameObjects@clutchtimecurtainstunnels1@Prototype_arena_curtains_prototype_2@curtain100x20_arena_straight400c_10:curtain100x20_arena_straight400c,OBJECT,arena_clutchtime_int_master@arena_clutchtime_int_shared_layout@GameObjects@clutchtimecurtainstunnels1@Prototype_arena_curtains_prototype_2@curtain100x20_arena_straight400c_9:curtain100x20_arena_straight400c,,"[0.121869303,0.0,-0.992545962,0.0,0.0,1.0,0.0,0.0,0.992545962,0.0,0.121869303,0.0,-2958.67773,-2.79795495e-06,-694.999329,1.0]"
level.SCNE,arena_clutchtime_int_master@arena_clutchtime_int_shared_layout@GameObjects@clutchtimecurtainstunnels1@Prototype_arena_curtains_prototype_1@curtain100x20_arena_straight300c:curtain100x20_arena_straight300c,OBJECT,arena_clutchtime_int_master@arena_clutchtime_int_shared_layout@GameObjects@clutchtimecurtainstunnels1@Prototype_arena_curtains_prototype_2@curtain100x20_arena_straight300c_2:curtain100x20_arena_straight300c,,"[-0.121869288,0.0,-0.992546141,0.0,0.0,1.0,0.0,0.0,0.992546141,0.0,-0.121869288,0.0,-2695.08398,0.0,941.526367,1.0]"
level.SCNE,arena_clutchtime_int_master@arena_clutchtime_int_shared_layout@GameObjects@Prototype_arena_curtains_prototype@Prototype_arena_curtains_prototype_0@curtain100x20_arena_straight500c_34:curtain100x20_arena_straight500c,OBJECT,arena_clutchtime_int_master@arena_clutchtime_int_shared_layout@GameObjects@Prototype_arena_curtains_prototype@Prototype_arena_curtains_prototype_0@curtain100x20_arena_straight500c_8:curtain100x20_arena_straight500c,,"[1.0,0.0,0.0,0.0,0.0,1.0,0.0,0.0,0.0,0.0,1.0,0.0,-1151.38843,759.56488,-2969.03101,1.0]"
level.SCNE,arena_clutchtime_int_master@arena_clutchtime_int_shared_layout@GameObjects@balcony_chairs@chair_arenacrowd_seatbackcushion_127:chair_arenacrowd_seatbackcushion_low,OBJECT,arena_clutchtime_int_master@arena_clutchtime_int_shared_layout@GameObjects@balcony_chairs@chair_arenacrowd_seatbackcushion_85:chair_arenacrowd_seatbackcushion_low,,"[-1.0,-1.50995803e-07,0.0,0.0,-1.50995803e-07,1.0,-1.50995803e-07,0.0,2.27997332e-14,-1.50995803e-07,-1.0,0.0,-852.267761,731.35791,2512.00195,1.0]"
level.SCNE,arena_clutchtime_int_master@arena_clutchtime_int_shared_layout@GameObjects@balcony@clutchtime_balcony_column_1:clutchtime_balcony_column_low,OBJECT,arena_clutchtime_int_master@arena_clutchtime_int_shared_layout@GameObjects@balcony@clutchtime_balcony_column_5:clutchtime_balcony_column_low,,"[1.0,0.0,0.0,0.0,0.0,1.0,0.0,0.0,0.0,0.0,1.0,0.0,385.367737,0.0,-2778.37354,1.0]"
level.SCNE,arena_clutchtime_int_master@arena_clutchtime_int_shared_layout@GameObjects@ceiling@clutchtime_ceiling_c_0:clutchtime_ceiling_c_low,OBJECT,arena_clutchtime_int_master@arena_clutchtime_int_shared_layout@GameObjects@ceiling@clutchtime_ceiling_c:clutchtime_ceiling_c_low,,"[7.54979013e-08,0.0,-1.0,0.0,0.0,1.0,0.0,0.0,1.0,0.0,7.54979013e-08,0.0,-1924.0791,1466.8269,0.00199039,1.0]"
level.SCNE,arena_clutchtime_int_master@arena_clutchtime_int_shared_layout@GameObjects@Prototype_arena_curtains_prototype@Prototype_arena_curtains_prototype_0@curtain100x20_arena_straight500c_154:curtain100x20_arena_straight500c,OBJECT,arena_clutchtime_int_master@arena_clutchtime_int_shared_layout@GameObjects@Prototype_arena_curtains_prototype@Prototype_arena_curtains_prototype_0@curtain100x20_arena_straight500c_8:curtain100x20_arena_straight500c,,"[1.0,0.0,0.0,0.0,0.0,1.0,0.0,0.0,0.0,0.0,1.0,0.0,-238.247192,1375.11304,-2869.0,1.0]"
level.SCNE,arena_clutchtime_int_master@arena_clutchtime_int_shared_layout@GameObjects@balcony_chairs@chair_arenacrowd_seatbackcushion_49:chair_arenacrowd_seatbackcushion_low,OBJECT,arena_clutchtime_int_master@arena_clutchtime_int_shared_layout@GameObjects@balcony_chairs@chair_arenacrowd_seatbackcushion_85:chair_arenacrowd_seatbackcushion_low,,"[1.0,0.0,0.0,0.0,0.0,1.0,0.0,0.0,0.0,0.0,1.0,0.0,-902.283325,759.56488,-2650.51172,1.0]"
level.SCNE,arena_clutchtime_int_master@arena_clutchtime_int_shared_layout@GameObjects@balcony_chairs@chair_arenacrowd_seatbackcushion_109:chair_arenacrowd_seatbackcushion_low,OBJECT,arena_clutchtime_int_master@arena_clutchtime_int_shared_layout@GameObjects@balcony_chairs@chair_arenacrowd_seatbackcushion_85:chair_arenacrowd_seatbackcushion_low,,"[-1.0,-1.50995803e-07,0.0,0.0,-1.50995803e-07,1.0,-1.50995803e-07,0.0,2.27997332e-14,-1.50995803e-07,-1.0,0.0,-52.4361305,731.35791,2512.00195,1.0]"
level.SCNE,arena_clutchtime_int_master@arena_clutchtime_int_shared_layout@GameObjects@Prototype_arena_curtains_prototype@Prototype_arena_curtains_prototype_0@curtain100x20_arena_straight500c_37:curtain100x20_arena_straight500c,OBJECT,arena_clutchtime_int_master@arena_clutchtime_int_shared_layout@GameObjects@Prototype_arena_curtains_prototype@Prototype_arena_curtains_prototype_0@curtain100x20_arena_straight500c_8:curtain100x20_arena_straight500c,,"[1.0,0.0,0.0,0.0,0.0,1.0,0.0,0.0,0.0,0.0,1.0,0.0,-657.030273,759.56488,-2969.03101,1.0]"
level.SCNE,arena_clutchtime_int_master@arena_clutchtime_int_shared_layout@GameObjects@balcony_lights@light_ceilinga_round_39:light_ceilinga_round_low,OBJECT,arena_clutchtime_int_master@arena_clutchtime_int_shared_layout@GameObjects@balcony_lights@light_ceilinga_round_85:light_ceilinga_round_low,,"[7.54979013e-08,-1.0,0.0,0.0,1.0,7.54979013e-08,0.0,0.0,0.0,0.0,1.0,0.0,929.281311,1868.73694,2396.93481,1.0]"
level.SCNE,arena_clutchtime_int_master@arena_clutchtime_int_shared_layout@GameObjects@balcony_chairs@chair_arenacrowd_seatbackcushion_143:chair_arenacrowd_seatbackcushion_low,OBJECT,arena_clutchtime_int_master@arena_clutchtime_int_shared_layout@GameObjects@balcony_chairs@chair_arenacrowd_seatbackcushion_85:chair_arenacrowd_seatbackcushion_low,,"[-1.0,-1.50995803e-07,0.0,0.0,-1.50995803e-07,1.0,-1.50995803e-07,0.0,2.27997332e-14,-1.50995803e-07,-1.0,0.0,643.087219,122.139587,2512.00195,1.0]"
level.SCNE,arena_clutchtime_int_master@arena_clutchtime_int_shared_layout@GameObjects@doors@doorframe_interiorhingeless_double:doorframe_interiorhingeless_double_low,OBJECT,arena_clutchtime_int_master@arena_clutchtime_int_shared_layout@GameObjects@doors@doorframe_interiorhingeless_double_0:doorframe_interiorhingeless_double_low,,"[1.0,0.0,0.0,0.0,0.0,1.0,0.0,0.0,0.0,0.0,1.0,0.0,-4646.14307,863.350037,-2184.72363,1.0]"
level.SCNE,arena_clutchtime_int_master@arena_clutchtime_int_shared_layout@GameObjects@balcony_lights@light_ceilinga_round_79:light_ceilinga_round_low,OBJECT,arena_clutchtime_int_master@arena_clutchtime_int_shared_layout@GameObjects@balcony_lights@light_ceilinga_round_85:light_ceilinga_round_low,,"[7.54979013e-08,-1.0,0.0,0.0,1.0,7.54979013e-08,0.0,0.0,0.0,0.0,1.0,0.0,-562.165344,1259.34619,-2470.06812,1.0]"
level.SCNE,arena_clutchtime_int_master@arena_clutchtime_int_shared_layout@GameObjects@Prototype_arena_curtains_prototype@Prototype_arena_curtains_prototype_0@curtain100x20_arena_straight500c_6:curtain100x20_arena_straight500c,OBJECT,arena_clutchtime_int_master@arena_clutchtime_int_shared_layout@GameObjects@Prototype_arena_curtains_prototype@Prototype_arena_curtains_prototype_0@curtain100x20_arena_straight500c_8:curtain100x20_arena_straight500c,,"[1.0,0.0,0.0,0.0,0.0,1.0,0.0,0.0,0.0,0.0,1.0,0.0,255.663574,150.346558,-2969.03101,1.0]"
level.SCNE,arena_clutchtime_int_master@arena_clutchtime_int_shared_layout@GameObjects@stands@clutchtime_stair_3step_3:clutchtime_stair_3step_low,OBJECT,arena_clutchtime_int_master@arena_clutchtime_int_shared_layout@GameObjects@stands@clutchtime_stair_3step_0:clutchtime_stair_3step_low,,"[7.54979013e-08,0.0,-1.0,0.0,0.0,1.0,0.0,0.0,1.0,0.0,7.54979013e-08,0.0,-3159.08716,503.349243,57.4980087,1.0]"
level.SCNE,arena_clutchtime_int_master@arena_clutchtime_int_shared_layout@GameObjects@balcony_chairs@chair_arenacrowd_seatbackcushion_31:chair_arenacrowd_seatbackcushion_low,OBJECT,arena_clutchtime_int_master@arena_clutchtime_int_shared_layout@GameObjects@balcony_chairs@chair_arenacrowd_seatbackcushion_85:chair_arenacrowd_seatbackcushion_low,,"[1.0,0.0,0.0,0.0,0.0,1.0,0.0,0.0,0.0,0.0,1.0,0.0,-103.135132,759.56488,-2650.51172,1.0]"
level.SCNE,arena_clutchtime_int_master@arena_clutchtime_int_shared_layout@GameObjects@Prototype_arena_curtains_prototype@Prototype_arena_curtains_prototype_0@curtain100x20_arena_straight500c_129:curtain100x20_arena_straight500c,OBJECT,arena_clutchtime_int_master@arena_clutchtime_int_shared_layout@GameObjects@Prototype_arena_curtains_prototype@Prototype_arena_curtains_prototype_0@curtain100x20_arena_straight500c_8:curtain100x20_arena_straight500c,,"[1.0,0.0,0.0,0.0,0.0,1.0,0.0,0.0,0.0,0.0,1.0,0.0,-337.347687,150.346558,-2869.0,1.0]"
level.SCNE,arena_clutchtime_int_master@arena_clutchtime_int_shared_layout@GameObjects@balcony_lights@light_ceilinga_round_49:light_ceilinga_round_low,OBJECT,arena_clutchtime_int_master@arena_clutchtime_int_shared_layout@GameObjects@balcony_lights@light_ceilinga_round_85:light_ceilinga_round_low,,"[7.54979013e-08,-1.0,0.0,0.0,1.0,7.54979013e-08,0.0,0.0,0.0,0.0,1.0,0.0,1037.53247,1259.34619,-2470.06812,1.0]"
level.SCNE,arena_clutchtime_int_master@arena_clutchtime_int_shared_layout@GameObjects@walls@clutchtime_wall_b:clutchtime_wall_b_low,OBJECT,arena_clutchtime_int_master@arena_clutchtime_int_shared_layout@GameObjects@walls@clutchtime_wall_b:clutchtime_wall_b_low,,"[1.94707184e-07,0.0,1.0,0.0,0.0,1.0,0.0,0.0,-1.0,0.0,1.94707184e-07,0.0,1502.36768,-5.63916623e-14,2489.29004,1.0]"
level.SCNE,arena_clutchtime_int_master@arena_clutchtime_int_shared_layout@GameObjects@balcony_chairs@chair_arenacrowd_seatbackcushion_1:chair_arenacrowd_seatbackcushion_low,OBJECT,arena_clutchtime_int_master@arena_clutchtime_int_shared_layout@GameObjects@balcony_chairs@chair_arenacrowd_seatbackcushion_85:chair_arenacrowd_seatbackcushion_low,,"[1.0,0.0,0.0,0.0,0.0,1.0,0.0,0.0,0.0,0.0,1.0,0.0,-54.1600075,122.139526,-2512.00171,1.0]"
level.SCNE,arena_clutchtime_int_master@arena_clutchtime_int_shared_layout@GameObjects@ceiling_panels@clutchtime_ceilingpanel_f_2:clutchtime_ceilingpanel_f_low,OBJECT,arena_clutchtime_int_master@arena_clutchtime_int_shared_layout@GameObjects@ceiling_panels@clutchtime_ceilingpanel_f:clutchtime_ceilingpanel_f_low,,"[7.54979013e-08,0.0,-1.0,0.0,0.0,1.0,0.0,0.0,1.0,0.0,7.54979013e-08,0.0,-1249.52368,2396.53125,0.000128744,1.0]"
level.SCNE,arena_clutchtime_int_master@arena_clutchtime_int_shared_layout@GameObjects@mural_lights@lighting_suspendedtrack_metalb_12:lighting_suspendedtrack_metalb_low,OBJECT,arena_clutchtime_int_master@arena_clutchtime_int_shared_layout@GameObjects@mural_lights@lighting_suspendedtrack_metalb_19:lighting_suspendedtrack_metalb_low,,"[3.13916473e-07,0.0,1.0,0.0,-1.74512877e-07,1.0,5.47824657e-14,0.0,-1.0,-1.74512877e-07,3.13916473e-07,0.0,2068.02319,1490.65344,-493.550049,1.0]"
level.SCNE,arena_clutchtime_int_master@arena_clutchtime_int_shared_layout@GameObjects@mural_lights@lighting_suspendedtrack_metalb_8:lighting_suspendedtrack_metalb_low,OBJECT,arena_clutchtime_int_master@arena_clutchtime_int_shared_layout@GameObjects@mural_lights@lighting_suspendedtrack_metalb_19:lighting_suspendedtrack_metalb_low,,"[3.13916473e-07,0.0,1.0,0.0,-1.74512877e-07,1.0,5.47824657e-14,0.0,-1.0,-1.74512877e-07,3.13916473e-07,0.0,1751.63794,1490.65344,1824.81738,1.0]"
level.SCNE,arena_clutchtime_int_master@arena_clutchtime_int_shared_layout@GameObjects@stands@clutchtime_stair_3step_11:clutchtime_stair_3step_low,OBJECT,arena_clutchtime_int_master@arena_clutchtime_int_shared_layout@GameObjects@stands@clutchtime_stair_3step_0:clutchtime_stair_3step_low,,"[-0.190809056,-2.88113657e-08,-0.981627166,0.0,-2.77421464e-09,1.0,-2.88113657e-08,0.0,0.981627166,-2.77421464e-09,-0.190809056,0.0,-3291.30981,623.342163,1373.39136,1.0]"
level.SCNE,arena_clutchtime_int_master@arena_clutchtime_int_shared_layout@GameObjects@balcony_lights@light_ceilinga_round_5:light_ceilinga_round_low,OBJECT,arena_clutchtime_int_master@arena_clutchtime_int_shared_layout@GameObjects@balcony_lights@light_ceilinga_round_85:light_ceilinga_round_low,,"[7.54979013e-08,-1.0,0.0,0.0,1.0,7.54979013e-08,0.0,0.0,0.0,0.0,1.0,0.0,0.313334852,1868.73694,2370.64673,1.0]"
level.SCNE,arena_clutchtime_int_master@arena_clutchtime_int_shared_layout@GameObjects@Prototype_arena_curtains_prototype@Prototype_arena_curtains_prototype_0@curtain100x20_arena_straight500c_21:curtain100x20_arena_straight500c,OBJECT,arena_clutchtime_int_master@arena_clutchtime_int_shared_layout@GameObjects@Prototype_arena_curtains_prototype@Prototype_arena_curtains_prototype_0@curtain100x20_arena_straight500c_8:curtain100x20_arena_straight500c,,"[1.0,0.0,0.0,0.0,0.0,1.0,0.0,0.0,0.0,0.0,1.0,0.0,-238.247192,759.56488,-2969.03101,1.0]"
level.SCNE,arena_clutchtime_int_master@arena_clutchtime_int_shared_layout@GameObjects@balcony_chairs@chair_arenacrowd_seatbackcushion_27:chair_arenacrowd_seatbackcushion_low,OBJECT,arena_clutchtime_int_master@arena_clutchtime_int_shared_layout@GameObjects@balcony_chairs@chair_arenacrowd_seatbackcushion_85:chair_arenacrowd_seatbackcushion_low,,"[1.0,0.0,0.0,0.0,0.0,1.0,0.0,0.0,0.0,0.0,1.0,0.0,-202.608932,759.56488,-2650.51196,1.0]"
level.SCNE,arena_clutchtime_int_master@arena_clutchtime_int_shared_layout@GameObjects@balcony_lights@light_ceilinga_round_35:light_ceilinga_round_low,OBJECT,arena_clutchtime_int_master@arena_clutchtime_int_shared_layout@GameObjects@balcony_lights@light_ceilinga_round_85:light_ceilinga_round_low,,"[7.54979013e-08,-1.0,0.0,0.0,1.0,7.54979013e-08,0.0,0.0,0.0,0.0,1.0,0.0,1037.53247,1259.34619,2470.06836,1.0]"
level.SCNE,arena_clutchtime_int_master@arena_clutchtime_int_shared_layout@GameObjects@Prototype_arena_curtains_prototype@Prototype_arena_curtains_prototype_0@curtain100x20_arena_straight500c_28:curtain100x20_arena_straight500c,OBJECT,arena_clutchtime_int_master@arena_clutchtime_int_shared_layout@GameObjects@Prototype_arena_curtains_prototype@Prototype_arena_curtains_prototype_0@curtain100x20_arena_straight500c_8:curtain100x20_arena_straight500c,,"[1.0,0.0,0.0,0.0,0.0,1.0,0.0,0.0,0.0,0.0,1.0,0.0,552.370361,759.56488,-2969.03101,1.0]"
level.SCNE,arena_clutchtime_int_master@arena_clutchtime_int_shared_layout@GameObjects@Prototype_arena_curtains_prototype@Prototype_arena_curtains_prototype_0@curtain100x20_arena_straight500c_32:curtain100x20_arena_straight500c,OBJECT,arena_clutchtime_int_master@arena_clutchtime_int_shared_layout@GameObjects@Prototype_arena_curtains_prototype@Prototype_arena_curtains_prototype_0@curtain100x20_arena_straight500c_8:curtain100x20_arena_straight500c,,"[1.0,0.0,0.0,0.0,0.0,1.0,0.0,0.0,0.0,0.0,1.0,0.0,750.118103,759.56488,-2969.03101,1.0]"
level.SCNE,arena_clutchtime_int_master@arena_clutchtime_int_shared_layout@GameObjects@mural_lights@lighting_suspendedtrack_metalb_28:lighting_suspendedtrack_metalb_low,OBJECT,arena_clutchtime_int_master@arena_clutchtime_int_shared_layout@GameObjects@mural_lights@lighting_suspendedtrack_metalb_19:lighting_suspendedtrack_metalb_low,,"[3.13916473e-07,0.0,1.0,0.0,-1.74512877e-07,1.0,5.47824657e-14,0.0,-1.0,-1.74512877e-07,3.13916473e-07,0.0,1783.69641,1002.4798,1675.01331,1.0]"
level.SCNE,arena_clutchtime_int_master@arena_clutchtime_int_shared_layout@GameObjects@balcony_lights@light_ceilinga_round_18:light_ceilinga_round_low,OBJECT,arena_clutchtime_int_master@arena_clutchtime_int_shared_layout@GameObjects@balcony_lights@light_ceilinga_round_85:light_ceilinga_round_low,,"[7.54979013e-08,-1.0,0.0,0.0,1.0,7.54979013e-08,0.0,0.0,0.0,0.0,1.0,0.0,-1036.3186,1259.34619,2470.06836,1.0]"
level.SCNE,arena_clutchtime_int_master@arena_clutchtime_int_shared_layout@GameObjects@stands@clutchtime_stands_tunnel:clutchtime_stands_tunnel_low,OBJECT,arena_clutchtime_int_master@arena_clutchtime_int_shared_layout@GameObjects@stands@clutchtime_stands_tunnel:clutchtime_stands_tunnel_low,,"[0.121869311,0.0,-0.992546022,0.0,0.0,1.0,0.0,0.0,0.992546022,0.0,0.121869311,0.0,-1861.73389,-2.29074073,-471.153931,1.0]"
level.SCNE,arena_clutchtime_int_master@arena_clutchtime_int_shared_layout@GameObjects@balcony@clutchtime_balcony_railing_14:clutchtime_balcony_railing_low,OBJECT,arena_clutchtime_int_master@arena_clutchtime_int_shared_layout@GameObjects@balcony@clutchtime_balcony_railing_12:clutchtime_balcony_railing_low,,"[-1.0,-1.50995803e-07,0.0,0.0,-1.50995803e-07,1.0,-1.50995803e-07,0.0,2.27997332e-14,-1.50995803e-07,-1.0,0.0,800.96521,180.013214,2321.06079,1.0]"
level.SCNE,arena_clutchtime_int_master@arena_clutchtime_int_shared_layout@GameObjects@balcony_chairs@chair_arenacrowd_seatbackcushion_122:chair_arenacrowd_seatbackcushion_low,OBJECT,arena_clutchtime_int_master@arena_clutchtime_int_shared_layout@GameObjects@balcony_chairs@chair_arenacrowd_seatbackcushion_85:chair_arenacrowd_seatbackcushion_low,,"[-1.0,-1.50995803e-07,0.0,0.0,-1.50995803e-07,1.0,-1.50995803e-07,0.0,2.27997332e-14,-1.50995803e-07,-1.0,0.0,797.973999,759.564941,2650.51196,1.0]"
level.SCNE,arena_clutchtime_int_master@arena_clutchtime_int_shared_layout@GameObjects@balcony_chairs@chair_arenacrowd_seatbackcushion_77:chair_arenacrowd_seatbackcushion_low,OBJECT,arena_clutchtime_int_master@arena_clutchtime_int_shared_layout@GameObjects@balcony_chairs@chair_arenacrowd_seatbackcushion_85:chair_arenacrowd_seatbackcushion_low,,"[1.0,0.0,0.0,0.0,0.0,1.0,0.0,0.0,0.0,0.0,1.0,0.0,-798.574036,1375.11304,-2650.51172,1.0]"
level.SCNE,arena_clutchtime_int_master@arena_clutchtime_int_shared_layout@GameObjects@ceiling_panelslights@clutchtime_ceilingpanellight_d_1:clutchtime_ceilingpanellight_d_low,OBJECT,arena_clutchtime_int_master@arena_clutchtime_int_shared_layout@GameObjects@ceiling_panelslights@clutchtime_ceilingpanellight_d_0:clutchtime_ceilingpanellight_d_low,,"[7.54979013e-08,0.0,-1.0,0.0,0.0,1.0,0.0,0.0,1.0,0.0,7.54979013e-08,0.0,-4519.03809,1457.26575,8.58306885e-05,1.0]"
level.SCNE,arena_clutchtime_int_master@arena_clutchtime_int_shared_layout@GameObjects@clutchtimecurtainstunnels1@Prototype_arena_curtains_prototype_1@curtain100x20_arena_straight400c_3:curtain100x20_arena_straight400c,OBJECT,arena_clutchtime_int_master@arena_clutchtime_int_shared_layout@GameObjects@clutchtimecurtainstunnels1@Prototype_arena_curtains_prototype_2@curtain100x20_arena_straight400c_9:curtain100x20_arena_straight400c,,"[-0.121869296,-1.8401753e-08,-0.992545903,0.0,-1.12549969e-09,1.0,-1.84017566e-08,0.0,0.992545903,-1.12549969e-09,-0.121869296,0.0,-2924.11426,-4.5917518e-06,729.361877,1.0]"
level.SCNE,arena_clutchtime_int_master@arena_clutchtime_int_shared_layout@GameObjects@balcony_chairs@chair_arenacrowd_seatbackcushion_24:chair_arenacrowd_seatbackcushion_low,OBJECT,arena_clutchtime_int_master@arena_clutchtime_int_shared_layout@GameObjects@balcony_chairs@chair_arenacrowd_seatbackcushion_85:chair_arenacrowd_seatbackcushion_low,,"[1.0,0.0,0.0,0.0,0.0,1.0,0.0,0.0,0.0,0.0,1.0,0.0,-693.077698,150.346558,-2650.51172,1.0]"
level.SCNE,arena_clutchtime_int_master@GameObjects@dorna@clutchtime_court_dorna_1:clutchtime_court_dorna_low,OBJECT,arena_clutchtime_int_master@GameObjects@dorna@clutchtime_court_dorna_7:clutchtime_court_dorna_low,,"[1.0,0.0,0.0,0.0,0.0,1.0,0.0,0.0,0.0,0.0,1.0,0.0,955.129883,0.0,-600.0,1.0]"
level.SCNE,arena_clutchtime_int_master@arena_clutchtime_int_shared_layout@GameObjects@scorecube@clutchtime_scorecube_screensupport:clutchtime_scorecube_screensupport_low,OBJECT,arena_clutchtime_int_master@arena_clutchtime_int_shared_layout@GameObjects@scorecube@clutchtime_scorecube_screensupport:clutchtime_scorecube_screensupport_low,,"[1.0,0.0,0.0,0.0,0.0,1.0,0.0,0.0,0.0,0.0,1.0,0.0,38.0567627,1457.96704,1033.66968,1.0]"
level.SCNE,arena_clutchtime_int_master@arena_clutchtime_int_shared_layout@GameObjects@ceiling_panelslights@clutchtime_ceilingpanellight_a_2:clutchtime_ceilingpanellight_a_low,OBJECT,arena_clutchtime_int_master@arena_clutchtime_int_shared_layout@GameObjects@ceiling_panelslights@clutchtime_ceilingpanellight_a_3:clutchtime_ceilingpanellight_a_low,,"[1.94707184e-07,0.0,-1.0,0.0,0.0,1.0,0.0,0.0,1.0,0.0,1.94707184e-07,0.0,-5082.11133,1457.26575,8.58306885e-05,1.0]"
level.SCNE,arena_clutchtime_int_master@arena_clutchtime_int_shared_layout@GameObjects@balcony_chairs@chair_arenacrowd_seatbackcushion_26:chair_arenacrowd_seatbackcushion_low,OBJECT,arena_clutchtime_int_master@arena_clutchtime_int_shared_layout@GameObjects@balcony_chairs@chair_arenacrowd_seatbackcushion_85:chair_arenacrowd_seatbackcushion_low,,"[1.0,0.0,0.0,0.0,0.0,1.0,0.0,0.0,0.0,0.0,1.0,0.0,-153.158875,731.357849,-2512.00171,1.0]"
level.SCNE,arena_clutchtime_int_master@GameObjects@dorna@clutchtime_court_dorna_16:clutchtime_court_dorna_low,OBJECT,arena_clutchtime_int_master@GameObjects@dorna@clutchtime_court_dorna_7:clutchtime_court_dorna_low,,"[-1.0,-1.50995803e-07,0.0,0.0,-1.50995803e-07,1.0,-1.50995803e-07,0.0,2.27997332e-14,-1.50995803e-07,-1.0,0.0,-955.129883,0.0,-600.0,1.0]"
level.SCNE,arena_clutchtime_int_master@arena_clutchtime_int_shared_layout@GameObjects@balcony_lights@light_ceilinga_round_11:light_ceilinga_round_low,OBJECT,arena_clutchtime_int_master@arena_clutchtime_int_shared_layout@GameObjects@balcony_lights@light_ceilinga_round_85:light_ceilinga_round_low,,"[7.54979013e-08,-1.0,0.0,0.0,1.0,7.54979013e-08,0.0,0.0,0.0,0.0,1.0,0.0,-129.113876,643.825256,2396.93481,1.0]"
level.SCNE,arena_clutchtime_int_master@arena_clutchtime_int_shared_layout@GameObjects@ceiling_panelslights@clutchtime_ceilingpanellight_d:clutchtime_ceilingpanellight_d_low,OBJECT,arena_clutchtime_int_master@arena_clutchtime_int_shared_layout@GameObjects@ceiling_panelslights@clutchtime_ceilingpanellight_d_0:clutchtime_ceilingpanellight_d_low,,"[7.54979013e-08,0.0,-1.0,0.0,0.0,1.0,0.0,0.0,1.0,0.0,7.54979013e-08,0.0,-2597.99902,1457.26575,8.58306885e-05,1.0]"
level.SCNE,arena_clutchtime_int_master@GameObjects@dorna@clutchtime_court_dornaend_2:clutchtime_court_dornaend_low,OBJECT,arena_clutchtime_int_master@GameObjects@dorna@clutchtime_court_dornaend_1:clutchtime_court_dornaend_low,,"[7.54979013e-08,0.0,-1.0,0.0,0.0,1.0,0.0,0.0,1.0,0.0,7.54979013e-08,0.0,147.310333,0.0,-1800.00012,1.0]"
level.SCNE,arena_clutchtime_int_master@arena_clutchtime_int_shared_layout@GameObjects@balcony_lights@light_ceilinga_round_82:light_ceilinga_round_low,OBJECT,arena_clutchtime_int_master@arena_clutchtime_int_shared_layout@GameObjects@balcony_lights@light_ceilinga_round_85:light_ceilinga_round_low,,"[7.54979013e-08,-1.0,0.0,0.0,1.0,7.54979013e-08,0.0,0.0,0.0,0.0,1.0,0.0,-1036.73828,1868.73694,-2470.06836,1.0]"
level.SCNE,arena_clutchtime_int_master@arena_clutchtime_int_shared_layout@GameObjects@Prototype_arena_curtains_prototype@Prototype_arena_curtains_prototype_0@curtain100x20_arena_straight500c_57:curtain100x20_arena_straight500c,OBJECT,arena_clutchtime_int_master@arena_clutchtime_int_shared_layout@GameObjects@Prototype_arena_curtains_prototype@Prototype_arena_curtains_prototype_0@curtain100x20_arena_straight500c_8:curtain100x20_arena_straight500c,,"[1.0,0.0,0.0,0.0,0.0,1.0,0.0,0.0,0.0,0.0,1.0,0.0,-953.878479,1375.11304,-2969.03101,1.0]"
level.SCNE,arena_clutchtime_int_master@arena_clutchtime_int_shared_layout@GameObjects@ceiling_panels@clutchtime_ceilingpanel_c_3:clutchtime_ceilingpanel_c_low,OBJECT,arena_clutchtime_int_master@arena_clutchtime_int_shared_layout@GameObjects@ceiling_panels@clutchtime_ceilingpanel_c_5:clutchtime_ceilingpanel_c_low,,"[7.54979013e-08,0.0,-1.0,0.0,0.0,1.0,0.0,0.0,1.0,0.0,7.54979013e-08,0.0,-2417.13306,1303.35718,0.000128744,1.0]"
level.SCNE,arena_clutchtime_int_master@arena_clutchtime_int_shared_layout@GameObjects@Prototype_arena_curtains_prototype@Prototype_arena@curtain100x20_arena_straight500c_184:curtain100x20_arena_straight500c,OBJECT,arena_clutchtime_int_master@arena_clutchtime_int_shared_layout@GameObjects@Prototype_arena_curtains_prototype@Prototype_arena_curtains_prototype_0@curtain100x20_arena_straight500c_8:curtain100x20_arena_straight500c,,"[-1.0,-8.74227766e-08,-1.50995803e-07,0.0,-8.74227624e-08,1.0,-8.74227766e-08,0.0,1.50995817e-07,-8.74227624e-08,-1.0,0.0,60.6869431,1375.11304,2869.0,1.0]"
level.SCNE,arena_clutchtime_int_master@arena_clutchtime_int_shared_layout@GameObjects@balcony_chairs@chair_arenacrowd_seatbackcushion_30:chair_arenacrowd_seatbackcushion_low,OBJECT,arena_clutchtime_int_master@arena_clutchtime_int_shared_layout@GameObjects@balcony_chairs@chair_arenacrowd_seatbackcushion_85:chair_arenacrowd_seatbackcushion_low,,"[1.0,0.0,0.0,0.0,0.0,1.0,0.0,0.0,0.0,0.0,1.0,0.0,51.3363609,731.357849,-2512.00171,1.0]"
level.SCNE,arena_clutchtime_int_master@arena_clutchtime_int_shared_layout@GameObjects@balcony_lights@light_ceilinga_round_75:light_ceilinga_round_low,OBJECT,arena_clutchtime_int_master@arena_clutchtime_int_shared_layout@GameObjects@balcony_lights@light_ceilinga_round_85:light_ceilinga_round_low,,"[7.54979013e-08,-1.0,0.0,0.0,1.0,7.54979013e-08,0.0,0.0,0.0,0.0,1.0,0.0,-799.7453,1259.34619,-2370.64673,1.0]"
level.SCNE,arena_clutchtime_int_master@arena_clutchtime_int_shared_layout@GameObjects@stands@clutchtime_stair_3step_2:clutchtime_stair_3step_low,OBJECT,arena_clutchtime_int_master@arena_clutchtime_int_shared_layout@GameObjects@stands@clutchtime_stair_3step_0:clutchtime_stair_3step_low,,"[7.54979013e-08,0.0,-1.0,0.0,0.0,1.0,0.0,0.0,1.0,0.0,7.54979013e-08,0.0,-2889.0874,383.349243,57.4980087,1.0]"
level.SCNE,arena_clutchtime_int_master@arena_clutchtime_int_shared_layout@GameObjects@Prototype_arena_curtains_prototype@Prototype_arena@curtain100x20_arena_straight500c_186:curtain100x20_arena_straight500c,OBJECT,arena_clutchtime_int_master@arena_clutchtime_int_shared_layout@GameObjects@Prototype_arena_curtains_prototype@Prototype_arena_curtains_prototype_0@curtain100x20_arena_straight500c_8:curtain100x20_arena_straight500c,,"[-1.0,-8.74227766e-08,-1.50995803e-07,0.0,-8.74227624e-08,1.0,-8.74227766e-08,0.0,1.50995817e-07,-8.74227624e-08,-1.0,0.0,653.556763,1375.11304,2869.0,1.0]"
level.SCNE,arena_clutchtime_int_master@arena_clutchtime_int_shared_layout@GameObjects@ceiling_panelslights@clutchtime_ceilingpanellight_a_6:clutchtime_ceilingpanellight_a_low,OBJECT,arena_clutchtime_int_master@arena_clutchtime_int_shared_layout@GameObjects@ceiling_panelslights@clutchtime_ceilingpanellight_a_3:clutchtime_ceilingpanellight_a_low,,"[3.13916473e-07,0.0,1.0,0.0,0.0,1.0,0.0,0.0,-1.0,0.0,3.13916473e-07,0.0,629.762207,2601.18628,8.58306885e-05,1.0]"
level.SCNE,arena_clutchtime_int_master@arena_clutchtime_int_shared_layout@GameObjects@Prototype_arena_curtains_prototype@Prototype_arena@curtain100x20_arena_straight500c_162:curtain100x20_arena_straight500c,OBJECT,arena_clutchtime_int_master@arena_clutchtime_int_shared_layout@GameObjects@Prototype_arena_curtains_prototype@Prototype_arena_curtains_prototype_0@curtain100x20_arena_straight500c_8:curtain100x20_arena_straight500c,,"[-1.0,-8.74227766e-08,-1.50995803e-07,0.0,-8.74227624e-08,1.0,-8.74227766e-08,0.0,1.50995817e-07,-8.74227624e-08,-1.0,0.0,-951.101685,1375.11304,2869.0,1.0]"
level.SCNE,arena_clutchtime_int_master@GameObjects@dorna@clutchtime_court_dorna_6:clutchtime_court_dorna_low,OBJECT,arena_clutchtime_int_master@GameObjects@dorna@clutchtime_court_dorna_7:clutchtime_court_dorna_low,,"[1.94707184e-07,0.0,1.0,0.0,0.0,1.0,0.0,0.0,-1.0,0.0,1.94707184e-07,0.0,-155.129883,0.0,1800.00012,1.0]"
level.SCNE,arena_clutchtime_int_master@arena_clutchtime_int_shared_layout@GameObjects@balcony_chairs@chair_arenacrowd_seatbackcushion_157:chair_arenacrowd_seatbackcushion_low,OBJECT,arena_clutchtime_int_master@arena_clutchtime_int_shared_layout@GameObjects@balcony_chairs@chair_arenacrowd_seatbackcushion_85:chair_arenacrowd_seatbackcushion_low,,"[-1.0,-1.50995803e-07,0.0,0.0,-1.50995803e-07,1.0,-1.50995803e-07,0.0,2.27997332e-14,-1.50995803e-07,-1.0,0.0,-906.722473,150.346619,2650.51196,1.0]"
level.SCNE,arena_clutchtime_int_master@arena_clutchtime_int_shared_layout@GameObjects@balcony_chairs@chair_arenacrowd_seatbackcushion_96:chair_arenacrowd_seatbackcushion_low,OBJECT,arena_clutchtime_int_master@arena_clutchtime_int_shared_layout@GameObjects@balcony_chairs@chair_arenacrowd_seatbackcushion_85:chair_arenacrowd_seatbackcushion_low,,"[-1.0,-8.74227766e-08,0.0,0.0,-8.74227766e-08,1.0,-8.74227766e-08,0.0,7.64274186e-15,-8.74227766e-08,-1.0,0.0,901.766724,1375.11304,2650.51196,1.0]"
level.SCNE,arena_clutchtime_int_master@arena_clutchtime_int_shared_layout@GameObjects@balcony@clutchtime_ceiling_balcony_1:clutchtime_ceiling_balcony_low,OBJECT,arena_clutchtime_int_master@arena_clutchtime_int_shared_layout@GameObjects@balcony@clutchtime_ceiling_balcony_5:clutchtime_ceiling_balcony_low,,"[1.0,0.0,0.0,0.0,0.0,1.0,0.0,0.0,0.0,0.0,1.0,0.0,281.960205,2074.1731,-2614.64746,1.0]"
level.SCNE,arena_clutchtime_int_master@arena_clutchtime_int_shared_layout@GameObjects@mural_lights@lighting_suspendedtrack_metalb_38:lighting_suspendedtrack_metalb_low,OBJECT,arena_clutchtime_int_master@arena_clutchtime_int_shared_layout@GameObjects@mural_lights@lighting_suspendedtrack_metalb_19:lighting_suspendedtrack_metalb_low,,"[3.13916473e-07,0.0,1.0,0.0,-1.74512877e-07,1.0,5.47824657e-14,0.0,-1.0,-1.74512877e-07,3.13916473e-07,0.0,1784.00305,1002.4798,-1666.42102,1.0]"
level.SCNE,arena_clutchtime_int_master@GameObjects@dorna@clutchtime_court_dorna:clutchtime_court_dorna_low,OBJECT,arena_clutchtime_int_master@GameObjects@dorna@clutchtime_court_dorna_7:clutchtime_court_dorna_low,,"[1.0,0.0,0.0,0.0,0.0,1.0,0.0,0.0,0.0,0.0,1.0,0.0,955.129883,0.0,-200.0,1.0]"
level.SCNE,arena_clutchtime_int_master@arena_clutchtime_int_shared_layout@GameObjects@Prototype_arena_curtains_prototype@Prototype_arena_curtains_prototype_0@curtain100x20_arena_straight500c_31:curtain100x20_arena_straight500c,OBJECT,arena_clutchtime_int_master@arena_clutchtime_int_shared_layout@GameObjects@Prototype_arena_curtains_prototype@Prototype_arena_curtains_prototype_0@curtain100x20_arena_straight500c_8:curtain100x20_arena_straight500c,,"[1.0,0.0,0.0,0.0,0.0,1.0,0.0,0.0,0.0,0.0,1.0,0.0,849.218567,759.56488,-2969.03101,1.0]"
level.SCNE,arena_clutchtime_int_master@arena_clutchtime_int_shared_layout@GameObjects@balcony_chairs@chair_arenacrowd_seatbackcushion_147:chair_arenacrowd_seatbackcushion_low,OBJECT,arena_clutchtime_int_master@arena_clutchtime_int_shared_layout@GameObjects@balcony_chairs@chair_arenacrowd_seatbackcushion_85:chair_arenacrowd_seatbackcushion_low,,"[-1.0,-1.50995803e-07,0.0,0.0,-1.50995803e-07,1.0,-1.50995803e-07,0.0,2.27997332e-14,-1.50995803e-07,-1.0,0.0,852.694519,122.139587,2512.00195,1.0]"
level.SCNE,arena_clutchtime_int_master@arena_clutchtime_int_shared_layout@GameObjects@balcony_chairs@chair_arenacrowd_seatbackcushion_48:chair_arenacrowd_seatbackcushion_low,OBJECT,arena_clutchtime_int_master@arena_clutchtime_int_shared_layout@GameObjects@balcony_chairs@chair_arenacrowd_seatbackcushion_85:chair_arenacrowd_seatbackcushion_low,,"[1.0,0.0,0.0,0.0,0.0,1.0,0.0,0.0,0.0,0.0,1.0,0.0,-747.811829,731.357849,-2512.00171,1.0]"
level.SCNE,arena_clutchtime_int_master@arena_clutchtime_int_shared_layout@GameObjects@mural_lights@lighting_suspendedtrack_metalb_23:lighting_suspendedtrack_metalb_low,OBJECT,arena_clutchtime_int_master@arena_clutchtime_int_shared_layout@GameObjects@mural_lights@lighting_suspendedtrack_metalb_19:lighting_suspendedtrack_metalb_low,,"[3.13916473e-07,0.0,1.0,0.0,-1.74512877e-07,1.0,5.47824657e-14,0.0,-1.0,-1.74512877e-07,3.13916473e-07,0.0,2031.00989,1002.4798,485.142181,1.0]"
level.SCNE,arena_clutchtime_int_master@arena_clutchtime_int_shared_layout@GameObjects@doors@sign_exit_generic_1:sign_exit_generic,OBJECT,arena_clutchtime_int_master@arena_clutchtime_int_shared_layout@GameObjects@doors@sign_exit_generic_3:sign_exit_generic,,"[1.0,0.0,0.0,0.0,0.0,1.0,0.0,0.0,0.0,0.0,1.0,0.0,-4644.2124,1173.34985,2179.77295,1.0]"
level.SCNE,arena_clutchtime_int_master@arena_clutchtime_int_shared_layout@GameObjects@balcony_lights@light_ceilinga_round_29:light_ceilinga_round_low,OBJECT,arena_clutchtime_int_master@arena_clutchtime_int_shared_layout@GameObjects@balcony_lights@light_ceilinga_round_85:light_ceilinga_round_low,,"[7.54979013e-08,-1.0,0.0,0.0,1.0,7.54979013e-08,0.0,0.0,0.0,0.0,1.0,0.0,-669.996887,643.825256,2396.93481,1.0]"
level.SCNE,arena_clutchtime_int_master@arena_clutchtime_int_shared_layout@GameObjects@Prototype_arena_curtains_prototype@Prototype_arena@curtain100x20_arena_straight500c_86:curtain100x20_arena_straight500c,OBJECT,arena_clutchtime_int_master@arena_clutchtime_int_shared_layout@GameObjects@Prototype_arena_curtains_prototype@Prototype_arena_curtains_prototype_0@curtain100x20_arena_straight500c_8:curtain100x20_arena_straight500c,,"[-1.0,0.0,-1.50995803e-07,0.0,0.0,1.0,0.0,0.0,1.50995803e-07,0.0,-1.0,0.0,258.19696,759.56488,2997.40527,1.0]"
level.SCNE,arena_clutchtime_int_master@arena_clutchtime_int_shared_layout@GameObjects@balcony_chairs@chair_arenacrowd_seatbackcushion_58:chair_arenacrowd_seatbackcushion_low,OBJECT,arena_clutchtime_int_master@arena_clutchtime_int_shared_layout@GameObjects@balcony_chairs@chair_arenacrowd_seatbackcushion_85:chair_arenacrowd_seatbackcushion_low,,"[1.0,0.0,0.0,0.0,0.0,1.0,0.0,0.0,0.0,0.0,1.0,0.0,-103.135132,1375.11304,-2650.51172,1.0]"
level.SCNE,arena_clutchtime_int_master@arena_clutchtime_int_shared_layout@GameObjects@Prototype_arena_curtains_prototype@Prototype_arena@curtain100x20_arena_straight500c_175:curtain100x20_arena_straight500c,OBJECT,arena_clutchtime_int_master@arena_clutchtime_int_shared_layout@GameObjects@Prototype_arena_curtains_prototype@Prototype_arena_curtains_prototype_0@curtain100x20_arena_straight500c_8:curtain100x20_arena_straight500c,,"[-1.0,-8.74227766e-08,-1.50995803e-07,0.0,-8.74227624e-08,1.0,-8.74227766e-08,0.0,1.50995817e-07,-8.74227624e-08,-1.0,0.0,-38.6512756,150.346558,2869.0,1.0]"
level.SCNE,arena_clutchtime_int_master@arena_clutchtime_int_shared_layout@GameObjects@Prototype_arena_curtains_prototype@Prototype_arena@curtain100x20_arena_straight500c_70:curtain100x20_arena_straight500c,OBJECT,arena_clutchtime_int_master@arena_clutchtime_int_shared_layout@GameObjects@Prototype_arena_curtains_prototype@Prototype_arena_curtains_prototype_0@curtain100x20_arena_straight500c_8:curtain100x20_arena_straight500c,,"[-1.0,0.0,-1.50995803e-07,0.0,0.0,1.0,0.0,0.0,1.50995803e-07,0.0,-1.0,0.0,653.556763,150.346558,2997.40527,1.0]"
level.SCNE,arena_clutchtime_int_master@arena_clutchtime_int_shared_layout@GameObjects@Prototype_arena_curtains_prototype@Prototype_arena@curtain100x20_arena_straight500c_115:curtain100x20_arena_straight500c,OBJECT,arena_clutchtime_int_master@arena_clutchtime_int_shared_layout@GameObjects@Prototype_arena_curtains_prototype@Prototype_arena_curtains_prototype_0@curtain100x20_arena_straight500c_8:curtain100x20_arena_straight500c,,"[-1.0,0.0,-1.50995803e-07,0.0,0.0,1.0,0.0,0.0,1.50995803e-07,0.0,-1.0,0.0,950.404968,1375.11304,2997.40527,1.0]"
level.SCNE,arena_clutchtime_int_master@arena_clutchtime_int_shared_layout@GameObjects@ceiling_panels@clutchtime_ceilingpanel_c_0:clutchtime_ceilingpanel_c_low,OBJECT,arena_clutchtime_int_master@arena_clutchtime_int_shared_layout@GameObjects@ceiling_panels@clutchtime_ceilingpanel_c_5:clutchtime_ceilingpanel_c_low,,"[7.54979013e-08,0.0,1.0,0.0,0.0,1.0,0.0,0.0,-1.0,0.0,7.54979013e-08,0.0,3447.52979,1322.90686,0.003852036,1.0]"
level.SCNE,arena_clutchtime_int_master@arena_clutchtime_int_shared_layout@GameObjects@balcony_chairs@chair_arenacrowd_seatbackcushion_148:chair_arenacrowd_seatbackcushion_low,OBJECT,arena_clutchtime_int_master@arena_clutchtime_int_shared_layout@GameObjects@balcony_chairs@chair_arenacrowd_seatbackcushion_85:chair_arenacrowd_seatbackcushion_low,,"[-1.0,-1.50995803e-07,0.0,0.0,-1.50995803e-07,1.0,-1.50995803e-07,0.0,2.27997332e-14,-1.50995803e-07,-1.0,0.0,692.532349,150.346619,2650.51196,1.0]"
level.SCNE,arena_clutchtime_int_master@arena_clutchtime_int_shared_layout@GameObjects@Prototype_arena_curtains_prototype@Prototype_arena_curtains_prototype_0@curtain100x20_arena_straight500c_11:curtain100x20_arena_straight500c,OBJECT,arena_clutchtime_int_master@arena_clutchtime_int_shared_layout@GameObjects@Prototype_arena_curtains_prototype@Prototype_arena_curtains_prototype_0@curtain100x20_arena_straight500c_8:curtain100x20_arena_straight500c,,"[1.0,0.0,0.0,0.0,0.0,1.0,0.0,0.0,0.0,0.0,1.0,0.0,750.118103,150.346558,-2969.03101,1.0]"
level.SCNE,arena_clutchtime_int_master@arena_clutchtime_int_shared_layout@GameObjects@balcony@clutchtime_ceiling_balcony_3:clutchtime_ceiling_balcony_low,OBJECT,arena_clutchtime_int_master@arena_clutchtime_int_shared_layout@GameObjects@balcony@clutchtime_ceiling_balcony_5:clutchtime_ceiling_balcony_low,,"[-1.0,-1.50995803e-07,0.0,0.0,-1.50995803e-07,1.0,-1.50995803e-07,0.0,2.27997332e-14,-1.50995803e-07,-1.0,0.0,1252.44409,2074.1731,2614.64746,1.0]"
level.SCNE,arena_clutchtime_int_master@arena_clutchtime_int_shared_layout@GameObjects@mural@clutchtime_mural_balcony:clutchtime_mural_balcony_low,OBJECT,arena_clutchtime_int_master@arena_clutchtime_int_shared_layout@GameObjects@mural@clutchtime_mural_balcony:clutchtime_mural_balcony_low,,"[7.54979013e-08,0.0,1.0,0.0,0.0,1.0,0.0,0.0,-1.0,0.0,7.54979013e-08,0.0,1885.14441,1055.88586,0.001990393,1.0]"
level.SCNE,arena_clutchtime_int_master@arena_clutchtime_int_shared_layout@GameObjects@ceiling_panelslights@clutchtime_ceilingpanellight_a_5:clutchtime_ceilingpanellight_a_low,OBJECT,arena_clutchtime_int_master@arena_clutchtime_int_shared_layout@GameObjects@ceiling_panelslights@clutchtime_ceilingpanellight_a_3:clutchtime_ceilingpanellight_a_low,,"[1.94707184e-07,0.0,-1.0,0.0,0.0,1.0,0.0,0.0,1.0,0.0,1.94707184e-07,0.0,-629.762207,2601.18628,8.39233398e-05,1.0]"
level.SCNE,arena_clutchtime_int_master@GameObjects@dorna@clutchtime_court_dorna_11:clutchtime_court_dorna_low,OBJECT,arena_clutchtime_int_master@GameObjects@dorna@clutchtime_court_dorna_7:clutchtime_court_dorna_low,,"[-1.0,-1.50995803e-07,0.0,0.0,-1.50995803e-07,1.0,-1.50995803e-07,0.0,2.27997332e-14,-1.50995803e-07,-1.0,0.0,-955.129883,0.0,1000.0,1.0]"
level.SCNE,arena_clutchtime_int_master@arena_clutchtime_int_shared_layout@GameObjects@balcony_lights@light_ceilinga_round_76:light_ceilinga_round_low,OBJECT,arena_clutchtime_int_master@arena_clutchtime_int_shared_layout@GameObjects@balcony_lights@light_ceilinga_round_85:light_ceilinga_round_low,,"[7.54979013e-08,-1.0,0.0,0.0,1.0,7.54979013e-08,0.0,0.0,0.0,0.0,1.0,0.0,-929.172546,1259.34619,-2396.93481,1.0]"
level.SCNE,arena_clutchtime_int_master@arena_clutchtime_int_shared_layout@GameObjects@clutchtimecurtainstunnels1@Prototype_arena_curtains_prototype_1@curtain100x20_arena_straight400c_2:curtain100x20_arena_straight400c,OBJECT,arena_clutchtime_int_master@arena_clutchtime_int_shared_layout@GameObjects@clutchtimecurtainstunnels1@Prototype_arena_curtains_prototype_2@curtain100x20_arena_straight400c_9:curtain100x20_arena_straight400c,,"[-0.121869303,-1.8401753e-08,-0.992545962,0.0,-1.12549969e-09,1.0,-1.84017566e-08,0.0,0.992545962,-1.12549969e-09,-0.121869303,0.0,-2912.23438,-2.79795495e-06,826.114929,1.0]"
level.SCNE,arena_clutchtime_int_master@arena_clutchtime_int_shared_layout@GameObjects@balcony@clutchtime_balcony_c_4:clutchtime_balcony_c_low,OBJECT,arena_clutchtime_int_master@arena_clutchtime_int_shared_layout@GameObjects@balcony@clutchtime_balcony_c_1:clutchtime_balcony_c_low,,"[-1.0,-1.50995803e-07,0.0,0.0,-1.50995803e-07,1.0,-1.50995803e-07,0.0,2.27997332e-14,-1.50995803e-07,-1.0,0.0,799.325806,38.9648972,2394.875,1.0]"
level.SCNE,arena_clutchtime_int_master@arena_clutchtime_int_shared_layout@GameObjects@balcony_chairs@chair_arenacrowd_seatbackcushion_47:chair_arenacrowd_seatbackcushion_low,OBJECT,arena_clutchtime_int_master@arena_clutchtime_int_shared_layout@GameObjects@balcony_chairs@chair_arenacrowd_seatbackcushion_85:chair_arenacrowd_seatbackcushion_low,,"[1.0,0.0,0.0,0.0,0.0,1.0,0.0,0.0,0.0,0.0,1.0,0.0,-643.419128,731.357849,-2512.00171,1.0]"
level.SCNE,arena_clutchtime_int_master@GameObjects@dorna@clutchtime_court_dorna_15:clutchtime_court_dorna_low,OBJECT,arena_clutchtime_int_master@GameObjects@dorna@clutchtime_court_dorna_7:clutchtime_court_dorna_low,,"[-1.0,-1.50995803e-07,0.0,0.0,-1.50995803e-07,1.0,-1.50995803e-07,0.0,2.27997332e-14,-1.50995803e-07,-1.0,0.0,-955.129883,0.0,-1000.0,1.0]"
level.SCNE,arena_clutchtime_int_master@arena_clutchtime_int_shared_layout@GameObjects@balcony_lights@light_ceilinga_round_14:light_ceilinga_round_low,OBJECT,arena_clutchtime_int_master@arena_clutchtime_int_shared_layout@GameObjects@balcony_lights@light_ceilinga_round_85:light_ceilinga_round_low,,"[7.54979013e-08,-1.0,0.0,0.0,1.0,7.54979013e-08,0.0,0.0,0.0,0.0,1.0,0.0,799.952515,1259.34619,-2370.64673,1.0]"
level.SCNE,arena_clutchtime_int_master@arena_clutchtime_int_shared_layout@GameObjects@mural_lights@lighting_suspendedtrack_metalb:lighting_suspendedtrack_metalb_low,OBJECT,arena_clutchtime_int_master@arena_clutchtime_int_shared_layout@GameObjects@mural_lights@lighting_suspendedtrack_metalb_19:lighting_suspendedtrack_metalb_low,,"[3.13916473e-07,0.0,1.0,0.0,-1.74512877e-07,1.0,5.47824657e-14,0.0,-1.0,-1.74512877e-07,3.13916473e-07,0.0,2114.81445,1490.65344,0.0,1.0]"
level.SCNE,arena_clutchtime_int_master@arena_clutchtime_int_shared_layout@GameObjects@Prototype_arena_curtains_prototype@Prototype_arena@curtain100x20_arena_straight500c_196:curtain100x20_arena_straight500c,OBJECT,arena_clutchtime_int_master@arena_clutchtime_int_shared_layout@GameObjects@Prototype_arena_curtains_prototype@Prototype_arena_curtains_prototype_0@curtain100x20_arena_straight500c_8:curtain100x20_arena_straight500c,,"[-1.0,-8.74227766e-08,-1.50995803e-07,0.0,-8.74227624e-08,1.0,-8.74227766e-08,0.0,1.50995817e-07,-8.74227624e-08,-1.0,0.0,851.304504,150.346558,2869.0,1.0]"
level.SCNE,arena_clutchtime_int_master@arena_clutchtime_int_shared_layout@GameObjects@balcony@clutchtime_balcony_column_6:clutchtime_balcony_column_low,OBJECT,arena_clutchtime_int_master@arena_clutchtime_int_shared_layout@GameObjects@balcony@clutchtime_balcony_column_5:clutchtime_balcony_column_low,,"[-1.0,-1.50995803e-07,0.0,0.0,-1.50995803e-07,1.0,-1.50995803e-07,0.0,2.27997332e-14,-1.50995803e-07,-1.0,0.0,-1185.63318,0.0,2778.37354,1.0]"
level.SCNE,arena_clutchtime_int_master@arena_clutchtime_int_shared_layout@GameObjects@Prototype_arena_curtains_prototype@Prototype_arena_curtains_prototype_0@curtain100x20_arena_straight500c_158:curtain100x20_arena_straight500c,OBJECT,arena_clutchtime_int_master@arena_clutchtime_int_shared_layout@GameObjects@Prototype_arena_curtains_prototype@Prototype_arena_curtains_prototype_0@curtain100x20_arena_straight500c_8:curtain100x20_arena_straight500c,,"[1.0,0.0,0.0,0.0,0.0,1.0,0.0,0.0,0.0,0.0,1.0,0.0,552.370361,1375.11304,-2869.0,1.0]"
level.SCNE,arena_clutchtime_int_master@arena_clutchtime_int_shared_layout@GameObjects@doors@sign_exit_generic_12:sign_exit_generic,OBJECT,arena_clutchtime_int_master@arena_clutchtime_int_shared_layout@GameObjects@doors@sign_exit_generic_3:sign_exit_generic,,"[1.0,0.0,0.0,0.0,0.0,1.0,0.0,0.0,0.0,0.0,1.0,0.0,2378.81616,1339.63025,-2259.02173,1.0]"
level.SCNE,arena_clutchtime_int_master@arena_clutchtime_int_shared_layout@GameObjects@balcony_chairs@chair_arenacrowd_seatbackcushion_124:chair_arenacrowd_seatbackcushion_low,OBJECT,arena_clutchtime_int_master@arena_clutchtime_int_shared_layout@GameObjects@balcony_chairs@chair_arenacrowd_seatbackcushion_85:chair_arenacrowd_seatbackcushion_low,,"[-1.0,-1.50995803e-07,0.0,0.0,-1.50995803e-07,1.0,-1.50995803e-07,0.0,2.27997332e-14,-1.50995803e-07,-1.0,0.0,1000.51154,759.564941,2650.51196,1.0]"
level.SCNE,arena_clutchtime_int_master@arena_clutchtime_int_shared_layout@GameObjects@balcony_chairs@chair_arenacrowd_seatbackcushion_20:chair_arenacrowd_seatbackcushion_low,OBJECT,arena_clutchtime_int_master@arena_clutchtime_int_shared_layout@GameObjects@balcony_chairs@chair_arenacrowd_seatbackcushion_85:chair_arenacrowd_seatbackcushion_low,,"[1.0,0.0,0.0,0.0,0.0,1.0,0.0,0.0,0.0,0.0,1.0,0.0,-643.419128,122.139526,-2512.00171,1.0]"
level.SCNE,arena_clutchtime_int_master@arena_clutchtime_int_shared_layout@GameObjects@Prototype_arena_curtains_prototype@Prototype_arena@curtain100x20_arena_straight500c_112:curtain100x20_arena_straight500c,OBJECT,arena_clutchtime_int_master@arena_clutchtime_int_shared_layout@GameObjects@Prototype_arena_curtains_prototype@Prototype_arena_curtains_prototype_0@curtain100x20_arena_straight500c_8:curtain100x20_arena_straight500c,,"[-1.0,0.0,-1.50995803e-07,0.0,0.0,1.0,0.0,0.0,1.50995803e-07,0.0,-1.0,0.0,653.556763,1375.11304,2997.40527,1.0]"
level.SCNE,arena_clutchtime_int_master@arena_clutchtime_int_shared_layout@GameObjects@balcony_chairs@chair_arenacrowd_seatbackcushion_25:chair_arenacrowd_seatbackcushion_low,OBJECT,arena_clutchtime_int_master@arena_clutchtime_int_shared_layout@GameObjects@balcony_chairs@chair_arenacrowd_seatbackcushion_85:chair_arenacrowd_seatbackcushion_low,,"[1.0,0.0,0.0,0.0,0.0,1.0,0.0,0.0,0.0,0.0,1.0,0.0,-593.235229,150.346558,-2650.51172,1.0]"
level.SCNE,arena_clutchtime_int_master@arena_clutchtime_int_shared_layout@GameObjects@mural_lights@lighting_suspendedtrack_metalb_35:lighting_suspendedtrack_metalb_low,OBJECT,arena_clutchtime_int_master@arena_clutchtime_int_shared_layout@GameObjects@mural_lights@lighting_suspendedtrack_metalb_19:lighting_suspendedtrack_metalb_low,,"[3.13916473e-07,0.0,1.0,0.0,-1.74512877e-07,1.0,5.47824657e-14,0.0,-1.0,-1.74512877e-07,3.13916473e-07,0.0,1917.57446,1002.4798,-1162.33362,1.0]"
level.SCNE,arena_clutchtime_int_master@arena_clutchtime_int_shared_layout@GameObjects@balcony@clutchtime_balcony_a_4:clutchtime_balcony_a_low,OBJECT,arena_clutchtime_int_master@arena_clutchtime_int_shared_layout@GameObjects@balcony@clutchtime_balcony_a:clutchtime_balcony_a_low,,"[-1.0,-1.50995803e-07,-1.50995803e-07,0.0,-1.50995774e-07,1.0,-1.50995803e-07,0.0,1.50995831e-07,-1.50995774e-07,-1.0,0.0,-19.155304,1869.26855,2361.57861,1.0]"
level.SCNE,arena_clutchtime_int_master@arena_clutchtime_int_shared_layout@GameObjects@Prototype_arena_curtains_prototype@Prototype_arena@curtain100x20_arena_straight500c_108:curtain100x20_arena_straight500c,OBJECT,arena_clutchtime_int_master@arena_clutchtime_int_shared_layout@GameObjects@Prototype_arena_curtains_prototype@Prototype_arena_curtains_prototype_0@curtain100x20_arena_straight500c_8:curtain100x20_arena_straight500c,,"[-1.0,0.0,-1.50995803e-07,0.0,0.0,1.0,0.0,0.0,1.50995803e-07,0.0,-1.0,0.0,159.787445,1375.11304,2997.40527,1.0]"
level.SCNE,arena_clutchtime_int_master@arena_clutchtime_int_shared_layout@GameObjects@balcony_chairs@chair_arenacrowd_seatbackcushion_86:chair_arenacrowd_seatbackcushion_low,OBJECT,arena_clutchtime_int_master@arena_clutchtime_int_shared_layout@GameObjects@balcony_chairs@chair_arenacrowd_seatbackcushion_85:chair_arenacrowd_seatbackcushion_low,,"[-1.0,-8.74227766e-08,0.0,0.0,-8.74227766e-08,1.0,-8.74227766e-08,0.0,7.64274186e-15,-8.74227766e-08,-1.0,0.0,-1.66597366,1375.11304,2650.51196,1.0]"
level.SCNE,arena_clutchtime_int_master@arena_clutchtime_int_shared_layout@GameObjects@clutchtimecurtainstunnels1@Prototype_arena_curtains_prototype_2@curtain100x20_arena_straight400c_7:curtain100x20_arena_straight400c,OBJECT,arena_clutchtime_int_master@arena_clutchtime_int_shared_layout@GameObjects@clutchtimecurtainstunnels1@Prototype_arena_curtains_prototype_2@curtain100x20_arena_straight400c_9:curtain100x20_arena_straight400c,,"[0.121869326,0.0,-0.992546141,0.0,0.0,1.0,0.0,0.0,0.992546141,0.0,0.121869326,0.0,-2992.9646,0.0,-415.764648,1.0]"
level.SCNE,arena_clutchtime_int_master@arena_clutchtime_int_shared_layout@GameObjects@ceiling_panelslights@clutchtime_ceilingpanellight_e_3:clutchtime_ceilingpanellight_e_low,OBJECT,arena_clutchtime_int_master@arena_clutchtime_int_shared_layout@GameObjects@ceiling_panelslights@clutchtime_ceilingpanellight_e_4:clutchtime_ceilingpanellight_e_low,,"[1.94707184e-07,0.0,1.0,0.0,0.0,1.0,0.0,0.0,-1.0,0.0,1.94707184e-07,0.0,3778.08569,1457.26575,-8.58306885e-05,1.0]"
level.SCNE,arena_clutchtime_int_master@arena_clutchtime_int_shared_layout@GameObjects@ceiling@clutchtime_ceiling_b:clutchtime_ceiling_b_low,OBJECT,arena_clutchtime_int_master@arena_clutchtime_int_shared_layout@GameObjects@ceiling@clutchtime_ceiling_b_0:clutchtime_ceiling_b_low,,"[7.54979013e-08,0.0,-1.0,0.0,0.0,1.0,0.0,0.0,1.0,0.0,7.54979013e-08,0.0,-1640.65894,2036.47974,2461.57422,1.0]"
level.SCNE,arena_clutchtime_int_master@arena_clutchtime_int_shared_layout@GameObjects@balcony_chairs@chair_arenacrowd_seatbackcushion_44:chair_arenacrowd_seatbackcushion_low,OBJECT,arena_clutchtime_int_master@arena_clutchtime_int_shared_layout@GameObjects@balcony_chairs@chair_arenacrowd_seatbackcushion_85:chair_arenacrowd_seatbackcushion_low,,"[1.0,0.0,0.0,0.0,0.0,1.0,0.0,0.0,0.0,0.0,1.0,0.0,-951.47522,731.357849,-2512.00171,1.0]"
level.SCNE,arena_clutchtime_int_master@arena_clutchtime_int_shared_layout@GameObjects@ceiling_panelslights@clutchtime_ceilingpanellight_e_1:clutchtime_ceilingpanellight_e_low,OBJECT,arena_clutchtime_int_master@arena_clutchtime_int_shared_layout@GameObjects@ceiling_panelslights@clutchtime_ceilingpanellight_e_4:clutchtime_ceilingpanellight_e_low,,"[7.54979013e-08,0.0,-1.0,0.0,0.0,1.0,0.0,0.0,1.0,0.0,7.54979013e-08,0.0,-4664.4873,1457.26575,8.58306885e-05,1.0]"
level.SCNE,arena_clutchtime_int_master@arena_clutchtime_int_shared_layout@GameObjects@stands@clutchtime_stands_tunnel_0:clutchtime_stands_tunnel_low,OBJECT,arena_clutchtime_int_master@arena_clutchtime_int_shared_layout@GameObjects@stands@clutchtime_stands_tunnel:clutchtime_stands_tunnel_low,,"[-0.121869303,-1.8401753e-08,-0.992545962,0.0,-1.12549969e-09,1.0,-1.84017566e-08,0.0,0.992545962,-1.12549969e-09,-0.121869303,0.0,-1817.52747,-2.29074073,831.1828,1.0]"
level.SCNE,arena_clutchtime_int_master@arena_clutchtime_int_shared_layout@GameObjects@Prototype_arena_curtains_prototype@Prototype_arena_curtains_prototype_0@curtain100x20_arena_straight500c_12:curtain100x20_arena_straight500c,OBJECT,arena_clutchtime_int_master@arena_clutchtime_int_shared_layout@GameObjects@Prototype_arena_curtains_prototype@Prototype_arena_curtains_prototype_0@curtain100x20_arena_straight500c_8:curtain100x20_arena_straight500c,,"[1.0,0.0,0.0,0.0,0.0,1.0,0.0,0.0,0.0,0.0,1.0,0.0,1046.28113,150.346558,-2969.03101,1.0]"
level.SCNE,arena_clutchtime_int_master@arena_clutchtime_int_shared_layout@GameObjects@mural_lights@lighting_suspendedtrack_metalb_34:lighting_suspendedtrack_metalb_low,OBJECT,arena_clutchtime_int_master@arena_clutchtime_int_shared_layout@GameObjects@mural_lights@lighting_suspendedtrack_metalb_19:lighting_suspendedtrack_metalb_low,,"[3.13916473e-07,0.0,1.0,0.0,-1.74512877e-07,1.0,5.47824657e-14,0.0,-1.0,-1.74512877e-07,3.13916473e-07,0.0,1973.99561,1002.4798,-928.874756,1.0]"
level.SCNE,arena_clutchtime_int_master@arena_clutchtime_int_shared_layout@GameObjects@Prototype_arena_curtains_prototype@Prototype_arena_curtains_prototype_0@curtain100x20_arena_straight500c_29:curtain100x20_arena_straight500c,OBJECT,arena_clutchtime_int_master@arena_clutchtime_int_shared_layout@GameObjects@Prototype_arena_curtains_prototype@Prototype_arena_curtains_prototype_0@curtain100x20_arena_straight500c_8:curtain100x20_arena_straight500c,,"[1.0,0.0,0.0,0.0,0.0,1.0,0.0,0.0,0.0,0.0,1.0,0.0,650.779907,759.56488,-2969.03101,1.0]"
level.SCNE,arena_clutchtime_int_master@arena_clutchtime_int_shared_layout@GameObjects@mural_lights@lighting_suspendedtrack_metalb_18:lighting_suspendedtrack_metalb_low,OBJECT,arena_clutchtime_int_master@arena_clutchtime_int_shared_layout@GameObjects@mural_lights@lighting_suspendedtrack_metalb_19:lighting_suspendedtrack_metalb_low,,"[3.13916473e-07,0.0,1.0,0.0,-1.74512877e-07,1.0,5.47824657e-14,0.0,-1.0,-1.74512877e-07,3.13916473e-07,0.0,1751.63794,1490.65344,-1778.25415,1.0]"
level.SCNE,arena_clutchtime_int_master@arena_clutchtime_int_shared_layout@GameObjects@ceiling_panels@clutchtime_ceilingpanel_e_2:clutchtime_ceilingpanel_e_low,OBJECT,arena_clutchtime_int_master@arena_clutchtime_int_shared_layout@GameObjects@ceiling_panels@clutchtime_ceilingpanel_e:clutchtime_ceilingpanel_e_low,,"[7.54979013e-08,0.0,-1.0,0.0,0.0,1.0,0.0,0.0,1.0,0.0,7.54979013e-08,0.0,-1086.11426,2396.53125,0.000128744,1.0]"
level.SCNE,arena_clutchtime_int_master@arena_clutchtime_int_shared_layout@GameObjects@balcony_chairs@chair_arenacrowd_seatbackcushion_150:chair_arenacrowd_seatbackcushion_low,OBJECT,arena_clutchtime_int_master@arena_clutchtime_int_shared_layout@GameObjects@balcony_chairs@chair_arenacrowd_seatbackcushion_85:chair_arenacrowd_seatbackcushion_low,,"[-1.0,-1.50995803e-07,0.0,0.0,-1.50995803e-07,1.0,-1.50995803e-07,0.0,2.27997332e-14,-1.50995803e-07,-1.0,0.0,901.766296,150.346619,2650.51196,1.0]"
level.SCNE,arena_clutchtime_int_master@arena_clutchtime_int_shared_layout@GameObjects@balcony_chairs@chair_arenacrowd_seatbackcushion_65:chair_arenacrowd_seatbackcushion_low,OBJECT,arena_clutchtime_int_master@arena_clutchtime_int_shared_layout@GameObjects@balcony_chairs@chair_arenacrowd_seatbackcushion_85:chair_arenacrowd_seatbackcushion_low,,"[1.0,0.0,0.0,0.0,0.0,1.0,0.0,0.0,0.0,0.0,1.0,0.0,955.854553,1346.90601,-2512.00171,1.0]"
level.SCNE,arena_clutchtime_int_master@arena_clutchtime_int_shared_layout@GameObjects@ceiling_panelslights@clutchtime_ceilingpanellight_a_0:clutchtime_ceilingpanellight_a_low,OBJECT,arena_clutchtime_int_master@arena_clutchtime_int_shared_layout@GameObjects@ceiling_panelslights@clutchtime_ceilingpanellight_a_3:clutchtime_ceilingpanellight_a_low,,"[1.94707184e-07,0.0,-1.0,0.0,0.0,1.0,0.0,0.0,1.0,0.0,1.94707184e-07,0.0,-3253.9458,1457.26575,8.58306885e-05,1.0]"
level.SCNE,arena_clutchtime_int_master@arena_clutchtime_int_shared_layout@GameObjects@balcony_chairs@chair_arenacrowd_seatbackcushion_99:chair_arenacrowd_seatbackcushion_low,OBJECT,arena_clutchtime_int_master@arena_clutchtime_int_shared_layout@GameObjects@balcony_chairs@chair_arenacrowd_seatbackcushion_85:chair_arenacrowd_seatbackcushion_low,,"[-1.0,-8.74227766e-08,0.0,0.0,-8.74227766e-08,1.0,-8.74227766e-08,0.0,7.64274186e-15,-8.74227766e-08,-1.0,0.0,-1006.66693,1375.11304,2650.51196,1.0]"
level.SCNE,arena_clutchtime_int_master@arena_clutchtime_int_shared_layout@GameObjects@Prototype_arena_curtains_prototype@Prototype_arena@curtain100x20_arena_straight500c_191:curtain100x20_arena_straight500c,OBJECT,arena_clutchtime_int_master@arena_clutchtime_int_shared_layout@GameObjects@Prototype_arena_curtains_prototype@Prototype_arena_curtains_prototype_0@curtain100x20_arena_straight500c_8:curtain100x20_arena_straight500c,,"[-1.0,-8.74227766e-08,-1.50995803e-07,0.0,-8.74227624e-08,1.0,-8.74227766e-08,0.0,1.50995817e-07,-8.74227624e-08,-1.0,0.0,751.966309,759.56488,2869.0,1.0]"
level.SCNE,arena_clutchtime_int_master@GameObjects@dorna@clutchtime_court_dornaend_0:clutchtime_court_dornaend_low,OBJECT,arena_clutchtime_int_master@GameObjects@dorna@clutchtime_court_dornaend_1:clutchtime_court_dornaend_low,,"[7.54979013e-08,0.0,1.0,0.0,-1.74845553e-07,1.0,1.32004723e-14,0.0,-1.0,-1.74845553e-07,7.54979013e-08,0.0,-147.322311,0.0,1800.0,1.0]"
level.SCNE,arena_clutchtime_int_master@arena_clutchtime_int_shared_layout@GameObjects@balcony_chairs@chair_arenacrowd_seatbackcushion_35:chair_arenacrowd_seatbackcushion_low,OBJECT,arena_clutchtime_int_master@arena_clutchtime_int_shared_layout@GameObjects@balcony_chairs@chair_arenacrowd_seatbackcushion_85:chair_arenacrowd_seatbackcushion_low,,"[1.0,0.0,0.0,0.0,0.0,1.0,0.0,0.0,0.0,0.0,1.0,0.0,647.379272,731.357849,-2512.00171,1.0]"
level.SCNE,arena_clutchtime_int_master@arena_clutchtime_int_shared_layout@GameObjects@Prototype_arena_curtains_prototype@Prototype_arena@curtain100x20_arena_straight500c_116:curtain100x20_arena_straight500c,OBJECT,arena_clutchtime_int_master@arena_clutchtime_int_shared_layout@GameObjects@Prototype_arena_curtains_prototype@Prototype_arena_curtains_prototype_0@curtain100x20_arena_straight500c_8:curtain100x20_arena_straight500c,,"[-1.0,0.0,-1.50995803e-07,0.0,0.0,1.0,0.0,0.0,1.50995803e-07,0.0,-1.0,0.0,851.304504,1375.11304,2997.40527,1.0]"
level.SCNE,arena_clutchtime_int_master@arena_clutchtime_int_shared_layout@GameObjects@Prototype_arena_curtains_prototype@Prototype_arena@curtain100x20_arena_straight500c_77:curtain100x20_arena_straight500c,OBJECT,arena_clutchtime_int_master@arena_clutchtime_int_shared_layout@GameObjects@Prototype_arena_curtains_prototype@Prototype_arena_curtains_prototype_0@curtain100x20_arena_straight500c_8:curtain100x20_arena_straight500c,,"[-1.0,0.0,-1.50995803e-07,0.0,0.0,1.0,0.0,0.0,1.50995803e-07,0.0,-1.0,0.0,-951.101685,150.346558,2997.40527,1.0]"
level.SCNE,arena_clutchtime_int_master@arena_clutchtime_int_shared_layout@GameObjects@balcony@clutchtime_balcony_railing_8:clutchtime_balcony_railing_low,OBJECT,arena_clutchtime_int_master@arena_clutchtime_int_shared_layout@GameObjects@balcony@clutchtime_balcony_railing_12:clutchtime_balcony_railing_low,,"[-1.0,-1.50995803e-07,0.0,0.0,-1.50995803e-07,1.0,-1.50995803e-07,0.0,2.27997332e-14,-1.50995803e-07,-1.0,0.0,-798.312988,180.013214,2321.06079,1.0]"
level.SCNE,arena_clutchtime_int_master@arena_clutchtime_int_shared_layout@GameObjects@balcony_chairs@chair_arenacrowd_seatbackcushion_95:chair_arenacrowd_seatbackcushion_low,OBJECT,arena_clutchtime_int_master@arena_clutchtime_int_shared_layout@GameObjects@balcony_chairs@chair_arenacrowd_seatbackcushion_85:chair_arenacrowd_seatbackcushion_low,,"[-1.0,-8.74227766e-08,0.0,0.0,-8.74227766e-08,1.0,-8.74227766e-08,0.0,7.64274186e-15,-8.74227766e-08,-1.0,0.0,797.986755,1375.11304,2650.51196,1.0]"
level.SCNE,arena_clutchtime_int_master@arena_clutchtime_int_shared_layout@GameObjects@balcony@clutchtime_ceiling_balcony_6:clutchtime_ceiling_balcony_low,OBJECT,arena_clutchtime_int_master@arena_clutchtime_int_shared_layout@GameObjects@balcony@clutchtime_ceiling_balcony_5:clutchtime_ceiling_balcony_low,,"[-1.0,-1.50995803e-07,0.0,0.0,-1.50995803e-07,1.0,-1.50995803e-07,0.0,2.27997332e-14,-1.50995803e-07,-1.0,0.0,-1031.73523,2074.1731,2614.64746,1.0]"
level.SCNE,arena_clutchtime_int_master@arena_clutchtime_int_shared_layout@GameObjects@Prototype_arena_curtains_prototype@Prototype_arena@curtain100x20_arena_straight500c_176:curtain100x20_arena_straight500c,OBJECT,arena_clutchtime_int_master@arena_clutchtime_int_shared_layout@GameObjects@Prototype_arena_curtains_prototype@Prototype_arena_curtains_prototype_0@curtain100x20_arena_straight500c_8:curtain100x20_arena_straight500c,,"[-1.0,-8.74227766e-08,-1.50995803e-07,0.0,-8.74227624e-08,1.0,-8.74227766e-08,0.0,1.50995817e-07,-8.74227624e-08,-1.0,0.0,60.6869431,150.346558,2869.0,1.0]"
level.SCNE,arena_clutchtime_int_master@GameObjects@apron@clutchtime_floor_apron:clutchtime_floor_apron_low,OBJECT,arena_clutchtime_int_master@GameObjects@apron@clutchtime_floor_apron:clutchtime_floor_apron_low,,"[1.0,0.0,0.0,0.0,0.0,1.0,0.0,0.0,0.0,0.0,1.0,0.0,0.0,0.0,0.0,1.0]"
level.SCNE,arena_clutchtime_int_master@arena_clutchtime_int_shared_layout@GameObjects@balcony@clutchtime_ceiling_balcony_4:clutchtime_ceiling_balcony_low,OBJECT,arena_clutchtime_int_master@arena_clutchtime_int_shared_layout@GameObjects@balcony@clutchtime_ceiling_balcony_5:clutchtime_ceiling_balcony_low,,"[-1.0,-1.50995803e-07,0.0,0.0,-1.50995803e-07,1.0,-1.50995803e-07,0.0,2.27997332e-14,-1.50995803e-07,-1.0,0.0,519.97467,2074.1731,2614.64746,1.0]"
level.SCNE,arena_clutchtime_int_master@arena_clutchtime_int_shared_layout@GameObjects@balcony_chairs@chair_arenacrowd_seatbackcushion_82:chair_arenacrowd_seatbackcushion_low,OBJECT,arena_clutchtime_int_master@arena_clutchtime_int_shared_layout@GameObjects@balcony_chairs@chair_arenacrowd_seatbackcushion_85:chair_arenacrowd_seatbackcushion_low,,"[-1.0,-8.74227766e-08,0.0,0.0,-8.74227766e-08,1.0,-8.74227766e-08,0.0,7.64274186e-15,-8.74227766e-08,-1.0,0.0,-52.6408806,1346.90601,2512.00195,1.0]"
level.SCNE,arena_clutchtime_int_master@arena_clutchtime_int_shared_layout@GameObjects@mural_lights@light_stage_spotlight_0:light_stage_spotlight_low,OBJECT,arena_clutchtime_int_master@arena_clutchtime_int_shared_layout@GameObjects@mural_lights@light_stage_spotlight_1:light_stage_spotlight_low,,"[0.34202081,0.0,-0.939692378,0.0,0.0,1.0,0.0,0.0,0.939692378,0.0,0.34202081,0.0,1696.4657,48.7001648,1758.31592,1.0]"
level.SCNE,arena_clutchtime_int_master@arena_clutchtime_int_shared_layout@GameObjects@balcony_lights@light_ceilinga_round_4:light_ceilinga_round_low,OBJECT,arena_clutchtime_int_master@arena_clutchtime_int_shared_layout@GameObjects@balcony_lights@light_ceilinga_round_85:light_ceilinga_round_low,,"[7.54979013e-08,-1.0,0.0,0.0,1.0,7.54979013e-08,0.0,0.0,0.0,0.0,1.0,0.0,237.893341,1259.34619,2470.06836,1.0]"
level.SCNE,arena_clutchtime_int_master@arena_clutchtime_int_shared_layout@GameObjects@Prototype_arena_curtains_prototype@Prototype_arena@curtain100x20_arena_straight500c_90:curtain100x20_arena_straight500c,OBJECT,arena_clutchtime_int_master@arena_clutchtime_int_shared_layout@GameObjects@Prototype_arena_curtains_prototype@Prototype_arena_curtains_prototype_0@curtain100x20_arena_straight500c_8:curtain100x20_arena_straight500c,,"[-1.0,0.0,-1.50995803e-07,0.0,0.0,1.0,0.0,0.0,1.50995803e-07,0.0,-1.0,0.0,554.456299,759.56488,2997.40527,1.0]"
level.SCNE,arena_clutchtime_int_master@arena_clutchtime_int_shared_layout@GameObjects@balcony_chairs@chair_arenacrowd_seatbackcushion_42:chair_arenacrowd_seatbackcushion_low,OBJECT,arena_clutchtime_int_master@arena_clutchtime_int_shared_layout@GameObjects@balcony_chairs@chair_arenacrowd_seatbackcushion_85:chair_arenacrowd_seatbackcushion_low,,"[1.0,0.0,0.0,0.0,0.0,1.0,0.0,0.0,0.0,0.0,1.0,0.0,906.216187,759.56488,-2650.51172,1.0]"
level.SCNE,arena_clutchtime_int_master@arena_clutchtime_int_shared_layout@GameObjects@Prototype_arena_curtains_prototype@Prototype_arena_curtains_prototype_0@curtain100x20_arena_straight500c_48:curtain100x20_arena_straight500c,OBJECT,arena_clutchtime_int_master@arena_clutchtime_int_shared_layout@GameObjects@Prototype_arena_curtains_prototype@Prototype_arena_curtains_prototype_0@curtain100x20_arena_straight500c_8:curtain100x20_arena_straight500c,,"[1.0,0.0,0.0,0.0,0.0,1.0,0.0,0.0,0.0,0.0,1.0,0.0,453.269867,1375.11304,-2969.03101,1.0]"
level.SCNE,arena_clutchtime_int_master@arena_clutchtime_int_shared_layout@GameObjects@Prototype_arena_curtains_prototype@Prototype_arena_curtains_prototype_0@curtain100x20_arena_straight500c_132:curtain100x20_arena_straight500c,OBJECT,arena_clutchtime_int_master@arena_clutchtime_int_shared_layout@GameObjects@Prototype_arena_curtains_prototype@Prototype_arena_curtains_prototype_0@curtain100x20_arena_straight500c_8:curtain100x20_arena_straight500c,,"[1.0,0.0,0.0,0.0,0.0,1.0,0.0,0.0,0.0,0.0,1.0,0.0,-40.4994583,150.346558,-2869.0,1.0]"
level.SCNE,arena_clutchtime_int_master@arena_clutchtime_int_shared_layout@GameObjects@balcony_chairs@chair_arenacrowd_seatbackcushion_4:chair_arenacrowd_seatbackcushion_low,OBJECT,arena_clutchtime_int_master@arena_clutchtime_int_shared_layout@GameObjects@balcony_chairs@chair_arenacrowd_seatbackcushion_85:chair_arenacrowd_seatbackcushion_low,,"[1.0,0.0,0.0,0.0,0.0,1.0,0.0,0.0,0.0,0.0,1.0,0.0,-103.135132,150.346558,-2650.51172,1.0]"
level.SCNE,arena_clutchtime_int_master@arena_clutchtime_int_shared_layout@GameObjects@Prototype_arena_curtains_prototype@Prototype_arena_curtains_prototype_0@curtain100x20_arena_straight500c_140:curtain100x20_arena_straight500c,OBJECT,arena_clutchtime_int_master@arena_clutchtime_int_shared_layout@GameObjects@Prototype_arena_curtains_prototype@Prototype_arena_curtains_prototype_0@curtain100x20_arena_straight500c_8:curtain100x20_arena_straight500c,,"[1.0,0.0,0.0,0.0,0.0,1.0,0.0,0.0,0.0,0.0,1.0,0.0,453.269867,759.56488,-2869.0,1.0]"
level.SCNE,arena_clutchtime_int_master@arena_clutchtime_int_shared_layout@GameObjects@balcony_chairs@chair_arenacrowd_seatbackcushion_113:chair_arenacrowd_seatbackcushion_low,OBJECT,arena_clutchtime_int_master@arena_clutchtime_int_shared_layout@GameObjects@balcony_chairs@chair_arenacrowd_seatbackcushion_85:chair_arenacrowd_seatbackcushion_low,,"[-1.0,-1.50995803e-07,0.0,0.0,-1.50995803e-07,1.0,-1.50995803e-07,0.0,2.27997332e-14,-1.50995803e-07,-1.0,0.0,-1.48078179,759.564941,2650.51196,1.0]"
level.SCNE,arena_clutchtime_int_master@arena_clutchtime_int_shared_layout@GameObjects@balcony_lights@light_ceilinga_round_42:light_ceilinga_round_low,OBJECT,arena_clutchtime_int_master@arena_clutchtime_int_shared_layout@GameObjects@balcony_lights@light_ceilinga_round_85:light_ceilinga_round_low,,"[7.54979013e-08,-1.0,0.0,0.0,1.0,7.54979013e-08,0.0,0.0,0.0,0.0,1.0,0.0,670.525269,643.825256,2396.93481,1.0]"
level.SCNE,arena_clutchtime_int_master@arena_clutchtime_int_shared_layout@GameObjects@balcony_lights@light_ceilinga_round_56:light_ceilinga_round_low,OBJECT,arena_clutchtime_int_master@arena_clutchtime_int_shared_layout@GameObjects@balcony_lights@light_ceilinga_round_85:light_ceilinga_round_low,,"[7.54979013e-08,-1.0,0.0,0.0,1.0,7.54979013e-08,0.0,0.0,0.0,0.0,1.0,0.0,670.525269,643.825256,-2396.93481,1.0]"
level.SCNE,arena_clutchtime_int_master@arena_clutchtime_int_shared_layout@GameObjects@balcony_chairs@chair_arenacrowd_seatbackcushion_59:chair_arenacrowd_seatbackcushion_low,OBJECT,arena_clutchtime_int_master@arena_clutchtime_int_shared_layout@GameObjects@balcony_chairs@chair_arenacrowd_seatbackcushion_85:chair_arenacrowd_seatbackcushion_low,,"[1.0,0.0,0.0,0.0,0.0,1.0,0.0,0.0,0.0,0.0,1.0,0.0,0.5741539,1375.11304,-2650.51172,1.0]"
level.SCNE,arena_clutchtime_int_master@arena_clutchtime_int_shared_layout@GameObjects@ceiling_panels@clutchtime_ceilingpanel_a_4:clutchtime_ceilingpanel_a_low,OBJECT,arena_clutchtime_int_master@arena_clutchtime_int_shared_layout@GameObjects@ceiling_panels@clutchtime_ceilingpanel_a_0:clutchtime_ceilingpanel_a_low,,"[7.54979013e-08,0.0,-1.0,0.0,0.0,1.0,0.0,0.0,1.0,0.0,7.54979013e-08,0.0,-3207.65283,1303.35718,0.000128744,1.0]"
level.SCNE,arena_clutchtime_int_master@arena_clutchtime_int_shared_layout@GameObjects@balcony_chairs@chair_arenacrowd_seatbackcushion_57:chair_arenacrowd_seatbackcushion_low,OBJECT,arena_clutchtime_int_master@arena_clutchtime_int_shared_layout@GameObjects@balcony_chairs@chair_arenacrowd_seatbackcushion_85:chair_arenacrowd_seatbackcushion_low,,"[1.0,0.0,0.0,0.0,0.0,1.0,0.0,0.0,0.0,0.0,1.0,0.0,51.3363609,1346.90601,-2512.00171,1.0]"
level.SCNE,arena_clutchtime_int_master@arena_clutchtime_int_shared_layout@GameObjects@Prototype_arena_curtains_prototype@Prototype_arena_curtains_prototype_0@curtain100x20_arena_straight500c_0:curtain100x20_arena_straight500c,OBJECT,arena_clutchtime_int_master@arena_clutchtime_int_shared_layout@GameObjects@Prototype_arena_curtains_prototype@Prototype_arena_curtains_prototype_0@curtain100x20_arena_straight500c_8:curtain100x20_arena_straight500c,,"[1.0,0.0,0.0,0.0,0.0,1.0,0.0,0.0,0.0,0.0,1.0,0.0,-238.247192,150.346558,-2969.03101,1.0]"
level.SCNE,arena_clutchtime_int_master@arena_clutchtime_int_shared_layout@GameObjects@Prototype_arena_curtains_prototype@Prototype_arena_curtains_prototype_0@curtain100x20_arena_straight500c_128:curtain100x20_arena_straight500c,OBJECT,arena_clutchtime_int_master@arena_clutchtime_int_shared_layout@GameObjects@Prototype_arena_curtains_prototype@Prototype_arena_curtains_prototype_0@curtain100x20_arena_straight500c_8:curtain100x20_arena_straight500c,,"[1.0,0.0,0.0,0.0,0.0,1.0,0.0,0.0,0.0,0.0,1.0,0.0,-1151.38843,150.346558,-2869.0,1.0]"
level.SCNE,arena_clutchtime_int_master@arena_clutchtime_int_shared_layout@GameObjects@balcony_chairs@chair_arenacrowd_seatbackcushion_133:chair_arenacrowd_seatbackcushion_low,OBJECT,arena_clutchtime_int_master@arena_clutchtime_int_shared_layout@GameObjects@balcony_chairs@chair_arenacrowd_seatbackcushion_85:chair_arenacrowd_seatbackcushion_low,,"[-1.0,-1.50995803e-07,0.0,0.0,-1.50995803e-07,1.0,-1.50995803e-07,0.0,2.27997332e-14,-1.50995803e-07,-1.0,0.0,-598.675293,759.564941,2650.51196,1.0]"
level.SCNE,arena_clutchtime_int_master@arena_clutchtime_int_shared_layout@GameObjects@balcony_lights@light_ceilinga_round_83:light_ceilinga_round_low,OBJECT,arena_clutchtime_int_master@arena_clutchtime_int_shared_layout@GameObjects@balcony_lights@light_ceilinga_round_85:light_ceilinga_round_low,,"[7.54979013e-08,-1.0,0.0,0.0,1.0,7.54979013e-08,0.0,0.0,0.0,0.0,1.0,0.0,-670.416504,1868.73694,-2396.93481,1.0]"
level.SCNE,arena_clutchtime_int_master@arena_clutchtime_int_shared_layout@GameObjects@Prototype_arena_curtains_prototype@Prototype_arena_curtains_prototype_0@curtain100x20_arena_straight500c_1:curtain100x20_arena_straight500c,OBJECT,arena_clutchtime_int_master@arena_clutchtime_int_shared_layout@GameObjects@Prototype_arena_curtains_prototype@Prototype_arena_curtains_prototype_0@curtain100x20_arena_straight500c_8:curtain100x20_arena_straight500c,,"[1.0,0.0,0.0,0.0,0.0,1.0,0.0,0.0,0.0,0.0,1.0,0.0,-139.837677,150.346558,-2969.03101,1.0]"
level.SCNE,arena_clutchtime_int_master@arena_clutchtime_int_shared_layout@GameObjects@doors@door_interiorwindowb_leftdbl_1:door_interiorwindowb_leftdbl,OBJECT,arena_clutchtime_int_master@arena_clutchtime_int_shared_layout@GameObjects@doors@door_interiorwindowb_leftdbl:door_interiorwindowb_leftdbl,arena_clutchtime_int_master@arena_clutchtime_int_shared_layout@GameObjects@doors@door_interiorwindowb_leftdbl_1:root,"[1.94707184e-07,0.0,1.0,0.0,0.0,1.0,0.0,0.0,-1.0,0.0,1.94707184e-07,0.0,-4535.06689,863.349854,2187.21948,1.0]"
level.SCNE,arena_clutchtime_int_master@arena_clutchtime_int_shared_layout@GameObjects@Prototype_arena_curtains_prototype@Prototype_arena_curtains_prototype_0@curtain100x20_arena_straight500c_146:curtain100x20_arena_straight500c,OBJECT,arena_clutchtime_int_master@arena_clutchtime_int_shared_layout@GameObjects@Prototype_arena_curtains_prototype@Prototype_arena_curtains_prototype_0@curtain100x20_arena_straight500c_8:curtain100x20_arena_straight500c,,"[1.0,0.0,0.0,0.0,0.0,1.0,0.0,0.0,0.0,0.0,1.0,0.0,-1052.28809,759.56488,-2869.0,1.0]"
level.SCNE,arena_clutchtime_int_master@arena_clutchtime_int_shared_layout@GameObjects@balcony_chairs@chair_arenacrowd_seatbackcushion_102:chair_arenacrowd_seatbackcushion_low,OBJECT,arena_clutchtime_int_master@arena_clutchtime_int_shared_layout@GameObjects@balcony_chairs@chair_arenacrowd_seatbackcushion_85:chair_arenacrowd_seatbackcushion_low,,"[-1.0,-8.74227766e-08,0.0,0.0,-8.74227766e-08,1.0,-8.74227766e-08,0.0,7.64274186e-15,-8.74227766e-08,-1.0,0.0,-746.607239,1346.90601,2512.00195,1.0]"
level.SCNE,arena_clutchtime_int_master@arena_clutchtime_int_shared_layout@GameObjects@Prototype_arena_curtains_prototype@Prototype_arena@curtain100x20_arena_straight500c_187:curtain100x20_arena_straight500c,OBJECT,arena_clutchtime_int_master@arena_clutchtime_int_shared_layout@GameObjects@Prototype_arena_curtains_prototype@Prototype_arena_curtains_prototype_0@curtain100x20_arena_straight500c_8:curtain100x20_arena_straight500c,,"[-1.0,-8.74227766e-08,-1.50995803e-07,0.0,-8.74227624e-08,1.0,-8.74227766e-08,0.0,1.50995817e-07,-8.74227624e-08,-1.0,0.0,751.966309,1375.11304,2869.0,1.0]"
level.SCNE,arena_clutchtime_int_master@arena_clutchtime_int_shared_layout@GameObjects@mural_lights@lighting_suspendedtrack_metalb_32:lighting_suspendedtrack_metalb_low,OBJECT,arena_clutchtime_int_master@arena_clutchtime_int_shared_layout@GameObjects@mural_lights@lighting_suspendedtrack_metalb_19:lighting_suspendedtrack_metalb_low,,"[3.13916473e-07,0.0,1.0,0.0,-1.74512877e-07,1.0,5.47824657e-14,0.0,-1.0,-1.74512877e-07,3.13916473e-07,0.0,2016.72083,1002.4798,-613.630676,1.0]"
level.SCNE,arena_clutchtime_int_master@arena_clutchtime_int_shared_layout@GameObjects@balcony_chairs@chair_arenacrowd_seatbackcushion_54:chair_arenacrowd_seatbackcushion_low,OBJECT,arena_clutchtime_int_master@arena_clutchtime_int_shared_layout@GameObjects@balcony_chairs@chair_arenacrowd_seatbackcushion_85:chair_arenacrowd_seatbackcushion_low,,"[1.0,0.0,0.0,0.0,0.0,1.0,0.0,0.0,0.0,0.0,1.0,0.0,-202.608932,1375.11304,-2650.51196,1.0]"
level.SCNE,arena_clutchtime_int_master@arena_clutchtime_int_shared_layout@GameObjects@Prototype_arena_curtains_prototype@Prototype_arena@curtain100x20_arena_straight500c_73:curtain100x20_arena_straight500c,OBJECT,arena_clutchtime_int_master@arena_clutchtime_int_shared_layout@GameObjects@Prototype_arena_curtains_prototype@Prototype_arena_curtains_prototype_0@curtain100x20_arena_straight500c_8:curtain100x20_arena_straight500c,,"[-1.0,0.0,-1.50995803e-07,0.0,0.0,1.0,0.0,0.0,1.50995803e-07,0.0,-1.0,0.0,950.404968,150.346558,2997.40527,1.0]"
level.SCNE,arena_clutchtime_int_master@arena_clutchtime_int_shared_layout@GameObjects@balcony_lights@light_ceilinga_round_21:light_ceilinga_round_low,OBJECT,arena_clutchtime_int_master@arena_clutchtime_int_shared_layout@GameObjects@balcony_lights@light_ceilinga_round_85:light_ceilinga_round_low,,"[7.54979013e-08,-1.0,0.0,0.0,1.0,7.54979013e-08,0.0,0.0,0.0,0.0,1.0,0.0,-799.325684,1868.73694,2370.64673,1.0]"
level.SCNE,arena_clutchtime_int_master@arena_clutchtime_int_shared_layout@GameObjects@balcony_chairs@chair_arenacrowd_seatbackcushion_16:chair_arenacrowd_seatbackcushion_low,OBJECT,arena_clutchtime_int_master@arena_clutchtime_int_shared_layout@GameObjects@balcony_chairs@chair_arenacrowd_seatbackcushion_85:chair_arenacrowd_seatbackcushion_low,,"[1.0,0.0,0.0,0.0,0.0,1.0,0.0,0.0,0.0,0.0,1.0,0.0,1005.63757,150.346558,-2650.51172,1.0]"
level.SCNE,arena_clutchtime_int_master@arena_clutchtime_int_shared_layout@GameObjects@balcony_chairs@chair_arenacrowd_seatbackcushion_142:chair_arenacrowd_seatbackcushion_low,OBJECT,arena_clutchtime_int_master@arena_clutchtime_int_shared_layout@GameObjects@balcony_chairs@chair_arenacrowd_seatbackcushion_85:chair_arenacrowd_seatbackcushion_low,,"[-1.0,-1.50995803e-07,0.0,0.0,-1.50995803e-07,1.0,-1.50995803e-07,0.0,2.27997332e-14,-1.50995803e-07,-1.0,0.0,200.881714,150.346619,2650.51196,1.0]"
level.SCNE,arena_clutchtime_int_master@arena_clutchtime_int_shared_layout@GameObjects@balcony_lights@light_ceilinga_round_43:light_ceilinga_round_low,OBJECT,arena_clutchtime_int_master@arena_clutchtime_int_shared_layout@GameObjects@balcony_lights@light_ceilinga_round_85:light_ceilinga_round_low,,"[7.54979013e-08,-1.0,0.0,0.0,1.0,7.54979013e-08,0.0,0.0,0.0,0.0,1.0,0.0,562.959595,643.825256,2470.06836,1.0]"
level.SCNE,arena_clutchtime_int_master@arena_clutchtime_int_shared_layout@GameObjects@balcony@clutchtime_balcony_a_2:clutchtime_balcony_a_low,OBJECT,arena_clutchtime_int_master@arena_clutchtime_int_shared_layout@GameObjects@balcony@clutchtime_balcony_a:clutchtime_balcony_a_low,,"[-1.0,-1.50995803e-07,-1.50995803e-07,0.0,-1.50995774e-07,1.0,-1.50995803e-07,0.0,1.50995831e-07,-1.50995774e-07,-1.0,0.0,-818.794434,1869.26855,2361.57861,1.0]"
level.SCNE,arena_clutchtime_int_master@arena_clutchtime_int_shared_layout@GameObjects@Prototype_arena_curtains_prototype@Prototype_arena@curtain100x20_arena_straight500c_101:curtain100x20_arena_straight500c,OBJECT,arena_clutchtime_int_master@arena_clutchtime_int_shared_layout@GameObjects@Prototype_arena_curtains_prototype@Prototype_arena_curtains_prototype_0@curtain100x20_arena_straight500c_8:curtain100x20_arena_straight500c,,"[-1.0,0.0,-1.50995803e-07,0.0,0.0,1.0,0.0,0.0,1.50995803e-07,0.0,-1.0,0.0,-654.253418,759.56488,2997.40527,1.0]"
level.SCNE,arena_clutchtime_int_master@arena_clutchtime_int_shared_layout@GameObjects@clutchtimecurtainstunnels1@Prototype_arena_curtains_prototype_1@curtain100x20_arena_straight400c_4:curtain100x20_arena_straight400c,OBJECT,arena_clutchtime_int_master@arena_clutchtime_int_shared_layout@GameObjects@clutchtimecurtainstunnels1@Prototype_arena_curtains_prototype_2@curtain100x20_arena_straight400c_9:curtain100x20_arena_straight400c,,"[-0.121869288,-1.84017512e-08,-0.992545843,0.0,-1.12549969e-09,1.0,-1.84017566e-08,0.0,0.992545843,-1.12549969e-09,-0.121869288,0.0,-2935.80591,-6.35713059e-06,634.141602,1.0]"
level.SCNE,arena_clutchtime_int_master@arena_clutchtime_int_shared_layout@GameObjects@mural_lights@lighting_suspendedtrack_metalb_5:lighting_suspendedtrack_metalb_low,OBJECT,arena_clutchtime_int_master@arena_clutchtime_int_shared_layout@GameObjects@mural_lights@lighting_suspendedtrack_metalb_19:lighting_suspendedtrack_metalb_low,,"[3.13916473e-07,0.0,1.0,0.0,-1.74512877e-07,1.0,5.47824657e-14,0.0,-1.0,-1.74512877e-07,3.13916473e-07,0.0,1829.53455,1490.65344,1297.05603,1.0]"
level.SCNE,arena_clutchtime_int_master@arena_clutchtime_int_shared_layout@GameObjects@balcony@clutchtime_balcony_c:clutchtime_balcony_c_low,OBJECT,arena_clutchtime_int_master@arena_clutchtime_int_shared_layout@GameObjects@balcony@clutchtime_balcony_c_1:clutchtime_balcony_c_low,,"[1.0,0.0,0.0,0.0,0.0,1.0,0.0,0.0,0.0,0.0,1.0,0.0,0.0,38.9648972,-2394.875,1.0]"
level.SCNE,arena_clutchtime_int_master@arena_clutchtime_int_shared_layout@GameObjects@balcony_chairs@chair_arenacrowd_seatbackcushion_33:chair_arenacrowd_seatbackcushion_low,OBJECT,arena_clutchtime_int_master@arena_clutchtime_int_shared_layout@GameObjects@balcony_chairs@chair_arenacrowd_seatbackcushion_85:chair_arenacrowd_seatbackcushion_low,,"[1.0,0.0,0.0,0.0,0.0,1.0,0.0,0.0,0.0,0.0,1.0,0.0,106.070526,759.56488,-2650.51172,1.0]"
level.SCNE,arena_clutchtime_int_master@arena_clutchtime_int_shared_layout@GameObjects@Prototype_arena_curtains_prototype@Prototype_arena@curtain100x20_arena_straight500c_171:curtain100x20_arena_straight500c,OBJECT,arena_clutchtime_int_master@arena_clutchtime_int_shared_layout@GameObjects@Prototype_arena_curtains_prototype@Prototype_arena_curtains_prototype_0@curtain100x20_arena_straight500c_8:curtain100x20_arena_straight500c,,"[-1.0,-8.74227766e-08,-1.50995803e-07,0.0,-8.74227624e-08,1.0,-8.74227766e-08,0.0,1.50995817e-07,-8.74227624e-08,-1.0,0.0,-852.692078,150.346558,2869.0,1.0]"
level.SCNE,arena_clutchtime_int_master@arena_clutchtime_int_shared_layout@GameObjects@balcony_lights@light_ceilinga_round_86:light_ceilinga_round_low,OBJECT,arena_clutchtime_int_master@arena_clutchtime_int_shared_layout@GameObjects@balcony_lights@light_ceilinga_round_85:light_ceilinga_round_low,,"[7.54979013e-08,-1.0,0.0,0.0,1.0,7.54979013e-08,0.0,0.0,0.0,0.0,1.0,0.0,-1036.73828,643.825256,-2470.06836,1.0]"
level.SCNE,arena_clutchtime_int_master@arena_clutchtime_int_shared_layout@GameObjects@doors@sign_exit_generic_8:sign_exit_generic,OBJECT,arena_clutchtime_int_master@arena_clutchtime_int_shared_layout@GameObjects@doors@sign_exit_generic_3:sign_exit_generic,,"[1.0,-8.74227766e-08,0.0,0.0,8.74227766e-08,1.0,8.74227908e-08,0.0,-7.64274271e-15,-8.74227908e-08,1.0,0.0,2382.10059,1339.63025,2256.63013,1.0]"
level.SCNE,arena_clutchtime_int_master@arena_clutchtime_int_shared_layout@GameObjects@ceiling_panelslights@clutchtime_ceilingpanellight_e_2:clutchtime_ceilingpanellight_e_low,OBJECT,arena_clutchtime_int_master@arena_clutchtime_int_shared_layout@GameObjects@ceiling_panelslights@clutchtime_ceilingpanellight_e_4:clutchtime_ceilingpanellight_e_low,,"[1.94707184e-07,0.0,1.0,0.0,0.0,1.0,0.0,0.0,-1.0,0.0,1.94707184e-07,0.0,2737.18994,1457.26575,-8.58306885e-05,1.0]"
level.SCNE,arena_clutchtime_int_master@arena_clutchtime_int_shared_layout@GameObjects@ceiling_panelslights@clutchtime_ceilingpanellight_c_4:clutchtime_ceilingpanellight_c_low,OBJECT,arena_clutchtime_int_master@arena_clutchtime_int_shared_layout@GameObjects@ceiling_panelslights@clutchtime_ceilingpanellight_c:clutchtime_ceilingpanellight_c_low,,"[7.54979013e-08,0.0,-1.0,0.0,0.0,1.0,0.0,0.0,1.0,0.0,7.54979013e-08,0.0,-875.626709,2601.18628,8.39233398e-05,1.0]"
level.SCNE,arena_clutchtime_int_master@arena_clutchtime_int_shared_layout@GameObjects@walls@clutchtime_wall_corner:clutchtime_wall_corner_low,OBJECT,arena_clutchtime_int_master@arena_clutchtime_int_shared_layout@GameObjects@walls@clutchtime_wall_corner_2:clutchtime_wall_corner_low,,"[1.0,0.0,0.0,0.0,0.0,1.0,0.0,0.0,0.0,0.0,1.0,0.0,-1213.91052,0.0,-2489.29004,1.0]"
level.SCNE,arena_clutchtime_int_master@arena_clutchtime_int_shared_layout@GameObjects@Prototype_arena_curtains_prototype@Prototype_arena@curtain100x20_arena_straight500c_192:curtain100x20_arena_straight500c,OBJECT,arena_clutchtime_int_master@arena_clutchtime_int_shared_layout@GameObjects@Prototype_arena_curtains_prototype@Prototype_arena_curtains_prototype_0@curtain100x20_arena_straight500c_8:curtain100x20_arena_straight500c,,"[-1.0,-8.74227766e-08,-1.50995803e-07,0.0,-8.74227624e-08,1.0,-8.74227766e-08,0.0,1.50995817e-07,-8.74227624e-08,-1.0,0.0,851.304504,759.56488,2869.0,1.0]"
level.SCNE,arena_clutchtime_int_master@arena_clutchtime_int_shared_layout@GameObjects@balcony@clutchtime_balcony_railing:clutchtime_balcony_railing_low,OBJECT,arena_clutchtime_int_master@arena_clutchtime_int_shared_layout@GameObjects@balcony@clutchtime_balcony_railing_12:clutchtime_balcony_railing_low,,"[1.0,0.0,0.0,0.0,0.0,1.0,0.0,0.0,0.0,0.0,1.0,0.0,798.312988,180.013214,-2321.06079,1.0]"
level.SCNE,arena_clutchtime_int_master@arena_clutchtime_int_shared_layout@GameObjects@walls@clutchtime_wall_a:clutchtime_wall_a_low,OBJECT,arena_clutchtime_int_master@arena_clutchtime_int_shared_layout@GameObjects@walls@clutchtime_wall_a:clutchtime_wall_a_low,,"[7.54979013e-08,0.0,-1.0,0.0,0.0,1.0,0.0,0.0,1.0,0.0,7.54979013e-08,0.0,-1502.99402,-1.47341025e-14,2489.29004,1.0]"
level.SCNE,arena_clutchtime_int_master@arena_clutchtime_int_shared_layout@GameObjects@balcony_lights@light_ceilinga_round_51:light_ceilinga_round_low,OBJECT,arena_clutchtime_int_master@arena_clutchtime_int_shared_layout@GameObjects@balcony_lights@light_ceilinga_round_85:light_ceilinga_round_low,,"[7.54979013e-08,-1.0,0.0,0.0,1.0,7.54979013e-08,0.0,0.0,0.0,0.0,1.0,0.0,670.525269,1868.73694,-2396.93481,1.0]"
level.SCNE,arena_clutchtime_int_master@arena_clutchtime_int_shared_layout@GameObjects@Prototype_arena_curtains_prototype@Prototype_arena_curtains_prototype_0@curtain100x20_arena_straight500c_127:curtain100x20_arena_straight500c,OBJECT,arena_clutchtime_int_master@arena_clutchtime_int_shared_layout@GameObjects@Prototype_arena_curtains_prototype@Prototype_arena_curtains_prototype_0@curtain100x20_arena_straight500c_8:curtain100x20_arena_straight500c,,"[1.0,0.0,0.0,0.0,0.0,1.0,0.0,0.0,0.0,0.0,1.0,0.0,-1052.28809,150.346558,-2869.0,1.0]"
level.SCNE,arena_clutchtime_int_master@arena_clutchtime_int_shared_layout@GameObjects@balcony_chairs@chair_arenacrowd_seatbackcushion_84:chair_arenacrowd_seatbackcushion_low,OBJECT,arena_clutchtime_int_master@arena_clutchtime_int_shared_layout@GameObjects@balcony_chairs@chair_arenacrowd_seatbackcushion_85:chair_arenacrowd_seatbackcushion_low,,"[-1.0,-8.74227766e-08,0.0,0.0,-8.74227766e-08,1.0,-8.74227766e-08,0.0,7.64274186e-15,-8.74227766e-08,-1.0,0.0,53.2607002,1346.90601,2512.00195,1.0]"
level.SCNE,arena_clutchtime_int_master@arena_clutchtime_int_shared_layout@GameObjects@stands@clutchtime_ceilingpanel_f_6:clutchtime_ceilingpanel_f_low,OBJECT,arena_clutchtime_int_master@arena_clutchtime_int_shared_layout@GameObjects@ceiling_panels@clutchtime_ceilingpanel_f:clutchtime_ceilingpanel_f_low,,"[7.54979013e-08,0.0,1.0,0.0,-1.50995803e-07,-1.0,1.13998666e-14,0.0,1.0,-1.50995803e-07,-7.54979013e-08,0.0,-5173.11914,989.516479,0.000128744,1.0]"
level.SCNE,arena_clutchtime_int_master@arena_clutchtime_int_shared_layout@GameObjects@ceiling_panelslights@clutchtime_ceilingpanellight_a_1:clutchtime_ceilingpanellight_a_low,OBJECT,arena_clutchtime_int_master@arena_clutchtime_int_shared_layout@GameObjects@ceiling_panelslights@clutchtime_ceilingpanellight_a_3:clutchtime_ceilingpanellight_a_low,,"[1.94707184e-07,0.0,-1.0,0.0,0.0,1.0,0.0,0.0,1.0,0.0,1.94707184e-07,0.0,-4148.10059,1457.26575,8.58306885e-05,1.0]"
level.SCNE,arena_clutchtime_int_master@arena_clutchtime_int_shared_layout@GameObjects@balcony_lights@light_ceilinga_round_77:light_ceilinga_round_low,OBJECT,arena_clutchtime_int_master@arena_clutchtime_int_shared_layout@GameObjects@balcony_lights@light_ceilinga_round_85:light_ceilinga_round_low,,"[7.54979013e-08,-1.0,0.0,0.0,1.0,7.54979013e-08,0.0,0.0,0.0,0.0,1.0,0.0,-1036.73828,1259.34619,-2470.06836,1.0]"
level.SCNE,arena_clutchtime_int_master@arena_clutchtime_int_shared_layout@GameObjects@ceiling_panels@clutchtime_ceilingpanel_c_2:clutchtime_ceilingpanel_c_low,OBJECT,arena_clutchtime_int_master@arena_clutchtime_int_shared_layout@GameObjects@ceiling_panels@clutchtime_ceilingpanel_c_5:clutchtime_ceilingpanel_c_low,,"[7.54979013e-08,0.0,-1.0,0.0,0.0,1.0,0.0,0.0,1.0,0.0,7.54979013e-08,0.0,-829.328857,2396.53125,0.000128744,1.0]"
level.SCNE,arena_clutchtime_int_master@arena_clutchtime_int_shared_layout@GameObjects@Prototype_arena_curtains_prototype@Prototype_arena_curtains_prototype_0@curtain100x20_arena_straight500c_55:curtain100x20_arena_straight500c,OBJECT,arena_clutchtime_int_master@arena_clutchtime_int_shared_layout@GameObjects@Prototype_arena_curtains_prototype@Prototype_arena_curtains_prototype_0@curtain100x20_arena_straight500c_8:curtain100x20_arena_straight500c,,"[1.0,0.0,0.0,0.0,0.0,1.0,0.0,0.0,0.0,0.0,1.0,0.0,-1151.38843,1375.11304,-2969.03101,1.0]"
level.SCNE,arena_clutchtime_int_master@arena_clutchtime_int_shared_layout@GameObjects@Prototype_arena_curtains_prototype@Prototype_arena@curtain100x20_arena_straight500c_62:curtain100x20_arena_straight500c,OBJECT,arena_clutchtime_int_master@arena_clutchtime_int_shared_layout@GameObjects@Prototype_arena_curtains_prototype@Prototype_arena_curtains_prototype_0@curtain100x20_arena_straight500c_8:curtain100x20_arena_straight500c,,"[-1.0,0.0,-1.50995803e-07,0.0,0.0,1.0,0.0,0.0,1.50995803e-07,0.0,-1.0,0.0,-236.161285,150.346558,2997.40527,1.0]"
level.SCNE,arena_clutchtime_int_master@arena_clutchtime_int_shared_layout@GameObjects@ceiling_panels@clutchtime_ceilingpanel_a_2:clutchtime_ceilingpanel_a_low,OBJECT,arena_clutchtime_int_master@arena_clutchtime_int_shared_layout@GameObjects@ceiling_panels@clutchtime_ceilingpanel_a_0:clutchtime_ceilingpanel_a_low,,"[7.54979013e-08,0.0,-1.0,0.0,0.0,1.0,0.0,0.0,1.0,0.0,7.54979013e-08,0.0,-585.705322,2396.53125,0.000128744,1.0]"
level.SCNE,arena_clutchtime_int_master@arena_clutchtime_int_shared_layout@GameObjects@doors@door_interiorwindowb_leftdbl_4:door_interiorwindowb_leftdbl,OBJECT,arena_clutchtime_int_master@arena_clutchtime_int_shared_layout@GameObjects@doors@door_interiorwindowb_leftdbl:door_interiorwindowb_leftdbl,arena_clutchtime_int_master@arena_clutchtime_int_shared_layout@GameObjects@doors@door_interiorwindowb_leftdbl_4:root,"[1.94707184e-07,0.0,1.0,0.0,0.0,1.0,0.0,0.0,-1.0,0.0,1.94707184e-07,0.0,2794.93701,1029.63025,2264.07666,1.0]"
level.SCNE,arena_clutchtime_int_master@arena_clutchtime_int_shared_layout@GameObjects@Prototype_arena_curtains_prototype@Prototype_arena@curtain100x20_arena_straight500c_100:curtain100x20_arena_straight500c,OBJECT,arena_clutchtime_int_master@arena_clutchtime_int_shared_layout@GameObjects@Prototype_arena_curtains_prototype@Prototype_arena_curtains_prototype_0@curtain100x20_arena_straight500c_8:curtain100x20_arena_straight500c,,"[-1.0,0.0,-1.50995803e-07,0.0,0.0,1.0,0.0,0.0,1.50995803e-07,0.0,-1.0,0.0,-555.843872,759.56488,2997.40527,1.0]"
level.SCNE,arena_clutchtime_int_master@arena_clutchtime_int_shared_layout@GameObjects@balcony_chairs@chair_arenacrowd_seatbackcushion_118:chair_arenacrowd_seatbackcushion_low,OBJECT,arena_clutchtime_int_master@arena_clutchtime_int_shared_layout@GameObjects@balcony_chairs@chair_arenacrowd_seatbackcushion_85:chair_arenacrowd_seatbackcushion_low,,"[-1.0,-1.50995803e-07,0.0,0.0,-1.50995803e-07,1.0,-1.50995803e-07,0.0,2.27997332e-14,-1.50995803e-07,-1.0,0.0,747.359131,731.35791,2512.00195,1.0]"
level.SCNE,arena_clutchtime_int_master@arena_clutchtime_int_shared_layout@GameObjects@balcony_lights@light_ceilinga_round_52:light_ceilinga_round_low,OBJECT,arena_clutchtime_int_master@arena_clutchtime_int_shared_layout@GameObjects@balcony_lights@light_ceilinga_round_85:light_ceilinga_round_low,,"[7.54979013e-08,-1.0,0.0,0.0,1.0,7.54979013e-08,0.0,0.0,0.0,0.0,1.0,0.0,562.959595,1868.73694,-2470.06836,1.0]"
level.SCNE,arena_clutchtime_int_master@arena_clutchtime_int_shared_layout@GameObjects@Prototype_arena_curtains_prototype@Prototype_arena@curtain100x20_arena_straight500c_172:curtain100x20_arena_straight500c,OBJECT,arena_clutchtime_int_master@arena_clutchtime_int_shared_layout@GameObjects@Prototype_arena_curtains_prototype@Prototype_arena_curtains_prototype_0@curtain100x20_arena_straight500c_8:curtain100x20_arena_straight500c,,"[-1.0,-8.74227766e-08,-1.50995803e-07,0.0,-8.74227624e-08,1.0,-8.74227766e-08,0.0,1.50995817e-07,-8.74227624e-08,-1.0,0.0,-753.353882,150.346558,2869.0,1.0]"
level.SCNE,arena_clutchtime_int_master@arena_clutchtime_int_shared_layout@GameObjects@balcony_chairs@chair_arenacrowd_seatbackcushion_115:chair_arenacrowd_seatbackcushion_low,OBJECT,arena_clutchtime_int_master@arena_clutchtime_int_shared_layout@GameObjects@balcony_chairs@chair_arenacrowd_seatbackcushion_85:chair_arenacrowd_seatbackcushion_low,,"[-1.0,-1.50995803e-07,0.0,0.0,-1.50995803e-07,1.0,-1.50995803e-07,0.0,2.27997332e-14,-1.50995803e-07,-1.0,0.0,200.908951,759.564941,2650.51196,1.0]"
level.SCNE,arena_clutchtime_int_master@arena_clutchtime_int_shared_layout@GameObjects@balcony_lights@light_ceilinga_round_24:light_ceilinga_round_low,OBJECT,arena_clutchtime_int_master@arena_clutchtime_int_shared_layout@GameObjects@balcony_lights@light_ceilinga_round_85:light_ceilinga_round_low,,"[7.54979013e-08,-1.0,0.0,0.0,1.0,7.54979013e-08,0.0,0.0,0.0,0.0,1.0,0.0,-669.996887,1868.73694,2396.93481,1.0]"
level.SCNE,arena_clutchtime_int_master@arena_clutchtime_int_shared_layout@GameObjects@ceiling_panels@clutchtime_ceilingpanel_b:clutchtime_ceilingpanel_b_low,OBJECT,arena_clutchtime_int_master@arena_clutchtime_int_shared_layout@GameObjects@ceiling_panels@clutchtime_ceilingpanel_b_3:clutchtime_ceilingpanel_b_low,,"[7.54979013e-08,0.0,1.0,0.0,0.0,1.0,0.0,0.0,-1.0,0.0,7.54979013e-08,0.0,2305.93652,1322.90686,0.003852036,1.0]"
level.SCNE,arena_clutchtime_int_master@arena_clutchtime_int_shared_layout@GameObjects@balcony_chairs@chair_arenacrowd_seatbackcushion_52:chair_arenacrowd_seatbackcushion_low,OBJECT,arena_clutchtime_int_master@arena_clutchtime_int_shared_layout@GameObjects@balcony_chairs@chair_arenacrowd_seatbackcushion_85:chair_arenacrowd_seatbackcushion_low,,"[1.0,0.0,0.0,0.0,0.0,1.0,0.0,0.0,0.0,0.0,1.0,0.0,-593.235229,759.56488,-2650.51172,1.0]"
level.SCNE,arena_clutchtime_int_master@arena_clutchtime_int_shared_layout@GameObjects@balcony@clutchtime_balcony_column_4:clutchtime_balcony_column_low,OBJECT,arena_clutchtime_int_master@arena_clutchtime_int_shared_layout@GameObjects@balcony@clutchtime_balcony_column_5:clutchtime_balcony_column_low,,"[-1.0,-1.50995803e-07,0.0,0.0,-1.50995803e-07,1.0,-1.50995803e-07,0.0,2.27997332e-14,-1.50995803e-07,-1.0,0.0,1213.28418,0.0,2778.37354,1.0]"
level.SCNE,arena_clutchtime_int_master@arena_clutchtime_int_shared_layout@GameObjects@stands@clutchtime_stair_3step_19:clutchtime_stair_3step_low,OBJECT,arena_clutchtime_int_master@arena_clutchtime_int_shared_layout@GameObjects@stands@clutchtime_stair_3step_0:clutchtime_stair_3step_low,,"[0.190809056,0.0,-0.981627166,0.0,0.0,1.0,0.0,0.0,0.981627166,0.0,0.190809056,0.0,-3578.29199,743.342163,-1312.02246,1.0]"
level.SCNE,arena_clutchtime_int_master@arena_clutchtime_int_shared_layout@GameObjects@Prototype_arena_curtains_prototype@Prototype_arena@curtain100x20_arena_straight500c_89:curtain100x20_arena_straight500c,OBJECT,arena_clutchtime_int_master@arena_clutchtime_int_shared_layout@GameObjects@Prototype_arena_curtains_prototype@Prototype_arena_curtains_prototype_0@curtain100x20_arena_straight500c_8:curtain100x20_arena_straight500c,,"[-1.0,0.0,-1.50995803e-07,0.0,0.0,1.0,0.0,0.0,1.50995803e-07,0.0,-1.0,0.0,356.849976,759.56488,2997.40527,1.0]"
level.SCNE,arena_clutchtime_int_master@arena_clutchtime_int_shared_layout@GameObjects@balcony_chairs@chair_arenacrowd_seatbackcushion_141:chair_arenacrowd_seatbackcushion_low,OBJECT,arena_clutchtime_int_master@arena_clutchtime_int_shared_layout@GameObjects@balcony_chairs@chair_arenacrowd_seatbackcushion_85:chair_arenacrowd_seatbackcushion_low,,"[-1.0,-1.50995803e-07,0.0,0.0,-1.50995803e-07,1.0,-1.50995803e-07,0.0,2.27997332e-14,-1.50995803e-07,-1.0,0.0,102.119888,150.346619,2650.51196,1.0]"
level.SCNE,arena_clutchtime_int_master@arena_clutchtime_int_shared_layout@GameObjects@balcony_chairs@chair_arenacrowd_seatbackcushion_37:chair_arenacrowd_seatbackcushion_low,OBJECT,arena_clutchtime_int_master@arena_clutchtime_int_shared_layout@GameObjects@balcony_chairs@chair_arenacrowd_seatbackcushion_85:chair_arenacrowd_seatbackcushion_low,,"[1.0,0.0,0.0,0.0,0.0,1.0,0.0,0.0,0.0,0.0,1.0,0.0,745.985657,731.357849,-2512.00171,1.0]"
level.SCNE,arena_clutchtime_int_master@arena_clutchtime_int_shared_layout@GameObjects@balcony_chairs@chair_arenacrowd_seatbackcushion_100:chair_arenacrowd_seatbackcushion_low,OBJECT,arena_clutchtime_int_master@arena_clutchtime_int_shared_layout@GameObjects@balcony_chairs@chair_arenacrowd_seatbackcushion_85:chair_arenacrowd_seatbackcushion_low,,"[-1.0,-8.74227766e-08,0.0,0.0,-8.74227766e-08,1.0,-8.74227766e-08,0.0,7.64274186e-15,-8.74227766e-08,-1.0,0.0,-851.93335,1346.90601,2512.00195,1.0]"
level.SCNE,arena_clutchtime_int_master@arena_clutchtime_int_shared_layout@GameObjects@mural_lights@lighting_suspendedtrack_metalb_20:lighting_suspendedtrack_metalb_low,OBJECT,arena_clutchtime_int_master@arena_clutchtime_int_shared_layout@GameObjects@mural_lights@lighting_suspendedtrack_metalb_19:lighting_suspendedtrack_metalb_low,,"[3.13916473e-07,0.0,1.0,0.0,-1.74512877e-07,1.0,5.47824657e-14,0.0,-1.0,-1.74512877e-07,3.13916473e-07,0.0,2058.06567,1002.4798,-0.125340849,1.0]"
level.SCNE,arena_clutchtime_int_master@arena_clutchtime_int_shared_layout@GameObjects@balcony_lights@light_ceilinga_round_31:light_ceilinga_round_low,OBJECT,arena_clutchtime_int_master@arena_clutchtime_int_shared_layout@GameObjects@balcony_lights@light_ceilinga_round_85:light_ceilinga_round_low,,"[7.54979013e-08,-1.0,0.0,0.0,1.0,7.54979013e-08,0.0,0.0,0.0,0.0,1.0,0.0,799.952515,1259.34619,2370.64673,1.0]"
level.SCNE,arena_clutchtime_int_master@arena_clutchtime_int_shared_layout@GameObjects@mural_lights@lighting_suspendedtrack_metalb_33:lighting_suspendedtrack_metalb_low,OBJECT,arena_clutchtime_int_master@arena_clutchtime_int_shared_layout@GameObjects@mural_lights@lighting_suspendedtrack_metalb_19:lighting_suspendedtrack_metalb_low,,"[3.13916473e-07,0.0,1.0,0.0,-1.74512877e-07,1.0,5.47824657e-14,0.0,-1.0,-1.74512877e-07,3.13916473e-07,0.0,2030.98645,1002.4798,-502.616577,1.0]"
level.SCNE,arena_clutchtime_int_master@arena_clutchtime_int_shared_layout@GameObjects@balcony_lights@light_ceilinga_round_46:light_ceilinga_round_low,OBJECT,arena_clutchtime_int_master@arena_clutchtime_int_shared_layout@GameObjects@balcony_lights@light_ceilinga_round_85:light_ceilinga_round_low,,"[7.54979013e-08,-1.0,0.0,0.0,1.0,7.54979013e-08,0.0,0.0,0.0,0.0,1.0,0.0,670.525269,1259.34619,-2396.93481,1.0]"
level.SCNE,arena_clutchtime_int_master@arena_clutchtime_int_shared_layout@GameObjects@balcony_chairs@chair_arenacrowd_seatbackcushion_79:chair_arenacrowd_seatbackcushion_low,OBJECT,arena_clutchtime_int_master@arena_clutchtime_int_shared_layout@GameObjects@balcony_chairs@chair_arenacrowd_seatbackcushion_85:chair_arenacrowd_seatbackcushion_low,,"[1.0,0.0,0.0,0.0,0.0,1.0,0.0,0.0,0.0,0.0,1.0,0.0,-593.235229,1375.11304,-2650.51172,1.0]"
level.SCNE,arena_clutchtime_int_master@arena_clutchtime_int_shared_layout@GameObjects@Prototype_arena_curtains_prototype@Prototype_arena_curtains_prototype_0@curtain100x20_arena_straight500c_133:curtain100x20_arena_straight500c,OBJECT,arena_clutchtime_int_master@arena_clutchtime_int_shared_layout@GameObjects@Prototype_arena_curtains_prototype@Prototype_arena_curtains_prototype_0@curtain100x20_arena_straight500c_8:curtain100x20_arena_straight500c,,"[1.0,0.0,0.0,0.0,0.0,1.0,0.0,0.0,0.0,0.0,1.0,0.0,453.269867,150.346558,-2869.0,1.0]"
level.SCNE,arena_clutchtime_int_master@arena_clutchtime_int_shared_layout@GameObjects@balcony_chairs@chair_arenacrowd_seatbackcushion_87:chair_arenacrowd_seatbackcushion_low,OBJECT,arena_clutchtime_int_master@arena_clutchtime_int_shared_layout@GameObjects@balcony_chairs@chair_arenacrowd_seatbackcushion_85:chair_arenacrowd_seatbackcushion_low,,"[-1.0,-8.74227766e-08,0.0,0.0,-8.74227766e-08,1.0,-8.74227766e-08,0.0,7.64274186e-15,-8.74227766e-08,-1.0,0.0,102.121613,1375.11304,2650.51196,1.0]"
level.SCNE,arena_clutchtime_int_master@arena_clutchtime_int_shared_layout@GameObjects@stands@clutchtime_stair_3step_4:clutchtime_stair_3step_low,OBJECT,arena_clutchtime_int_master@arena_clutchtime_int_shared_layout@GameObjects@stands@clutchtime_stair_3step_0:clutchtime_stair_3step_low,,"[7.54979013e-08,0.0,-1.0,0.0,0.0,1.0,0.0,0.0,1.0,0.0,7.54979013e-08,0.0,-3429.09058,623.342163,57.4980125,1.0]"
level.SCNE,arena_clutchtime_int_master@arena_clutchtime_int_shared_layout@GameObjects@balcony@clutchtime_balcony_b_3:clutchtime_balcony_b_low,OBJECT,arena_clutchtime_int_master@arena_clutchtime_int_shared_layout@GameObjects@balcony@clutchtime_balcony_b_8:clutchtime_balcony_b_low,,"[1.0,0.0,0.0,0.0,0.0,1.0,0.0,0.0,0.0,0.0,1.0,0.0,799.325806,1259.86694,-2346.14648,1.0]"
level.SCNE,arena_clutchtime_int_master@arena_clutchtime_int_shared_layout@GameObjects@balcony@clutchtime_balcony_c_3:clutchtime_balcony_c_low,OBJECT,arena_clutchtime_int_master@arena_clutchtime_int_shared_layout@GameObjects@balcony@clutchtime_balcony_c_1:clutchtime_balcony_c_low,,"[-1.0,-1.50995803e-07,0.0,0.0,-1.50995803e-07,1.0,-1.50995803e-07,0.0,2.27997332e-14,-1.50995803e-07,-1.0,0.0,-799.952454,38.9648972,2394.875,1.0]"
level.SCNE,arena_clutchtime_int_master@arena_clutchtime_int_shared_layout@GameObjects@clutchtimecurtainstunnels1@Prototype_arena_curtains_prototype_1@curtain100x20_arena_straight400c_6:curtain100x20_arena_straight400c,OBJECT,arena_clutchtime_int_master@arena_clutchtime_int_shared_layout@GameObjects@clutchtimecurtainstunnels1@Prototype_arena_curtains_prototype_2@curtain100x20_arena_straight400c_9:curtain100x20_arena_straight400c,,"[-0.121869273,-1.84017495e-08,-0.992545724,0.0,-1.12549969e-09,1.0,-1.84017566e-08,0.0,0.992545724,-1.1255139e-09,-0.121869273,0.0,-2959.32861,-9.90896842e-06,442.564087,1.0]"
level.SCNE,arena_clutchtime_int_master@arena_clutchtime_int_shared_layout@GameObjects@ceiling@clutchtime_ceiling_a:clutchtime_ceiling_a_low,OBJECT,arena_clutchtime_int_master@arena_clutchtime_int_shared_layout@GameObjects@ceiling@clutchtime_ceiling_a:clutchtime_ceiling_a_low,,"[1.0,0.0,0.0,0.0,0.0,1.0,0.0,0.0,0.0,0.0,1.0,0.0,-2886.69385,2074.1731,2892.84668,1.0]"
level.SCNE,arena_clutchtime_int_master@arena_clutchtime_int_shared_layout@GameObjects@balcony_lights@light_ceilinga_round_81:light_ceilinga_round_low,OBJECT,arena_clutchtime_int_master@arena_clutchtime_int_shared_layout@GameObjects@balcony_lights@light_ceilinga_round_85:light_ceilinga_round_low,,"[7.54979013e-08,-1.0,0.0,0.0,1.0,7.54979013e-08,0.0,0.0,0.0,0.0,1.0,0.0,-929.172546,1868.73694,-2396.93481,1.0]"
level.SCNE,arena_clutchtime_int_master@arena_clutchtime_int_shared_layout@GameObjects@doors@box_electrical_commerciala:box_electrical_commerciala_low,OBJECT,arena_clutchtime_int_master@arena_clutchtime_int_shared_layout@GameObjects@doors@box_electrical_commerciala:box_electrical_commerciala_low,,"[1.0,0.0,0.0,0.0,0.0,1.0,0.0,0.0,0.0,0.0,1.0,0.0,-5051.1499,1038.3501,-2175.62402,1.0]"
level.SCNE,arena_clutchtime_int_master@arena_clutchtime_int_shared_layout@GameObjects@mural_lights@light_stage_spotlight_2:light_stage_spotlight_low,OBJECT,arena_clutchtime_int_master@arena_clutchtime_int_shared_layout@GameObjects@mural_lights@light_stage_spotlight_1:light_stage_spotlight_low,,"[-0.17364715,-2.62199915e-08,-0.984807789,0.0,-2.29394459e-09,1.0,-2.62199933e-08,0.0,0.984807789,-2.29394459e-09,-0.17364715,0.0,1913.54578,48.7001648,-836.277954,1.0]"
level.SCNE,arena_clutchtime_int_master@GameObjects@dorna@clutchtime_court_dorna_5:clutchtime_court_dorna_low,OBJECT,arena_clutchtime_int_master@GameObjects@dorna@clutchtime_court_dorna_7:clutchtime_court_dorna_low,,"[7.54979013e-08,0.0,-1.0,0.0,0.0,1.0,0.0,0.0,1.0,0.0,7.54979013e-08,0.0,-555.129883,0.0,-1800.00012,1.0]"
level.SCNE,arena_clutchtime_int_master@arena_clutchtime_int_shared_layout@GameObjects@balcony_chairs@chair_arenacrowd_seatbackcushion:chair_arenacrowd_seatbackcushion_low,OBJECT,arena_clutchtime_int_master@arena_clutchtime_int_shared_layout@GameObjects@balcony_chairs@chair_arenacrowd_seatbackcushion_85:chair_arenacrowd_seatbackcushion_low,,"[1.0,0.0,0.0,0.0,0.0,1.0,0.0,0.0,0.0,0.0,1.0,0.0,-153.158875,122.139526,-2512.00171,1.0]"
level.SCNE,arena_clutchtime_int_master@arena_clutchtime_int_shared_layout@GameObjects@balcony_chairs@chair_arenacrowd_seatbackcushion_67:chair_arenacrowd_seatbackcushion_low,OBJECT,arena_clutchtime_int_master@arena_clutchtime_int_shared_layout@GameObjects@balcony_chairs@chair_arenacrowd_seatbackcushion_85:chair_arenacrowd_seatbackcushion_low,,"[1.0,0.0,0.0,0.0,0.0,1.0,0.0,0.0,0.0,0.0,1.0,0.0,697.010559,1375.11304,-2650.51172,1.0]"
level.SCNE,arena_clutchtime_int_master@arena_clutchtime_int_shared_layout@GameObjects@balcony@clutchtime_balcony_railing_4:clutchtime_balcony_railing_low,OBJECT,arena_clutchtime_int_master@arena_clutchtime_int_shared_layout@GameObjects@balcony@clutchtime_balcony_railing_12:clutchtime_balcony_railing_low,,"[1.0,0.0,0.0,0.0,0.0,1.0,0.0,0.0,0.0,0.0,1.0,0.0,-1.32609177,1404.77966,-2321.06079,1.0]"
level.SCNE,arena_clutchtime_int_master@arena_clutchtime_int_shared_layout@GameObjects@Prototype_arena_curtains_prototype@Prototype_arena_curtains_prototype_0@curtain100x20_arena_straight500c_60:curtain100x20_arena_straight500c,OBJECT,arena_clutchtime_int_master@arena_clutchtime_int_shared_layout@GameObjects@Prototype_arena_curtains_prototype@Prototype_arena_curtains_prototype_0@curtain100x20_arena_straight500c_8:curtain100x20_arena_straight500c,,"[1.0,0.0,0.0,0.0,0.0,1.0,0.0,0.0,0.0,0.0,1.0,0.0,-854.540283,1375.11304,-2969.03101,1.0]"
level.SCNE,arena_clutchtime_int_master@arena_clutchtime_int_shared_layout@GameObjects@balcony_chairs@chair_arenacrowd_seatbackcushion_53:chair_arenacrowd_seatbackcushion_low,OBJECT,arena_clutchtime_int_master@arena_clutchtime_int_shared_layout@GameObjects@balcony_chairs@chair_arenacrowd_seatbackcushion_85:chair_arenacrowd_seatbackcushion_low,,"[1.0,0.0,0.0,0.0,0.0,1.0,0.0,0.0,0.0,0.0,1.0,0.0,-153.158875,1346.90601,-2512.00171,1.0]"
level.SCNE,arena_clutchtime_int_master@arena_clutchtime_int_shared_layout@GameObjects@mural_lights@light_stage_spotlight_3:light_stage_spotlight_low,OBJECT,arena_clutchtime_int_master@arena_clutchtime_int_shared_layout@GameObjects@mural_lights@light_stage_spotlight_1:light_stage_spotlight_low,,"[-0.342019141,-5.1643454e-08,-0.939692974,0.0,-9.10610254e-09,1.0,-5.1643454e-08,0.0,0.939692974,-9.10610254e-09,-0.342019141,0.0,1696.4657,48.7001648,-1754.70935,1.0]"
level.SCNE,arena_clutchtime_int_master@arena_clutchtime_int_shared_layout@GameObjects@doors@door_interiorwindowb_rightdbl:door_interiorwindowb_rightdbl,OBJECT,arena_clutchtime_int_master@arena_clutchtime_int_shared_layout@GameObjects@doors@door_interiorwindowb_rightdbl_2:door_interiorwindowb_rightdbl,arena_clutchtime_int_master@arena_clutchtime_int_shared_layout@GameObjects@doors@door_interiorwindowb_rightdbl:root,"[7.54979013e-08,0.0,1.0,0.0,0.0,1.0,0.0,0.0,-1.0,0.0,7.54979013e-08,0.0,-4535.99805,863.350037,-2189.72363,1.0]"
level.SCNE,arena_clutchtime_int_master@arena_clutchtime_int_shared_layout@GameObjects@stands@clutchtime_stair_3step_1:clutchtime_stair_3step_low,OBJECT,arena_clutchtime_int_master@arena_clutchtime_int_shared_layout@GameObjects@stands@clutchtime_stair_3step_0:clutchtime_stair_3step_low,,"[7.54979013e-08,0.0,-1.0,0.0,0.0,1.0,0.0,0.0,1.0,0.0,7.54979013e-08,0.0,-2619.08716,263.349854,57.4980087,1.0]"
level.SCNE,arena_clutchtime_int_master@GameObjects@dorna@clutchtime_court_dornacorner_0:clutchtime_court_dornacorner_low,OBJECT,arena_clutchtime_int_master@GameObjects@dorna@clutchtime_court_dornacorner_1:clutchtime_court_dornacorner_low,,"[-4.37113883e-08,0.0,1.0,0.0,0.0,1.0,0.0,0.0,-1.0,0.0,-4.37113883e-08,0.0,-555.129883,0.0,1800.00012,1.0]"
level.SCNE,arena_clutchtime_int_master@arena_clutchtime_int_shared_layout@GameObjects@Prototype_arena_curtains_prototype@Prototype_arena@curtain100x20_arena_straight500c_193:curtain100x20_arena_straight500c,OBJECT,arena_clutchtime_int_master@arena_clutchtime_int_shared_layout@GameObjects@Prototype_arena_curtains_prototype@Prototype_arena_curtains_prototype_0@curtain100x20_arena_straight500c_8:curtain100x20_arena_straight500c,,"[-1.0,-8.74227766e-08,-1.50995803e-07,0.0,-8.74227624e-08,1.0,-8.74227766e-08,0.0,1.50995817e-07,-8.74227624e-08,-1.0,0.0,554.456299,150.346558,2869.0,1.0]"
level.SCNE,arena_clutchtime_int_master@arena_clutchtime_int_shared_layout@GameObjects@mural_lights@lighting_suspendedtrack_metalb_25:lighting_suspendedtrack_metalb_low,OBJECT,arena_clutchtime_int_master@arena_clutchtime_int_shared_layout@GameObjects@mural_lights@lighting_suspendedtrack_metalb_19:lighting_suspendedtrack_metalb_low,,"[3.13916473e-07,0.0,1.0,0.0,-1.74512877e-07,1.0,5.47824657e-14,0.0,-1.0,-1.74512877e-07,3.13916473e-07,0.0,1917.65942,1002.4798,1137.62463,1.0]"
level.SCNE,arena_clutchtime_int_master@arena_clutchtime_int_shared_layout@GameObjects@Prototype_arena_curtains_prototype@Prototype_arena@curtain100x20_arena_straight500c_190:curtain100x20_arena_straight500c,OBJECT,arena_clutchtime_int_master@arena_clutchtime_int_shared_layout@GameObjects@Prototype_arena_curtains_prototype@Prototype_arena_curtains_prototype_0@curtain100x20_arena_straight500c_8:curtain100x20_arena_straight500c,,"[-1.0,-8.74227766e-08,-1.50995803e-07,0.0,-8.74227624e-08,1.0,-8.74227766e-08,0.0,1.50995817e-07,-8.74227624e-08,-1.0,0.0,653.556763,759.56488,2869.0,1.0]"
level.SCNE,arena_clutchtime_int_master@arena_clutchtime_int_shared_layout@GameObjects@balcony_chairs@chair_arenacrowd_seatbackcushion_136:chair_arenacrowd_seatbackcushion_low,OBJECT,arena_clutchtime_int_master@arena_clutchtime_int_shared_layout@GameObjects@balcony_chairs@chair_arenacrowd_seatbackcushion_85:chair_arenacrowd_seatbackcushion_low,,"[-1.0,-1.50995803e-07,0.0,0.0,-1.50995803e-07,1.0,-1.50995803e-07,0.0,2.27997332e-14,-1.50995803e-07,-1.0,0.0,-52.7728615,122.139587,2512.00195,1.0]"
level.SCNE,arena_clutchtime_int_master@arena_clutchtime_int_shared_layout@GameObjects@doors@door_interiorwindowb_rightdbl_4:door_interiorwindowb_rightdbl,OBJECT,arena_clutchtime_int_master@arena_clutchtime_int_shared_layout@GameObjects@doors@door_interiorwindowb_rightdbl_2:door_interiorwindowb_rightdbl,arena_clutchtime_int_master@arena_clutchtime_int_shared_layout@GameObjects@doors@door_interiorwindowb_rightdbl_4:root,"[7.54979013e-08,0.0,-1.0,0.0,0.0,1.0,0.0,0.0,1.0,0.0,7.54979013e-08,0.0,2574.646,1029.63025,2264.07666,1.0]"
level.SCNE,arena_clutchtime_int_master@arena_clutchtime_int_shared_layout@GameObjects@balcony_chairs@chair_arenacrowd_seatbackcushion_83:chair_arenacrowd_seatbackcushion_low,OBJECT,arena_clutchtime_int_master@arena_clutchtime_int_shared_layout@GameObjects@balcony_chairs@chair_arenacrowd_seatbackcushion_85:chair_arenacrowd_seatbackcushion_low,,"[-1.0,-8.74227766e-08,0.0,0.0,-8.74227766e-08,1.0,-8.74227766e-08,0.0,7.64274186e-15,-8.74227766e-08,-1.0,0.0,151.403656,1346.90601,2512.00195,1.0]"
level.SCNE,arena_clutchtime_int_master@arena_clutchtime_int_shared_layout@GameObjects@walls@clutchtime_wall_corner_1:clutchtime_wall_corner_low,OBJECT,arena_clutchtime_int_master@arena_clutchtime_int_shared_layout@GameObjects@walls@clutchtime_wall_corner_2:clutchtime_wall_corner_low,,"[-1.0,-1.50995803e-07,0.0,0.0,-1.50995803e-07,1.0,-1.50995803e-07,0.0,2.27997332e-14,-1.50995803e-07,-1.0,0.0,1213.28418,0.0,2489.29004,1.0]"
level.SCNE,arena_clutchtime_int_master@arena_clutchtime_int_shared_layout@GameObjects@mural_lights@lighting_suspendedtrack_metalb_36:lighting_suspendedtrack_metalb_low,OBJECT,arena_clutchtime_int_master@arena_clutchtime_int_shared_layout@GameObjects@mural_lights@lighting_suspendedtrack_metalb_19:lighting_suspendedtrack_metalb_low,,"[3.13916473e-07,0.0,1.0,0.0,-1.74512877e-07,1.0,5.47824657e-14,0.0,-1.0,-1.74512877e-07,3.13916473e-07,0.0,1891.28906,1002.4798,-1275.94629,1.0]"
level.SCNE,arena_clutchtime_int_master@arena_clutchtime_int_shared_layout@GameObjects@mural_lights@lighting_suspendedtrack_metalb_13:lighting_suspendedtrack_metalb_low,OBJECT,arena_clutchtime_int_master@arena_clutchtime_int_shared_layout@GameObjects@mural_lights@lighting_suspendedtrack_metalb_19:lighting_suspendedtrack_metalb_low,,"[3.13916473e-07,0.0,1.0,0.0,-1.74512877e-07,1.0,5.47824657e-14,0.0,-1.0,-1.74512877e-07,3.13916473e-07,0.0,1942.06384,1490.65344,-901.515991,1.0]"
level.SCNE,arena_clutchtime_int_master@arena_clutchtime_int_shared_layout@GameObjects@mural_lights@lighting_suspendedtrack_metalb_0:lighting_suspendedtrack_metalb_low,OBJECT,arena_clutchtime_int_master@arena_clutchtime_int_shared_layout@GameObjects@mural_lights@lighting_suspendedtrack_metalb_19:lighting_suspendedtrack_metalb_low,,"[3.13916473e-07,0.0,1.0,0.0,-1.74512877e-07,1.0,5.47824657e-14,0.0,-1.0,-1.74512877e-07,3.13916473e-07,0.0,2086.75,1490.65344,136.42659,1.0]"
level.SCNE,arena_clutchtime_int_master@arena_clutchtime_int_shared_layout@GameObjects@mural_lights@lighting_suspendedtrack_metalb_15:lighting_suspendedtrack_metalb_low,OBJECT,arena_clutchtime_int_master@arena_clutchtime_int_shared_layout@GameObjects@mural_lights@lighting_suspendedtrack_metalb_19:lighting_suspendedtrack_metalb_low,,"[3.13916473e-07,0.0,1.0,0.0,-1.74512877e-07,1.0,5.47824657e-14,0.0,-1.0,-1.74512877e-07,3.13916473e-07,0.0,1829.53455,1490.65344,-1295.18103,1.0]"
level.SCNE,arena_clutchtime_int_master@GameObjects@dorna@clutchtime_court_dorna_10:clutchtime_court_dorna_low,OBJECT,arena_clutchtime_int_master@GameObjects@dorna@clutchtime_court_dorna_7:clutchtime_court_dorna_low,,"[1.0,0.0,0.0,0.0,0.0,1.0,0.0,0.0,0.0,0.0,1.0,0.0,955.129883,0.0,1000.0,1.0]"
level.SCNE,arena_clutchtime_int_master@arena_clutchtime_int_shared_layout@GameObjects@Prototype_arena_curtains_prototype@Prototype_arena@curtain100x20_arena_straight500c_69:curtain100x20_arena_straight500c,OBJECT,arena_clutchtime_int_master@arena_clutchtime_int_shared_layout@GameObjects@Prototype_arena_curtains_prototype@Prototype_arena_curtains_prototype_0@curtain100x20_arena_straight500c_8:curtain100x20_arena_straight500c,,"[-1.0,0.0,-1.50995803e-07,0.0,0.0,1.0,0.0,0.0,1.50995803e-07,0.0,-1.0,0.0,554.456299,150.346558,2997.40527,1.0]"
level.SCNE,arena_clutchtime_int_master@arena_clutchtime_int_shared_layout@GameObjects@ceiling_panelslights@clutchtime_ceilingpanellight_f_0:clutchtime_ceilingpanellight_f_low,OBJECT,arena_clutchtime_int_master@arena_clutchtime_int_shared_layout@GameObjects@ceiling_panelslights@clutchtime_ceilingpanellight_f:clutchtime_ceilingpanellight_f_low,,"[1.94707184e-07,0.0,1.0,0.0,0.0,1.0,0.0,0.0,-1.0,0.0,1.94707184e-07,0.0,2902.32666,1457.26575,1.64057475e-14,1.0]"
level.SCNE,arena_clutchtime_int_master@arena_clutchtime_int_shared_layout@GameObjects@ceiling_panels@clutchtime_ceilingpanel_e_4:clutchtime_ceilingpanel_e_low,OBJECT,arena_clutchtime_int_master@arena_clutchtime_int_shared_layout@GameObjects@ceiling_panels@clutchtime_ceilingpanel_e:clutchtime_ceilingpanel_e_low,,"[7.54979013e-08,0.0,-1.0,0.0,0.0,1.0,0.0,0.0,1.0,0.0,7.54979013e-08,0.0,-3708.06177,1303.35718,0.000128744,1.0]"
level.SCNE,arena_clutchtime_int_master@arena_clutchtime_int_shared_layout@GameObjects@stands@clutchtime_stair_3step_18:clutchtime_stair_3step_low,OBJECT,arena_clutchtime_int_master@arena_clutchtime_int_shared_layout@GameObjects@stands@clutchtime_stair_3step_0:clutchtime_stair_3step_low,,"[0.190809056,0.0,-0.981627166,0.0,0.0,1.0,0.0,0.0,0.981627166,0.0,0.190809056,0.0,-3313.25293,623.342163,-1260.50415,1.0]"
level.SCNE,arena_clutchtime_int_master@arena_clutchtime_int_shared_layout@GameObjects@doors@door_interiorwindowb_leftdbl_3:door_interiorwindowb_leftdbl,OBJECT,arena_clutchtime_int_master@arena_clutchtime_int_shared_layout@GameObjects@doors@door_interiorwindowb_leftdbl:door_interiorwindowb_leftdbl,arena_clutchtime_int_master@arena_clutchtime_int_shared_layout@GameObjects@doors@door_interiorwindowb_leftdbl_3:root,"[1.94707184e-07,0.0,1.0,0.0,0.0,1.0,0.0,0.0,-1.0,0.0,1.94707184e-07,0.0,2491.24609,1029.63025,2264.07666,1.0]"
level.SCNE,arena_clutchtime_int_master@arena_clutchtime_int_shared_layout@GameObjects@balcony_chairs@chair_arenacrowd_seatbackcushion_21:chair_arenacrowd_seatbackcushion_low,OBJECT,arena_clutchtime_int_master@arena_clutchtime_int_shared_layout@GameObjects@balcony_chairs@chair_arenacrowd_seatbackcushion_85:chair_arenacrowd_seatbackcushion_low,,"[1.0,0.0,0.0,0.0,0.0,1.0,0.0,0.0,0.0,0.0,1.0,0.0,-747.811829,122.139526,-2512.00171,1.0]"
level.SCNE,arena_clutchtime_int_master@arena_clutchtime_int_shared_layout@GameObjects@mural_lights@lighting_suspendedtrack_metalb_2:lighting_suspendedtrack_metalb_low,OBJECT,arena_clutchtime_int_master@arena_clutchtime_int_shared_layout@GameObjects@mural_lights@lighting_suspendedtrack_metalb_19:lighting_suspendedtrack_metalb_low,,"[3.13916473e-07,0.0,1.0,0.0,-1.74512877e-07,1.0,5.47824657e-14,0.0,-1.0,-1.74512877e-07,3.13916473e-07,0.0,2068.02319,1490.65344,500.214294,1.0]"
level.SCNE,arena_clutchtime_int_master@arena_clutchtime_int_shared_layout@GameObjects@balcony_chairs@chair_arenacrowd_seatbackcushion_89:chair_arenacrowd_seatbackcushion_low,OBJECT,arena_clutchtime_int_master@arena_clutchtime_int_shared_layout@GameObjects@balcony_chairs@chair_arenacrowd_seatbackcushion_85:chair_arenacrowd_seatbackcushion_low,,"[-1.0,-8.74227766e-08,0.0,0.0,-8.74227766e-08,1.0,-8.74227766e-08,0.0,7.64274186e-15,-8.74227766e-08,-1.0,0.0,642.919495,1346.90601,2512.00195,1.0]"
level.SCNE,arena_clutchtime_int_master@arena_clutchtime_int_shared_layout@GameObjects@Prototype_arena_curtains_prototype@Prototype_arena@curtain100x20_arena_straight500c_194:curtain100x20_arena_straight500c,OBJECT,arena_clutchtime_int_master@arena_clutchtime_int_shared_layout@GameObjects@Prototype_arena_curtains_prototype@Prototype_arena_curtains_prototype_0@curtain100x20_arena_straight500c_8:curtain100x20_arena_straight500c,,"[-1.0,-8.74227766e-08,-1.50995803e-07,0.0,-8.74227624e-08,1.0,-8.74227766e-08,0.0,1.50995817e-07,-8.74227624e-08,-1.0,0.0,653.556763,150.346558,2869.0,1.0]"
level.SCNE,arena_clutchtime_int_master@arena_clutchtime_int_shared_layout@GameObjects@stands@clutchtime_stair_4step:clutchtime_stair_4step_low,OBJECT,arena_clutchtime_int_master@arena_clutchtime_int_shared_layout@GameObjects@stands@clutchtime_stair_4step_2:clutchtime_stair_4step_low,,"[0.374606639,0.0,-0.927183867,0.0,0.0,1.0,0.0,0.0,0.927183867,0.0,0.374606639,0.0,-1696.35596,23.349823,-2026.46802,1.0]"
level.SCNE,arena_clutchtime_int_master@arena_clutchtime_int_shared_layout@GameObjects@Prototype_arena_curtains_prototype@Prototype_arena_curtains_prototype_0@curtain100x20_arena_straight500c_134:curtain100x20_arena_straight500c,OBJECT,arena_clutchtime_int_master@arena_clutchtime_int_shared_layout@GameObjects@Prototype_arena_curtains_prototype@Prototype_arena_curtains_prototype_0@curtain100x20_arena_straight500c_8:curtain100x20_arena_straight500c,,"[1.0,0.0,0.0,0.0,0.0,1.0,0.0,0.0,0.0,0.0,1.0,0.0,552.370361,150.346558,-2869.0,1.0]"
level.SCNE,arena_clutchtime_int_master@arena_clutchtime_int_shared_layout@GameObjects@Prototype_arena_curtains_prototype@Prototype_arena_curtains_prototype_0@curtain100x20_arena_straight500c_14:curtain100x20_arena_straight500c,OBJECT,arena_clutchtime_int_master@arena_clutchtime_int_shared_layout@GameObjects@Prototype_arena_curtains_prototype@Prototype_arena_curtains_prototype_0@curtain100x20_arena_straight500c_8:curtain100x20_arena_straight500c,,"[1.0,0.0,0.0,0.0,0.0,1.0,0.0,0.0,0.0,0.0,1.0,0.0,-1052.28809,150.346558,-2969.03101,1.0]"
level.SCNE,arena_clutchtime_int_master@GameObjects@dorna@clutchtime_court_dorna_13:clutchtime_court_dorna_low,OBJECT,arena_clutchtime_int_master@GameObjects@dorna@clutchtime_court_dorna_7:clutchtime_court_dorna_low,,"[-1.0,-1.50995803e-07,0.0,0.0,-1.50995803e-07,1.0,-1.50995803e-07,0.0,2.27997332e-14,-1.50995803e-07,-1.0,0.0,-955.129883,0.0,600.0,1.0]"
level.SCNE,arena_clutchtime_int_master@arena_clutchtime_int_shared_layout@GameObjects@clutchtimecurtainstunnels1@Prototype_arena_curtains_prototype_1@curtain100x20_arena_straight400c:curtain100x20_arena_straight400c,OBJECT,arena_clutchtime_int_master@arena_clutchtime_int_shared_layout@GameObjects@clutchtimecurtainstunnels1@Prototype_arena_curtains_prototype_2@curtain100x20_arena_straight400c_9:curtain100x20_arena_straight400c,,"[-0.121869288,0.0,-0.992546141,0.0,0.0,1.0,0.0,0.0,0.992546141,0.0,-0.121869288,0.0,-2876.89893,0.0,1113.89819,1.0]"
level.SCNE,arena_clutchtime_int_master@arena_clutchtime_int_shared_layout@GameObjects@ceiling_panelslights@clutchtime_ceilingpanellight_b_3:clutchtime_ceilingpanellight_b_low,OBJECT,arena_clutchtime_int_master@arena_clutchtime_int_shared_layout@GameObjects@ceiling_panelslights@clutchtime_ceilingpanellight_b_4:clutchtime_ceilingpanellight_b_low,,"[1.94707184e-07,0.0,1.0,0.0,0.0,1.0,0.0,0.0,-1.0,0.0,1.94707184e-07,0.0,2356.73413,1457.26575,-8.58306885e-05,1.0]"
level.SCNE,arena_clutchtime_int_master@arena_clutchtime_int_shared_layout@GameObjects@ceiling_panels@clutchtime_ceilingpanel_a:clutchtime_ceilingpanel_a_low,OBJECT,arena_clutchtime_int_master@arena_clutchtime_int_shared_layout@GameObjects@ceiling_panels@clutchtime_ceilingpanel_a_0:clutchtime_ceilingpanel_a_low,,"[7.54979013e-08,0.0,1.0,0.0,0.0,1.0,0.0,0.0,-1.0,0.0,7.54979013e-08,0.0,2173.48584,1322.90686,0.003852036,1.0]"
level.SCNE,arena_clutchtime_int_master@arena_clutchtime_int_shared_layout@GameObjects@Prototype_arena_curtains_prototype@Prototype_arena_curtains_prototype_0@curtain100x20_arena_straight500c_24:curtain100x20_arena_straight500c,OBJECT,arena_clutchtime_int_master@arena_clutchtime_int_shared_layout@GameObjects@Prototype_arena_curtains_prototype@Prototype_arena_curtains_prototype_0@curtain100x20_arena_straight500c_8:curtain100x20_arena_straight500c,,"[1.0,0.0,0.0,0.0,0.0,1.0,0.0,0.0,0.0,0.0,1.0,0.0,58.6010361,759.56488,-2969.03101,1.0]"
level.SCNE,arena_clutchtime_int_master@arena_clutchtime_int_shared_layout@GameObjects@Prototype_arena_curtains_prototype@Prototype_arena_curtains_prototype_0@curtain100x20_arena_straight500c_13:curtain100x20_arena_straight500c,OBJECT,arena_clutchtime_int_master@arena_clutchtime_int_shared_layout@GameObjects@Prototype_arena_curtains_prototype@Prototype_arena_curtains_prototype_0@curtain100x20_arena_straight500c_8:curtain100x20_arena_straight500c,,"[1.0,0.0,0.0,0.0,0.0,1.0,0.0,0.0,0.0,0.0,1.0,0.0,-1151.38843,150.346558,-2969.03101,1.0]"
level.SCNE,arena_clutchtime_int_master@arena_clutchtime_int_shared_layout@GameObjects@ceiling_panels@clutchtime_ceilingpanel_c_4:clutchtime_ceilingpanel_c_low,OBJECT,arena_clutchtime_int_master@arena_clutchtime_int_shared_layout@GameObjects@ceiling_panels@clutchtime_ceilingpanel_c_5:clutchtime_ceilingpanel_c_low,,"[7.54979013e-08,0.0,-1.0,0.0,0.0,1.0,0.0,0.0,1.0,0.0,7.54979013e-08,0.0,-3451.27637,1303.35718,0.000128744,1.0]"
level.SCNE,arena_clutchtime_int_master@arena_clutchtime_int_shared_layout@GameObjects@Prototype_arena_curtains_prototype@Prototype_arena_curtains_prototype_0@curtain100x20_arena_straight500c_56:curtain100x20_arena_straight500c,OBJECT,arena_clutchtime_int_master@arena_clutchtime_int_shared_layout@GameObjects@Prototype_arena_curtains_prototype@Prototype_arena_curtains_prototype_0@curtain100x20_arena_straight500c_8:curtain100x20_arena_straight500c,,"[1.0,0.0,0.0,0.0,0.0,1.0,0.0,0.0,0.0,0.0,1.0,0.0,-1052.28809,1375.11304,-2969.03101,1.0]"
level.SCNE,arena_clutchtime_int_master@arena_clutchtime_int_shared_layout@GameObjects@balcony_chairs@chair_arenacrowd_seatbackcushion_160:chair_arenacrowd_seatbackcushion_low,OBJECT,arena_clutchtime_int_master@arena_clutchtime_int_shared_layout@GameObjects@balcony_chairs@chair_arenacrowd_seatbackcushion_85:chair_arenacrowd_seatbackcushion_low,,"[-1.0,-1.50995803e-07,0.0,0.0,-1.50995803e-07,1.0,-1.50995803e-07,0.0,2.27997332e-14,-1.50995803e-07,-1.0,0.0,-598.555847,150.346619,2650.51196,1.0]"
level.SCNE,arena_clutchtime_int_master@arena_clutchtime_int_shared_layout@GameObjects@doors@electrical_switch_double_2:light_switch_double_low,OBJECT,arena_clutchtime_int_master@arena_clutchtime_int_shared_layout@GameObjects@doors@electrical_switch_double_1:light_switch_double_low,,"[1.0,0.0,0.0,0.0,0.0,1.0,0.0,0.0,0.0,0.0,1.0,0.0,2847.00854,1154.63025,-2258.43457,1.0]"
level.SCNE,arena_clutchtime_int_master@arena_clutchtime_int_shared_layout@GameObjects@Prototype_arena_curtains_prototype@Prototype_arena_curtains_prototype_0@curtain100x20_arena_straight500c_155:curtain100x20_arena_straight500c,OBJECT,arena_clutchtime_int_master@arena_clutchtime_int_shared_layout@GameObjects@Prototype_arena_curtains_prototype@Prototype_arena_curtains_prototype_0@curtain100x20_arena_straight500c_8:curtain100x20_arena_straight500c,,"[1.0,0.0,0.0,0.0,0.0,1.0,0.0,0.0,0.0,0.0,1.0,0.0,-139.837677,1375.11304,-2869.0,1.0]"
level.SCNE,MAIN,MARKER,,,[]
level.SCNE,LIGHT_BRICK_MAP_BUILD,MARKER,,,[]
level.SCNE,LINELIGHTSHADOWINGSPOTS,MARKER,,,[]
level.SCNE,LINELIGHTSPOTAPPROXIMATIONSCALER,MARKER,,,[]
level.SCNE,IBL1,MARKER,,,[]
level.SCNE,TIME_OF_DAY,MARKER,,,[]
level.SCNE,arena_clutchtime_int_master@arena_triplethreat_int_lighting@GameObjects@IBLs@PillIbl_2,MARKER,,,[]
level.SCNE,arena_clutchtime_int_master@arena_triplethreat_int_lighting@GameObjects@IBLs@PillIbl_0,MARKER,,,[]
level.SCNE,arena_clutchtime_int_master@arena_triplethreat_int_lighting@GameObjects@IBLs@PillIbl_1,MARKER,,,[]
level.SCNE,arena_clutchtime_int_master@arena_triplethreat_int_lighting@GameObjects@IBLs@PillIbl_4,MARKER,,,[]
level.SCNE,arena_clutchtime_int_master@arena_triplethreat_int_lighting@GameObjects@IBLs@PillIbl_6,MARKER,,,[]
level.SCNE,arena_clutchtime_int_master@arena_triplethreat_int_lighting@GameObjects@court_PillIbl_1,MARKER,,,[]
level.SCNE,arena_clutchtime_int_master@arena_triplethreat_int_lighting@GameObjects@court_PillIbl_2,MARKER,,,[]
level.SCNE,arena_clutchtime_int_master@arena_triplethreat_int_lighting@GameObjects@court_PillIbl_3,MARKER,,,[]
level.SCNE,arena_clutchtime_int_master@arena_triplethreat_int_lighting@GameObjects@court_PillIbl_4,MARKER,,,[]
level.SCNE,arena_clutchtime_int_master@arena_triplethreat_int_lighting@GameObjects@court_PillIbl_5,MARKER,,,[]
level.SCNE,arena_clutchtime_int_master@arena_triplethreat_int_lighting@GameObjects@court_PillIbl_6,MARKER,,,[]
level.SCNE,arena_clutchtime_int_master@arena_triplethreat_int_lighting@GameObjects@court_PillIbl_7,MARKER,,,[]
level.SCNE,DIFFRACTION_SPIKE_EMITTER_COUNT,MARKER,,,[]
level.SCNE,VC_NBAArenaLighting,MARKER,,,[]
level.SCNE,VC_USE_RUNTIMEGI,MARKER,,,[]
level.SCNE,LIGHT_BRICK_MAP_DATA,MARKER,,,[]
level.SCNE,LEDRIBBON_BOUNDS,MARKER,,,[]
level.SCNE,NBAAWAYHEADPHYSIO,MARKER,,,[]
level.SCNE,NBAAWAYASSTCOACH1,MARKER,,,[]
level.SCNE,NBAAWAYHEADCOACH,MARKER,,,[]
level.SCNE,NBAAWAYASSTCOACH2,MARKER,,,[]
level.SCNE,NBAAWAYASSTCOACH3,MARKER,,,[]
level.SCNE,NBAAWAYPLAYER1,MARKER,,,[]
level.SCNE,NBAAWAYPLAYER2,MARKER,,,[]
level.SCNE,NBAAWAYPLAYER3,MARKER,,,[]
level.SCNE,NBAAWAYPLAYER4,MARKER,,,[]
level.SCNE,NBAAWAYPLAYER5,MARKER,,,[]
level.SCNE,NBAAWAYPLAYER6,MARKER,,,[]
level.SCNE,NBAAWAYPLAYER7,MARKER,,,[]
level.SCNE,NBAAWAYPLAYER8,MARKER,,,[]
level.SCNE,NBAAWAYPLAYERDEVCOACH,MARKER,,,[]
level.SCNE,NBAAWAYASSTCOACH4,MARKER,,,[]
level.SCNE,NBAAWAYASSTCOACH5,MARKER,,,[]
level.SCNE,NBAAWAYASSTCOACH6,MARKER,,,[]
level.SCNE,NBAAWAYASSTCOACH7,MARKER,,,[]
level.SCNE,NBAAWAYASSTCOACH8,MARKER,,,[]
level.SCNE,NBAAWAYASSTCOACH9,MARKER,,,[]
level.SCNE,NBAAWAYTRAINER1,MARKER,,,[]
level.SCNE,NBAAWAYTRAINER2,MARKER,,,[]
level.SCNE,NBAHOMEHEADPHYSIO,MARKER,,,[]
level.SCNE,NBAHOMEASSTCOACH1,MARKER,,,[]
level.SCNE,NBAHOMEHEADCOACH,MARKER,,,[]
level.SCNE,NBAHOMEASSTCOACH2,MARKER,,,[]
level.SCNE,NBAHOMEASSTCOACH3,MARKER,,,[]
level.SCNE,NBAHOMEPLAYER1,MARKER,,,[]
level.SCNE,NBAHOMEPLAYER2,MARKER,,,[]
level.SCNE,NBAHOMEPLAYER3,MARKER,,,[]
level.SCNE,NBAHOMEPLAYER4,MARKER,,,[]
level.SCNE,NBAHOMEPLAYER5,MARKER,,,[]
level.SCNE,NBAHOMEPLAYER6,MARKER,,,[]
level.SCNE,NBAHOMEPLAYER7,MARKER,,,[]
level.SCNE,NBAHOMEPLAYER8,MARKER,,,[]
level.SCNE,NBAHOMEPLAYERDEVCOACH,MARKER,,,[]
level.SCNE,NBAHOMEASSTCOACH4,MARKER,,,[]
level.SCNE,NBAHOMEASSTCOACH5,MARKER,,,[]
level.SCNE,NBAHOMEASSTCOACH6,MARKER,,,[]
level.SCNE,NBAHOMEASSTCOACH7,MARKER,,,[]
level.SCNE,NBAHOMEASSTCOACH8,MARKER,,,[]
level.SCNE,NBAHOMEASSTCOACH9,MARKER,,,[]
level.SCNE,NBAHOMETRAINER1,MARKER,,,[]
level.SCNE,NBAHOMETRAINER2,MARKER,,,[]
level.SCNE,__floor00__,OBJECT,arena_clutchtime_int_master@GameObjects@CourtFloor:floor_clutchtime_court_low,arena_clutchtime_int_master@GameObjects@CourtFloor:floor_clutchtime_court_low,"[1.0,0.0,0.0,0.0,0.0,1.0,0.0,0.0,0.0,0.0,1.0,0.0,0.0,0.0,0.0,1.0]"
level.SCNE,FLOOR,MARKER,,,[]
level_floor_lightmaps.SCNE,FLOOR,MARKER,,,[]
speedtree.SCNE,SPEEDTREE,MARKER,,,[]
