scene_file,logical_name,width,height,mips,faces,format,texel_usage,pixel_data_size,binary,embedded
baskets.SCNE,%databuild_art_root%/substance_library/graphs/led_endofquarter_bulbs/exports/led_endofquarter_bulbs_yellow_basecolor.png,32,32,6,1,BC1_UNORM,,696,led_endofquarter_bulbs_yellow_basecolor.f5913e526dcb108c.tld,True
baskets.SCNE,%databuild_art_root%/material_library/glass_backboard_s/texture/glass_backboard_s_basecolor.png,2048,2048,12,1,BC7_UNORM,,5592432,glass_backboard_s_basecolor.dd69a0491926f005.tld,False
baskets.SCNE,%databuild_art_root%/asset_library/basket_rim_nba/texture/basket_rim_nba_mat_metallic.png,1024,1024,11,1,BC1_UNORM,LINEAR,699064,basket_rim_nba_mat_metallic.0f56705a75e020f5.tld,False
baskets.SCNE,NormalAndRoughMap#cd252798_1620,256,256,9,1,BC7_UNORM,LINEAR,87408,normalandroughmap.eff76e807f4ff4d5.tld,False
baskets.SCNE,%databuild_art_root%/asset_library/basket_stanchion_all/texture/basket_stanchioni_nba_bracket_ao.png,1024,1024,11,1,BC1_UNORM,LINEAR,699064,basket_stanchioni_nba_bracket_ao.210e444c1fefab44.tld,False
baskets.SCNE,NormalAndRoughMap#b7b59aa4_1323,1024,1024,11,1,BC7_UNORM,LINEAR,1398128,normalandroughmap.fd559d0a3c5312c2.tld,False
baskets.SCNE,AddOn2NormalAndRoughMap#e5fab78d_1448,512,512,10,1,BC7_UNORM,LINEAR,349552,addon2normalandroughmap.6ec9cfee85fc0d10.tld,False
baskets.SCNE,%databuild_art_root%/substance_library/graphs/led_endofquarter_bulbs/exports/led_endofquarter_bulbs_basecolor.png,32,32,6,1,BC1_UNORM,,696,led_endofquarter_bulbs_basecolor.9f7c3b135abb1333.tld,True
baskets.SCNE,NormalAndRoughMap#914a651a_1602,32,32,6,1,BC7_UNORM,LINEAR,1392,normalandroughmap.6f25999c8b862c25.tld,True
baskets.SCNE,arena_clutchtime_int_master@GameObjects@MAIN@basket0:basket,2048,2048,2,2,R11G11B10_FLOAT,LINEAR,41943040,basket.12f048dd974b2e20.tld,False
baskets.SCNE,%databuild_art_root%/asset_library/basket_stanchion_all/texture/tissot_logo_official_horizontal_en.png,1024,1024,11,1,BC7_UNORM,,1398128,tissot_logo_official_horizontal_en.34144ef7c90319f8.tld,False
baskets.SCNE,%databuild_art_root%/material_library/glass_backboard_s/texture/glass_backboard_s_roughness.png,2048,2048,12,1,BC1_UNORM,LINEAR,2796216,glass_backboard_s_roughness.d0d07b6fef221071.tld,False
baskets.SCNE,%databuild_art_root%/asset_library/basket_stanchion_all/texture/basket_stanchioni_nba_backboard_ao.png,1024,1024,11,1,BC1_UNORM,LINEAR,699064,basket_stanchioni_nba_backboard_ao.26a2d67393606d8c.tld,False
baskets.SCNE,%databuild_art_root%/asset_library/basket_stanchion_all/texture/basket_stanchioni_nba_shotclock_n.png,1024,1024,11,1,BC7_UNORM,NORMAL,1398128,basket_stanchioni_nba_shotclock_n.c4220e07a540a66d.tld,False
baskets.SCNE,%databuild_art_root%/asset_library/_generic_textures/basket_stanchion_textures/timeboard_number_c.tga,1024,1024,11,1,BC1_UNORM,,699064,timeboard_number_c.c60892ee0d09e046.tld,False
baskets.SCNE,NormalAndRoughMap#6176bddc_1623,1024,1024,11,1,BC7_UNORM,LINEAR,1398128,normalandroughmap.40b92c49660b77d1.tld,False
baskets.SCNE,%databuild_art_root%/asset_library/_generic_textures/basket_stanchion_textures/timeboard_number_big_c.tga,1024,1024,11,1,BC1_UNORM,,699064,timeboard_number_big_c.6e50feacabb27ed8.tld,False
baskets.SCNE,%databuild_art_root%/asset_library/basket_stanchion_all/texture/basket_stanchioni_nba_backboard_n.png,1024,1024,11,1,BC7_UNORM,NORMAL,1398128,basket_stanchioni_nba_backboard_n.f3a7b06a29e6b9d9.tld,False
baskets.SCNE,AddOn2NormalAndRoughMap#4f1a67d_1452,512,512,10,1,BC7_UNORM,LINEAR,349552,addon2normalandroughmap.b2794499b311bebd.tld,False
baskets.SCNE,AddOn2NormalAndRoughMap#d27a071e_1439,512,512,10,1,BC7_UNORM,LINEAR,349552,addon2normalandroughmap.1fd3598e81606c54.tld,False
baskets.SCNE,AddOn2NormalAndRoughMap#76f5fdfc_1450,512,512,10,1,BC7_UNORM,LINEAR,349552,addon2normalandroughmap.58ad451e23fec6a4.tld,False
baskets.SCNE,%databuild_art_root%/general/defaults/shader_referenced_textures/texturebasednoise/linear_pixel_noise_midtomin/linear_pixel_noise_midtomin.dds,64,64,7,1,BC1_UNORM,LINEAR,2744,linear_pixel_noise_midtomin.04d70b2a49821636.tld,True
baskets.SCNE,%databuild_art_root%/asset_library/basket_rim_nba/texture/basket_rim_nba_mat_ambientocclusion.png,1024,1024,11,1,BC1_UNORM,LINEAR,699064,basket_rim_nba_mat_ambientocclusion.dd5c1183ccf048cc.tld,False
baskets.SCNE,arena_clutchtime_int_master@GameObjects@MAIN@basket0:basket_linelightvisibility,2048,2048,2,1,R8_UNORM,LINEAR,5242880,basket_linelightvisibility.9c8f3cee81fe15c4.tld,False
baskets.SCNE,arena_clutchtime_int_master@GameObjects@MAIN@basket1:basket_linelightvisibility,2048,2048,2,1,R8_UNORM,LINEAR,5242880,basket_linelightvisibility.8119753364ed53e4.tld,False
baskets.SCNE,%databuild_art_root%/material_library/_generic_textures/grunges/substanceprocedural_dirt_4.tga,1024,1024,11,1,BC7_UNORM,,1398128,substanceprocedural_dirt_4.38c1835fd82819d3.tld,False
baskets.SCNE,%databuild_art_root%/substance_library/graphs/vinyl_matcover/exports/vinyl_matcover_normal.png,512,512,10,1,BC7_UNORM,NORMAL,349552,vinyl_matcover_normal.e126507d32d8a19e.tld,False
baskets.SCNE,%databuild_art_root%/material_library/_generic_textures/scratches/scratches_metal_heavy.tga,512,512,10,1,BC7_UNORM,,349552,scratches_metal_heavy.8f57ecb862b65e6f.tld,False
baskets.SCNE,%databuild_art_root%/asset_library/_generic_textures/basket_stanchion_textures/timeboard_c.tga,1024,1024,11,1,BC1_UNORM,,699064,timeboard_c.100a8db064bf303b.tld,False
baskets.SCNE,NormalAndRoughMap#87d5f9fa_1762,512,512,10,1,BC7_UNORM,LINEAR,349552,normalandroughmap.30f0323864f5c026.tld,False
baskets.SCNE,%databuild_art_root%/material_library/_generic_textures/logos/flag_america_stanchion.png,512,512,10,1,BC7_UNORM,,349552,flag_america_stanchion.bd4ae1f0c2e6e019.tld,False
baskets.SCNE,NormalAndRoughMap#1a3ea9cb_1766,512,512,10,1,BC7_UNORM,LINEAR,349552,normalandroughmap.b73992c127d4bc68.tld,False
baskets.SCNE,%databuild_art_root%/substance_library/graphs/led_endofquarter_bulbs/exports/led_endofquarter_bulbs_emissive.png,32,32,6,1,BC1_UNORM,,696,led_endofquarter_bulbs_emissive.055587bef6cfdaec.tld,True
baskets.SCNE,%databuild_art_root%/asset_library/basket_stanchion_all/texture/basket_stanchioni_nba_metal_n.png,1024,1024,11,1,BC7_UNORM,NORMAL,1398128,basket_stanchioni_nba_metal_n.3718f1a6ee754968.tld,False
baskets.SCNE,%databuild_art_root%/material_library/_generic_textures/surface_variations/surface_variation_dirt2_normal.png,1024,1024,11,1,BC7_UNORM,NORMAL,1398128,surface_variation_dirt2_normal.8d99325634ca5370.tld,False
baskets.SCNE,%databuild_art_root%/asset_library/basket_stanchion_all/texture/basket_stanchioni_nba_metal_ao.png,1024,1024,11,1,BC1_UNORM,LINEAR,699064,basket_stanchioni_nba_metal_ao.88fee9533b6c0471.tld,False
baskets.SCNE,%databuild_art_root%/material_library/vinyl_stantionarm_m/texture/basket_stanchioni_nba_backboard_n.png,1024,1024,11,1,BC7_UNORM,NORMAL,1398128,basket_stanchioni_nba_backboard_n.f3a7b06a29e6b9d9.tld,False
baskets.SCNE,NormalAndRoughMap#10b896d9_1766,512,512,10,1,BC7_UNORM,LINEAR,349552,normalandroughmap.ee35104398fb8987.tld,False
baskets.SCNE,%databuild_art_root%/material_library/_generic_textures/surface_variations/surface_variation_fractalsumbase_normal.png,1024,1024,11,1,BC7_UNORM,NORMAL,1398128,surface_variation_fractalsumbase_normal.6ca724ce53e53fb8.tld,False
baskets.SCNE,%databuild_art_root%/asset_library/_generic_textures/basket_stanchion_textures/timeboard_number_timeout_c.tga,1024,1024,11,1,BC1_UNORM,,699064,timeboard_number_timeout_c.340958e0a2edc134.tld,False
baskets.SCNE,%databuild_art_root%/material_library/_generic_textures/surface_variations/fractal_blurred_normal.png,512,512,10,1,BC7_UNORM,NORMAL,349552,fractal_blurred_normal.6f16a254915312d1.tld,False
baskets.SCNE,%databuild_art_root%/material_library/_generic_textures/grunges/substanceprocedural_grunge_watery_012.tga,1024,1024,11,1,BC7_UNORM,,1398128,substanceprocedural_grunge_watery_012.bc24ea163b256663.tld,False
baskets.SCNE,NormalAndRoughMap#6c5625ce_1764,512,512,10,1,BC7_UNORM,LINEAR,349552,normalandroughmap.dd3a67d1ad43ccae.tld,False
baskets.SCNE,%databuild_art_root%/material_library/_generic_textures/surface_variations/surfacevariation_metal_gold_normal.tga,512,512,10,1,BC7_UNORM,NORMAL,349552,surfacevariation_metal_gold_normal.dc18cf9f91cb1405.tld,False
baskets.SCNE,NormalAndRoughMap#3adb5e14_1607,256,256,9,1,BC7_UNORM,LINEAR,87408,normalandroughmap.e18241fffe81af52.tld,False
baskets.SCNE,%databuild_art_root%/asset_library/basket_stanchion_all/texture/tissot_logo_official_horizontal_en_n.png,1024,1024,11,1,BC7_UNORM,NORMAL,1398128,tissot_logo_official_horizontal_en_n.ac351190ddddb1a1.tld,False
baskets.SCNE,NormalAndRoughMap#19dc7126_1623,256,256,9,1,BC7_UNORM,LINEAR,87408,normalandroughmap.c89c6b812abfdf05.tld,False
baskets.SCNE,%databuild_art_root%/asset_library/_generic_textures/basket_stanchion_textures/timeboard_number_n.tga,1024,1024,11,1,BC7_UNORM,NORMAL,1398128,timeboard_number_n.cd5a4422aea121a8.tld,False
baskets.SCNE,AddOn1NormalAndRoughMap#b4e8305a_1449,512,512,10,1,BC7_UNORM,LINEAR,349552,addon1normalandroughmap.f51e1f5b00f48605.tld,False
baskets.SCNE,%databuild_art_root%/asset_library/_generic_textures/basket_stanchion_textures/timeboard_number_big_n.tga,1024,1024,11,1,BC7_UNORM,NORMAL,1398128,timeboard_number_big_n.4e78f7d66ee2189a.tld,False
baskets.SCNE,%databuild_art_root%/asset_library/basket_stanchion_all/texture/basket_stanchioni_nba_bracket_n.png,1024,1024,11,1,BC7_UNORM,NORMAL,1398128,basket_stanchioni_nba_bracket_n.dbd6f01c60cc8dba.tld,False
baskets.SCNE,%databuild_art_root%/asset_library/basket_stanchion_all/texture/basket_stanchioni_nba_shotclock_ao.png,1024,1024,11,1,BC1_UNORM,LINEAR,699064,basket_stanchioni_nba_shotclock_ao.0331355cf6c8abe6.tld,False
baskets.SCNE,NormalAndRoughMap#3f75b1f2_1762,512,512,10,1,BC7_UNORM,LINEAR,349552,normalandroughmap.e8f6e8b08d75c1e5.tld,False
baskets.SCNE,NormalAndRoughMap#d595eca6_1763,512,512,10,1,BC7_UNORM,LINEAR,349552,normalandroughmap.836006b3889be3f9.tld,False
baskets.SCNE,%databuild_art_root%/asset_library/basket_rim_nba/texture/basket_rim_nba_mat_basecolor.png,1024,1024,11,1,BC1_UNORM,,699064,basket_rim_nba_mat_basecolor.18778bafc2885a4b.tld,False
baskets.SCNE,AddOn2NormalAndRoughMap#1d0b567_1447,512,512,10,1,BC7_UNORM,LINEAR,349552,addon2normalandroughmap.9bd19778e993b576.tld,False
baskets.SCNE,arena_clutchtime_int_master@GameObjects@MAIN@basket1:basket,2048,2048,2,2,R11G11B10_FLOAT,LINEAR,41943040,basket.19aa71bf929b9e03.tld,False
baskets.SCNE,%databuild_art_root%/material_library/_generic_textures/logos/logo_nba_current.tga,1024,1024,11,1,BC7_UNORM,,1398128,logo_nba_current.bd8b0c42ba85a7c1.tld,False
baskets.SCNE,%databuild_art_root%/material_library/_generic_textures/grunges/substanceprocedural_grunge_surface_001.tga,1024,1024,11,1,BC7_UNORM,LINEAR,1398128,substanceprocedural_grunge_surface_001.a16f5745dc4a6a6c.tld,False
baskets.SCNE,%databuild_art_root%/material_library/_generic_textures/surface_variations/surface_variation_dirt1_normal.png,1024,1024,11,1,BC7_UNORM,NORMAL,1398128,surface_variation_dirt1_normal.80b828dbf9b5c5d7.tld,False
baskets.SCNE,NormalAndRoughMap#a43999f1_1765,512,512,10,1,BC7_UNORM,LINEAR,349552,normalandroughmap.30f0323864f5c026.tld,False
crowd.SCNE,crowd_seats_pixel,8,2167,1,1,R8G8B8A8_UNORM,LINEAR,69344,crowd_seats_pixel.bc7336d499de0905.gz,False
crowd.SCNE,crowd_seats_vertex,4,2167,1,1,R8G8B8A8_UNORM,LINEAR,34672,crowd_seats_vertex.674a68d9eb68bc7a.gz,False
level.SCNE,arena_clutchtime_int_master@GameObjects@dorna@clutchtime_court_dorna_10:clutchtime_court_dorna_low,352,352,2,2,BC6H_UF16,LINEAR,309760,clutchtime_court_dorna_low.32ea4fc334c0fca6.tld,False
level.SCNE,arena_clutchtime_int_master@arena_clutchtime_int_shared_layout@GameObjects@doors@doorframe_interiorhingeless_double_2:doorframe_interiorhingeless_double_low,104,104,2,2,BC6H_UF16,LINEAR,27040,doorframe_interiorhingeless_double_low.1bb324b34a6022ca.tld,True
level.SCNE,arena_clutchtime_int_master@arena_clutchtime_int_shared_layout@GameObjects@balcony_lights@light_ceilinga_round_74:light_ceilinga_round_low_linelightvisibility,16,16,2,1,BC4_UNORM,LINEAR,160,light_ceilinga_round_low_linelightvisibility.bbb5c16588a49e77.tld,True
level.SCNE,arena_clutchtime_int_master@arena_clutchtime_int_shared_layout@GameObjects@balcony_chairs@chair_arenacrowd_seatbackcushion_71:chair_arenacrowd_seatbackcushion_low_linelightvisibility,88,88,2,1,BC4_UNORM,LINEAR,4840,chair_arenacrowd_seatbackcushion_low_linelightvisibility.cdcced57da6d1070.tld,True
level.SCNE,arena_clutchtime_int_master@arena_clutchtime_int_shared_layout@GameObjects@Prototype_arena_curtains_prototype@Prototype_arena_curtains_prototype_0@curtain100x20_arena_straight500c_33:curtain100x20_arena_straight500c_linelightvisibility,72,72,2,1,BC4_UNORM,LINEAR,3240,curtain100x20_arena_straight500c_linelightvisibility.2ecec2b6370d05ce.tld,True
level.SCNE,arena_clutchtime_int_master@arena_clutchtime_int_shared_layout@GameObjects@ceiling_panelslights@clutchtime_ceilingpanellight_a_4:clutchtime_ceilingpanellight_a_low,1200,1200,2,2,BC6H_UF16,LINEAR,3600000,clutchtime_ceilingpanellight_a_low.8b5867b118458247.tld,False
level.SCNE,arena_clutchtime_int_master@arena_clutchtime_int_shared_layout@GameObjects@Prototype_arena_curtains_prototype@Prototype_arena_curtains_prototype_0@curtain100x20_arena_straight500c_32:curtain100x20_arena_straight500c_linelightvisibility,72,72,2,1,BC4_UNORM,LINEAR,3240,curtain100x20_arena_straight500c_linelightvisibility.2ecec2b6370d05ce.tld,True
level.SCNE,arena_clutchtime_int_master@GameObjects@dorna@clutchtime_court_dorna_11:clutchtime_court_dorna_low,352,352,2,2,BC6H_UF16,LINEAR,309760,clutchtime_court_dorna_low.9c2122a4c9c11209.tld,False
level.SCNE,arena_clutchtime_int_master@arena_clutchtime_int_shared_layout@GameObjects@clutchtimecurtainstunnels1@Prototype_arena_curtains_prototype_2@curtain100x20_arena_straight300c_2:curtain100x20_arena_straight300c_linelightvisibility,56,56,2,1,BC4_UNORM,LINEAR,1960,curtain100x20_arena_straight300c_linelightvisibility.49e70862deee7549.tld,True
level.SCNE,arena_clutchtime_int_master@arena_clutchtime_int_shared_layout@GameObjects@balcony@clutchtime_balcony_b_8:clutchtime_balcony_b_low,584,584,2,2,BC6H_UF16,LINEAR,852640,clutchtime_balcony_b_low.b781710f0d3a86e0.tld,False
level.SCNE,arena_clutchtime_int_master@arena_clutchtime_int_shared_layout@GameObjects@balcony_lights@light_ceilinga_round_35:light_ceilinga_round_low_linelightvisibility,16,16,2,1,BC4_UNORM,LINEAR,160,light_ceilinga_round_low_linelightvisibility.bbb5c16588a49e77.tld,True
level.SCNE,arena_clutchtime_int_master@arena_clutchtime_int_shared_layout@GameObjects@balcony_chairs@chair_arenacrowd_seatbackcushion_44:chair_arenacrowd_seatbackcushion_low_linelightvisibility,88,88,2,1,BC4_UNORM,LINEAR,4840,chair_arenacrowd_seatbackcushion_low_linelightvisibility.cdcced57da6d1070.tld,True
level.SCNE,arena_clutchtime_int_master@arena_clutchtime_int_shared_layout@GameObjects@balcony_chairs@chair_arenacrowd_seatbackcushion_89:chair_arenacrowd_seatbackcushion_low_linelightvisibility,88,88,2,1,BC4_UNORM,LINEAR,4840,chair_arenacrowd_seatbackcushion_low_linelightvisibility.cdcced57da6d1070.tld,True
level.SCNE,arena_clutchtime_int_master@arena_clutchtime_int_shared_layout@GameObjects@ceiling_panels@clutchtime_ceilingpanel_b_0:clutchtime_ceilingpanel_b_low_linelightvisibility,776,776,2,1,BC4_UNORM,LINEAR,376360,clutchtime_ceilingpanel_b_low_linelightvisibility.986325f0b2280183.tld,False
level.SCNE,arena_clutchtime_int_master@arena_clutchtime_int_shared_layout@GameObjects@Prototype_arena_curtains_prototype@Prototype_arena_curtains_prototype_0@curtain100x20_arena_straight500c_30:curtain100x20_arena_straight500c_linelightvisibility,72,72,2,1,BC4_UNORM,LINEAR,3240,curtain100x20_arena_straight500c_linelightvisibility.2ecec2b6370d05ce.tld,True
level.SCNE,arena_clutchtime_int_master@arena_clutchtime_int_shared_layout@GameObjects@stands@clutchtime_ceilingpanel_f_6:clutchtime_ceilingpanel_f_low,864,864,2,2,BC6H_UF16,LINEAR,1866240,clutchtime_ceilingpanel_f_low.b79d4288f6d8d8a1.tld,False
level.SCNE,arena_clutchtime_int_master@arena_clutchtime_int_shared_layout@GameObjects@mural_lights@lighting_suspendedtrack_metalb_23:lighting_suspendedtrack_metalb_low,120,120,2,2,BC6H_UF16,LINEAR,36000,lighting_suspendedtrack_metalb_low.39d3f9d636489350.tld,True
level.SCNE,arena_clutchtime_int_master@GameObjects@dorna@clutchtime_court_dorna_13:clutchtime_court_dorna_low,352,352,2,2,BC6H_UF16,LINEAR,309760,clutchtime_court_dorna_low.829369cbd8440c64.tld,False
level.SCNE,arena_clutchtime_int_master@arena_clutchtime_int_shared_layout@GameObjects@balcony_chairs@chair_arenacrowd_seatbackcushion_68:chair_arenacrowd_seatbackcushion_low,88,88,2,2,BC6H_UF16,LINEAR,19360,chair_arenacrowd_seatbackcushion_low.55d0d87fc0e8aeb3.tld,True
level.SCNE,arena_clutchtime_int_master@GameObjects@dorna@clutchtime_court_dorna_12:clutchtime_court_dorna_low,352,352,2,2,BC6H_UF16,LINEAR,309760,clutchtime_court_dorna_low.9e1566431efb8fd7.tld,False
level.SCNE,arena_clutchtime_int_master@arena_clutchtime_int_shared_layout@GameObjects@clutchtimecurtainstunnels1@Prototype_arena_curtains_prototype_2@curtain100x20_arena_straight300c_1:curtain100x20_arena_straight300c_linelightvisibility,56,56,2,1,BC4_UNORM,LINEAR,1960,curtain100x20_arena_straight300c_linelightvisibility.49e70862deee7549.tld,True
level.SCNE,arena_clutchtime_int_master@arena_clutchtime_int_shared_layout@GameObjects@mural_lights@lighting_suspendedtrack_metalb_39:lighting_suspendedtrack_metalb_low,120,120,2,2,BC6H_UF16,LINEAR,36000,lighting_suspendedtrack_metalb_low.f67e425b8870247e.tld,True
level.SCNE,arena_clutchtime_int_master@arena_clutchtime_int_shared_layout@GameObjects@balcony_lights@light_ceilinga_round_66:light_ceilinga_round_low,16,16,2,2,BC6H_UF16,LINEAR,640,light_ceilinga_round_low.857e5a3f18a13cc5.tld,True
level.SCNE,arena_clutchtime_int_master@arena_clutchtime_int_shared_layout@GameObjects@balcony@clutchtime_balcony_railing_2:clutchtime_balcony_railing_low,104,104,2,2,BC6H_UF16,LINEAR,27040,clutchtime_balcony_railing_low.c031c83a849568ea.tld,True
level.SCNE,arena_clutchtime_int_master@arena_clutchtime_int_shared_layout@GameObjects@ceiling_panelslights@clutchtime_ceilingpanellight_e_1:clutchtime_ceilingpanellight_e_low,1168,1168,2,2,BC6H_UF16,LINEAR,3410560,clutchtime_ceilingpanellight_e_low.22f1894ba5e7b686.tld,False
level.SCNE,arena_clutchtime_int_master@arena_clutchtime_int_shared_layout@GameObjects@Prototype_arena_curtains_prototype@Prototype_arena_curtains_prototype_0@curtain100x20_arena_straight500c_31:curtain100x20_arena_straight500c_linelightvisibility,72,72,2,1,BC4_UNORM,LINEAR,3240,curtain100x20_arena_straight500c_linelightvisibility.2ecec2b6370d05ce.tld,True
level.SCNE,arena_clutchtime_int_master@arena_clutchtime_int_shared_layout@GameObjects@ceiling@clutchtime_ceiling_c:clutchtime_ceiling_c_low,1120,1120,2,2,BC6H_UF16,LINEAR,3136000,clutchtime_ceiling_c_low.3264859e8fa13abf.tld,False
level.SCNE,arena_clutchtime_int_master@GameObjects@dorna@clutchtime_court_dorna_17:clutchtime_court_dorna_low,352,352,2,2,BC6H_UF16,LINEAR,309760,clutchtime_court_dorna_low.c5018b6bb03cc127.tld,False
level.SCNE,NormalAndRoughMap#7b1e8eb5_1538,1024,1024,11,1,BC7_UNORM,LINEAR,1398128,normalandroughmap.cec22ac7545c7488.tld,False
level.SCNE,arena_clutchtime_int_master@arena_clutchtime_int_shared_layout@GameObjects@balcony@clutchtime_balcony_b_0:clutchtime_balcony_b_low_linelightvisibility,584,584,2,1,BC4_UNORM,LINEAR,213160,clutchtime_balcony_b_low_linelightvisibility.a9e3bd16c6faf7de.tld,False
level.SCNE,arena_clutchtime_int_master@arena_clutchtime_int_shared_layout@GameObjects@balcony_chairs@chair_arenacrowd_seatbackcushion_157:chair_arenacrowd_seatbackcushion_low,88,88,2,2,BC6H_UF16,LINEAR,19360,chair_arenacrowd_seatbackcushion_low.93c66a293d121a49.tld,True
level.SCNE,arena_clutchtime_int_master@arena_clutchtime_int_shared_layout@GameObjects@balcony_lights@light_ceilinga_round_29:light_ceilinga_round_low_linelightvisibility,16,16,2,1,BC4_UNORM,LINEAR,160,light_ceilinga_round_low_linelightvisibility.bbb5c16588a49e77.tld,True
level.SCNE,arena_clutchtime_int_master@arena_clutchtime_int_shared_layout@GameObjects@mural_lights@lighting_suspendedtrack_metalb_14:lighting_suspendedtrack_metalb_low,120,120,2,2,BC6H_UF16,LINEAR,36000,lighting_suspendedtrack_metalb_low.2bc6d9cb3684a3ee.tld,True
level.SCNE,arena_clutchtime_int_master@arena_clutchtime_int_shared_layout@GameObjects@balcony_chairs@chair_arenacrowd_seatbackcushion_144:chair_arenacrowd_seatbackcushion_low_linelightvisibility,88,88,2,1,BC4_UNORM,LINEAR,4840,chair_arenacrowd_seatbackcushion_low_linelightvisibility.5ed23829b8f9759c.tld,True
level.SCNE,arena_clutchtime_int_master@arena_clutchtime_int_shared_layout@GameObjects@balcony_chairs@chair_arenacrowd_seatbackcushion_96:chair_arenacrowd_seatbackcushion_low,88,88,2,2,BC6H_UF16,LINEAR,19360,chair_arenacrowd_seatbackcushion_low.f0395e6a2a03aa53.tld,True
level.SCNE,arena_clutchtime_int_master@arena_clutchtime_int_shared_layout@GameObjects@balcony@clutchtime_ceiling_balcony_2:clutchtime_ceiling_balcony_low,96,96,2,2,BC6H_UF16,LINEAR,23040,clutchtime_ceiling_balcony_low.dcbead4807870fbc.tld,True
level.SCNE,arena_clutchtime_int_master@arena_clutchtime_int_shared_layout@GameObjects@mural_lights@lighting_suspendedtrack_metalb_5:lighting_suspendedtrack_metalb_low,120,120,2,2,BC6H_UF16,LINEAR,36000,lighting_suspendedtrack_metalb_low.ee1a45c5447cef56.tld,True
level.SCNE,arena_clutchtime_int_master@arena_clutchtime_int_shared_layout@GameObjects@Prototype_arena_curtains_prototype@Prototype_arena_curtains_prototype_0@curtain100x20_arena_straight500c_34:curtain100x20_arena_straight500c_linelightvisibility,72,72,2,1,BC4_UNORM,LINEAR,3240,curtain100x20_arena_straight500c_linelightvisibility.2ecec2b6370d05ce.tld,True
level.SCNE,arena_clutchtime_int_master@arena_clutchtime_int_shared_layout@GameObjects@balcony@clutchtime_balcony_a_2:clutchtime_balcony_a_low,696,696,2,2,BC6H_UF16,LINEAR,1211040,clutchtime_balcony_a_low.0186c5fd9358ab4d.tld,False
level.SCNE,arena_clutchtime_int_master@arena_clutchtime_int_shared_layout@GameObjects@balcony_lights@light_ceilinga_round_68:light_ceilinga_round_low_linelightvisibility,16,16,2,1,BC4_UNORM,LINEAR,160,light_ceilinga_round_low_linelightvisibility.bbb5c16588a49e77.tld,True
level.SCNE,arena_clutchtime_int_master@arena_clutchtime_int_shared_layout@GameObjects@doors@door_interiorwindowb_leftdbl_6:door_interiorwindowb_leftdbl,112,112,2,2,BC6H_UF16,LINEAR,31360,door_interiorwindowb_leftdbl.74216ab7f1942aab.tld,True
level.SCNE,%databuild_art_root%/substance_library/graphs/metal_aluminium/exports/metal_aluminium_basecolor.png,1024,1024,11,1,BC1_UNORM,,699064,metal_aluminium_basecolor.d8b27ce831ee6d11.tld,False
level.SCNE,arena_clutchtime_int_master@arena_clutchtime_int_shared_layout@GameObjects@Prototype_arena_curtains_prototype@Prototype_arena_curtains_prototype_0@curtain100x20_arena_straight500c_35:curtain100x20_arena_straight500c_linelightvisibility,72,72,2,1,BC4_UNORM,LINEAR,3240,curtain100x20_arena_straight500c_linelightvisibility.2ecec2b6370d05ce.tld,True
level.SCNE,arena_clutchtime_int_master@GameObjects@dorna@clutchtime_court_dorna_16:clutchtime_court_dorna_low,352,352,2,2,BC6H_UF16,LINEAR,309760,clutchtime_court_dorna_low.840cad5a4fc97b76.tld,False
level.SCNE,arena_clutchtime_int_master@arena_clutchtime_int_shared_layout@GameObjects@Prototype_arena_curtains_prototype@Prototype_arena_curtains_prototype_0@curtain100x20_arena_straight500c_25:curtain100x20_arena_straight500c,72,72,2,2,BC6H_UF16,LINEAR,12960,curtain100x20_arena_straight500c.598af9beaca4c44c.tld,True
level.SCNE,arena_clutchtime_int_master@arena_clutchtime_int_shared_layout@GameObjects@doors@sign_exit_generic_2:sign_exit_generic_linelightvisibility,24,24,2,1,BC4_UNORM,LINEAR,360,sign_exit_generic_linelightvisibility.bff29216041431a6.tld,True
level.SCNE,%databuild_art_root%/asset_library/chair_arena_kit/texture/chair_arenacrowd_seatbackcushion_mat_ao.png,1024,1024,11,1,BC1_UNORM,LINEAR,699064,chair_arenacrowd_seatbackcushion_mat_ao.e37849c7afa249d7.tld,False
level.SCNE,NormalAndRoughMap#a01c7991_1424,1024,1024,11,1,BC7_UNORM,LINEAR,1398128,normalandroughmap.599f9bc1f8539a8e.tld,False
level.SCNE,arena_clutchtime_int_master@arena_clutchtime_int_shared_layout@GameObjects@Prototype_arena_curtains_prototype@Prototype_arena_curtains_prototype_0@curtain100x20_arena_straight500c_37:curtain100x20_arena_straight500c_linelightvisibility,72,72,2,1,BC4_UNORM,LINEAR,3240,curtain100x20_arena_straight500c_linelightvisibility.2ecec2b6370d05ce.tld,True
level.SCNE,arena_clutchtime_int_master@arena_clutchtime_int_shared_layout@GameObjects@balcony_lights@light_ceilinga_round_41:light_ceilinga_round_low,16,16,2,2,BC6H_UF16,LINEAR,640,light_ceilinga_round_low.326d13482f23ae6d.tld,True
level.SCNE,arena_clutchtime_int_master@arena_clutchtime_int_shared_layout@GameObjects@Prototype_arena_curtains_prototype@Prototype_arena_curtains_prototype_0@curtain100x20_arena_straight500c_55:curtain100x20_arena_straight500c,72,72,2,2,BC6H_UF16,LINEAR,12960,curtain100x20_arena_straight500c.5834622414d485ae.tld,True
level.SCNE,arena_clutchtime_int_master@arena_clutchtime_int_shared_layout@GameObjects@balcony@clutchtime_ceiling_balcony_1:clutchtime_ceiling_balcony_low_linelightvisibility,96,96,2,1,BC4_UNORM,LINEAR,5760,clutchtime_ceiling_balcony_low_linelightvisibility.6ec3ec823d4adbf9.tld,True
level.SCNE,arena_clutchtime_int_master@arena_clutchtime_int_shared_layout@GameObjects@ceiling_panelslights@clutchtime_ceilingpanellight_d_1:clutchtime_ceilingpanellight_d_low_linelightvisibility,1160,1160,2,1,BC4_UNORM,LINEAR,841000,clutchtime_ceilingpanellight_d_low_linelightvisibility.f70e010a922fa5ef.tld,False
level.SCNE,arena_clutchtime_int_master@arena_clutchtime_int_shared_layout@GameObjects@balcony_chairs@chair_arenacrowd_seatbackcushion_144:chair_arenacrowd_seatbackcushion_low,88,88,2,2,BC6H_UF16,LINEAR,19360,chair_arenacrowd_seatbackcushion_low.592b44ebd1333d75.tld,True
level.SCNE,arena_clutchtime_int_master@GameObjects@dorna@clutchtime_court_dorna_15:clutchtime_court_dorna_low,352,352,2,2,BC6H_UF16,LINEAR,309760,clutchtime_court_dorna_low.a27bfa1fac5fa1df.tld,False
level.SCNE,arena_clutchtime_int_master@arena_clutchtime_int_shared_layout@GameObjects@ceiling_panelslights@clutchtime_ceilingpanellight_h:clutchtime_ceilingpanellight_h_low_linelightvisibility,1936,1936,2,1,BC4_UNORM,LINEAR,2342560,clutchtime_ceilingpanellight_h_low_linelightvisibility.dbfdeddcb648e6e3.tld,False
level.SCNE,arena_clutchtime_int_master@arena_clutchtime_int_shared_layout@GameObjects@Prototype_arena_curtains_prototype@Prototype_arena_curtains_prototype_0@curtain100x20_arena_straight500c_36:curtain100x20_arena_straight500c_linelightvisibility,72,72,2,1,BC4_UNORM,LINEAR,3240,curtain100x20_arena_straight500c_linelightvisibility.2ecec2b6370d05ce.tld,True
level.SCNE,arena_clutchtime_int_master@arena_clutchtime_int_shared_layout@GameObjects@balcony_lights@light_ceilinga_round_78:light_ceilinga_round_low,16,16,2,2,BC6H_UF16,LINEAR,640,light_ceilinga_round_low.08b9944a1dc88670.tld,True
level.SCNE,arena_clutchtime_int_master@arena_clutchtime_int_shared_layout@GameObjects@balcony_chairs@chair_arenacrowd_seatbackcushion_85:chair_arenacrowd_seatbackcushion_low,88,88,2,2,BC6H_UF16,LINEAR,19360,chair_arenacrowd_seatbackcushion_low.c2e1e24da31d7710.tld,True
level.SCNE,court_pillibl_7AlbedoMetalness.bcd713de,128,128,1,6,BC7_UNORM,,98304,court_pillibl_7albedometalness.51fc817846d9699c.tld,False
level.SCNE,arena_clutchtime_int_master@arena_clutchtime_int_shared_layout@GameObjects@balcony_lights@light_ceilinga_round_28:light_ceilinga_round_low,16,16,2,2,BC6H_UF16,LINEAR,640,light_ceilinga_round_low.240d6363396c8ea3.tld,True
level.SCNE,arena_clutchtime_int_master@arena_clutchtime_int_shared_layout@GameObjects@balcony_chairs@chair_arenacrowd_seatbackcushion_152:chair_arenacrowd_seatbackcushion_low_linelightvisibility,88,88,2,1,BC4_UNORM,LINEAR,4840,chair_arenacrowd_seatbackcushion_low_linelightvisibility.57cce27dfe127860.tld,True
level.SCNE,arena_clutchtime_int_master@arena_clutchtime_int_shared_layout@GameObjects@ceiling_panels@clutchtime_ceilingpanel_c_6:clutchtime_ceilingpanel_c_low_linelightvisibility,776,776,2,1,BC4_UNORM,LINEAR,376360,clutchtime_ceilingpanel_c_low_linelightvisibility.986325f0b2280183.tld,False
level.SCNE,arena_clutchtime_int_master@arena_clutchtime_int_shared_layout@GameObjects@balcony@clutchtime_balcony_a_1:clutchtime_balcony_a_low_linelightvisibility,696,696,2,1,BC4_UNORM,LINEAR,302760,clutchtime_balcony_a_low_linelightvisibility.2f589d455d4e9070.tld,False
level.SCNE,arena_clutchtime_int_master@arena_clutchtime_int_shared_layout@GameObjects@balcony_lights@light_ceilinga_round_13:light_ceilinga_round_low_linelightvisibility,16,16,2,1,BC4_UNORM,LINEAR,160,light_ceilinga_round_low_linelightvisibility.bbb5c16588a49e77.tld,True
level.SCNE,arena_clutchtime_int_master@arena_clutchtime_int_shared_layout@GameObjects@ceiling_panelslights@clutchtime_ceilingpanellight_b_1:clutchtime_ceilingpanellight_b_low_linelightvisibility,1272,1272,2,1,BC4_UNORM,LINEAR,1011240,clutchtime_ceilingpanellight_b_low_linelightvisibility.670587e2458e6b68.tld,False
level.SCNE,arena_clutchtime_int_master@arena_clutchtime_int_shared_layout@GameObjects@Prototype_arena_curtains_prototype@Prototype_arena_curtains_prototype_0@curtain100x20_arena_straight500c_151:curtain100x20_arena_straight500c,72,72,2,2,BC6H_UF16,LINEAR,12960,curtain100x20_arena_straight500c.814df99c6ba27eda.tld,True
level.SCNE,arena_clutchtime_int_master@arena_clutchtime_int_shared_layout@GameObjects@Prototype_arena_curtains_prototype@Prototype_arena@curtain100x20_arena_straight500c_162:curtain100x20_arena_straight500c,72,72,2,2,BC6H_UF16,LINEAR,12960,curtain100x20_arena_straight500c.8c3ab0a8e666715c.tld,True
level.SCNE,arena_clutchtime_int_master@arena_clutchtime_int_shared_layout@GameObjects@balcony_lights@light_ceilinga_round_11:light_ceilinga_round_low,16,16,2,2,BC6H_UF16,LINEAR,640,light_ceilinga_round_low.dadd1080d72e2db6.tld,True
level.SCNE,arena_clutchtime_int_master@arena_clutchtime_int_shared_layout@GameObjects@balcony_lights@light_ceilinga_round_52:light_ceilinga_round_low_linelightvisibility,16,16,2,1,BC4_UNORM,LINEAR,160,light_ceilinga_round_low_linelightvisibility.bbb5c16588a49e77.tld,True
level.SCNE,arena_clutchtime_int_master@arena_clutchtime_int_shared_layout@GameObjects@doors@electrical_switch_double_1:light_switch_double_low,32,32,2,2,BC6H_UF16,LINEAR,2560,light_switch_double_low.3c51c1096eb41511.tld,True
level.SCNE,arena_clutchtime_int_master@arena_clutchtime_int_shared_layout@GameObjects@Prototype_arena_curtains_prototype@Prototype_arena@curtain100x20_arena_straight500c_112:curtain100x20_arena_straight500c,72,72,2,2,BC6H_UF16,LINEAR,12960,curtain100x20_arena_straight500c.3ad42afeb47d88c5.tld,True
level.SCNE,arena_clutchtime_int_master@arena_clutchtime_int_shared_layout@GameObjects@balcony_chairs@chair_arenacrowd_seatbackcushion_108:chair_arenacrowd_seatbackcushion_low,88,88,2,2,BC6H_UF16,LINEAR,19360,chair_arenacrowd_seatbackcushion_low.ebd18ef680cfa20b.tld,True
level.SCNE,arena_clutchtime_int_master@arena_clutchtime_int_shared_layout@GameObjects@ceiling_panelslights@clutchtime_ceilingpanellight_b_4:clutchtime_ceilingpanellight_b_low,1272,1272,2,2,BC6H_UF16,LINEAR,4044960,clutchtime_ceilingpanellight_b_low.cbbc407912aef4b9.tld,False
level.SCNE,court_pillibl_3AlbedoMetalness.bbbad7c7,128,128,1,6,BC7_UNORM,,98304,court_pillibl_3albedometalness.a512c49504f22cce.tld,False
level.SCNE,arena_clutchtime_int_master@arena_clutchtime_int_shared_layout@GameObjects@ceiling_panels@clutchtime_ceilingpanel_a:clutchtime_ceilingpanel_a_low,776,776,2,2,BC6H_UF16,LINEAR,1505440,clutchtime_ceilingpanel_a_low.334e0b77e91fcaf6.tld,False
level.SCNE,arena_clutchtime_int_master@arena_clutchtime_int_shared_layout@GameObjects@balcony_chairs@chair_arenacrowd_seatbackcushion_138:chair_arenacrowd_seatbackcushion_low_linelightvisibility,88,88,2,1,BC4_UNORM,LINEAR,4840,chair_arenacrowd_seatbackcushion_low_linelightvisibility.496c276b17bd3ffe.tld,True
level.SCNE,arena_clutchtime_int_master@arena_clutchtime_int_shared_layout@GameObjects@Prototype_arena_curtains_prototype@Prototype_arena_curtains_prototype_0@curtain100x20_arena_straight500c_3:curtain100x20_arena_straight500c,72,72,2,2,BC6H_UF16,LINEAR,12960,curtain100x20_arena_straight500c.888f3d1ac0bad41d.tld,True
level.SCNE,NormalAndRoughMap#a68a9e37_1345,2048,2048,12,1,BC7_UNORM,LINEAR,5592432,normalandroughmap.6198a54e768d2ef7.tld,False
level.SCNE,arena_clutchtime_int_master@arena_clutchtime_int_shared_layout@GameObjects@balcony_chairs@chair_arenacrowd_seatbackcushion_9:chair_arenacrowd_seatbackcushion_low,88,88,2,2,BC6H_UF16,LINEAR,19360,chair_arenacrowd_seatbackcushion_low.c42a256223fe6270.tld,True
level.SCNE,arena_clutchtime_int_master@arena_clutchtime_int_shared_layout@GameObjects@balcony_chairs@chair_arenacrowd_seatbackcushion_11:chair_arenacrowd_seatbackcushion_low,88,88,2,2,BC6H_UF16,LINEAR,19360,chair_arenacrowd_seatbackcushion_low.4acdcdc46d6cb4f2.tld,True
level.SCNE,arena_clutchtime_int_master@arena_clutchtime_int_shared_layout@GameObjects@stands@clutchtime_stair_3step_14:clutchtime_stair_3step_low_linelightvisibility,80,80,2,1,BC4_UNORM,LINEAR,4000,clutchtime_stair_3step_low_linelightvisibility.e459a7044e5be3c6.tld,True
level.SCNE,arena_clutchtime_int_master@arena_clutchtime_int_shared_layout@GameObjects@balcony_chairs@chair_arenacrowd_seatbackcushion_67:chair_arenacrowd_seatbackcushion_low_linelightvisibility,88,88,2,1,BC4_UNORM,LINEAR,4840,chair_arenacrowd_seatbackcushion_low_linelightvisibility.cdcced57da6d1070.tld,True
level.SCNE,pillibl_0Depth.3604d8e7,128,128,1,6,BC6H_UF16,LINEAR,98304,pillibl_0depth.5b5fa734a02545d8.tld,False
level.SCNE,arena_clutchtime_int_master@arena_clutchtime_int_shared_layout@GameObjects@balcony_lights@light_ceilinga_round_36:light_ceilinga_round_low,16,16,2,2,BC6H_UF16,LINEAR,640,light_ceilinga_round_low.f267fa3e11bba59d.tld,True
level.SCNE,arena_clutchtime_int_master@arena_clutchtime_int_shared_layout@GameObjects@Prototype_arena_curtains_prototype@Prototype_arena@curtain100x20_arena_straight500c_81:curtain100x20_arena_straight500c,72,72,2,2,BC6H_UF16,LINEAR,12960,curtain100x20_arena_straight500c.7e4f935b2ebaebf0.tld,True
level.SCNE,arena_clutchtime_int_master@arena_clutchtime_int_shared_layout@GameObjects@doors@sign_exit_generic_12:sign_exit_generic_linelightvisibility,24,24,2,1,BC4_UNORM,LINEAR,360,sign_exit_generic_linelightvisibility.bff29216041431a6.tld,True
level.SCNE,arena_clutchtime_int_master@arena_clutchtime_int_shared_layout@GameObjects@doors@door_interiorwindowb_leftdbl_4:door_interiorwindowb_leftdbl_linelightvisibility,112,112,2,1,BC4_UNORM,LINEAR,7840,door_interiorwindowb_leftdbl_linelightvisibility.726f2c08afd99930.tld,True
level.SCNE,arena_clutchtime_int_master@arena_clutchtime_int_shared_layout@GameObjects@balcony_chairs@chair_arenacrowd_seatbackcushion_52:chair_arenacrowd_seatbackcushion_low_linelightvisibility,88,88,2,1,BC4_UNORM,LINEAR,4840,chair_arenacrowd_seatbackcushion_low_linelightvisibility.cdcced57da6d1070.tld,True
level.SCNE,%databuild_art_root%/substance_library/graphs/concrete_slats/exports/concrete_slats_ambientocclusion.png,1024,1024,11,1,BC1_UNORM,LINEAR,699064,concrete_slats_ambientocclusion.475dca5975aabe34.tld,False
level.SCNE,arena_clutchtime_int_master@arena_clutchtime_int_shared_layout@GameObjects@balcony_chairs@chair_arenacrowd_seatbackcushion_37:chair_arenacrowd_seatbackcushion_low,88,88,2,2,BC6H_UF16,LINEAR,19360,chair_arenacrowd_seatbackcushion_low.6b1c56f207f02eef.tld,True
level.SCNE,arena_clutchtime_int_master@arena_clutchtime_int_shared_layout@GameObjects@balcony_chairs@chair_arenacrowd_seatbackcushion_24:chair_arenacrowd_seatbackcushion_low,88,88,2,2,BC6H_UF16,LINEAR,19360,chair_arenacrowd_seatbackcushion_low.8ee024c72c9ec135.tld,True
level.SCNE,arena_clutchtime_int_master@arena_clutchtime_int_shared_layout@GameObjects@Prototype_arena_curtains_prototype@Prototype_arena_curtains_prototype_0@curtain100x20_arena_straight500c_39:curtain100x20_arena_straight500c_linelightvisibility,72,72,2,1,BC4_UNORM,LINEAR,3240,curtain100x20_arena_straight500c_linelightvisibility.2ecec2b6370d05ce.tld,True
level.SCNE,arena_clutchtime_int_master@arena_clutchtime_int_shared_layout@GameObjects@balcony_lights@light_ceilinga_round_1:light_ceilinga_round_low_linelightvisibility,16,16,2,1,BC4_UNORM,LINEAR,160,light_ceilinga_round_low_linelightvisibility.bbb5c16588a49e77.tld,True
level.SCNE,arena_clutchtime_int_master@arena_clutchtime_int_shared_layout@GameObjects@Prototype_arena_curtains_prototype@Prototype_arena_curtains_prototype_0@curtain100x20_arena_straight500c_38:curtain100x20_arena_straight500c_linelightvisibility,72,72,2,1,BC4_UNORM,LINEAR,3240,curtain100x20_arena_straight500c_linelightvisibility.2ecec2b6370d05ce.tld,True
level.SCNE,arena_clutchtime_int_master@arena_clutchtime_int_shared_layout@GameObjects@doors@doorframe_interiorhingeless_double_6:doorframe_interiorhingeless_double_low_linelightvisibility,104,104,2,1,BC4_UNORM,LINEAR,6760,doorframe_interiorhingeless_double_low_linelightvisibility.415df97535cc75a1.tld,True
level.SCNE,arena_clutchtime_int_master@arena_clutchtime_int_shared_layout@GameObjects@balcony_chairs@chair_arenacrowd_seatbackcushion_38:chair_arenacrowd_seatbackcushion_low_linelightvisibility,88,88,2,1,BC4_UNORM,LINEAR,4840,chair_arenacrowd_seatbackcushion_low_linelightvisibility.cdcced57da6d1070.tld,True
level.SCNE,arena_clutchtime_int_master@arena_clutchtime_int_shared_layout@GameObjects@Prototype_arena_curtains_prototype@Prototype_arena@curtain100x20_arena_straight500c_182:curtain100x20_arena_straight500c,72,72,2,2,BC6H_UF16,LINEAR,12960,curtain100x20_arena_straight500c.0b6585903e171220.tld,True
level.SCNE,arena_clutchtime_int_master@arena_clutchtime_int_shared_layout@GameObjects@Prototype_arena_curtains_prototype@Prototype_arena_curtains_prototype_0@curtain100x20_arena_straight500c_137:curtain100x20_arena_straight500c_linelightvisibility,72,72,2,1,BC4_UNORM,LINEAR,3240,curtain100x20_arena_straight500c_linelightvisibility.2ecec2b6370d05ce.tld,True
level.SCNE,arena_clutchtime_int_master@arena_clutchtime_int_shared_layout@GameObjects@Prototype_arena_curtains_prototype@Prototype_arena_curtains_prototype_0@curtain100x20_arena_straight500c_33:curtain100x20_arena_straight500c,72,72,2,2,BC6H_UF16,LINEAR,12960,curtain100x20_arena_straight500c.241cd0e58af39826.tld,True
level.SCNE,arena_clutchtime_int_master@arena_clutchtime_int_shared_layout@GameObjects@scorecube@clutchtime_scorecube_screensupport:clutchtime_scorecube_screensupport_low,272,272,2,2,BC6H_UF16,LINEAR,184960,clutchtime_scorecube_screensupport_low.e6e2504f647a807f.tld,False
level.SCNE,arena_clutchtime_int_master@arena_clutchtime_int_shared_layout@GameObjects@balcony_chairs@chair_arenacrowd_seatbackcushion_143:chair_arenacrowd_seatbackcushion_low,88,88,2,2,BC6H_UF16,LINEAR,19360,chair_arenacrowd_seatbackcushion_low.d159fe1f305a0e9f.tld,True
level.SCNE,arena_clutchtime_int_master@arena_clutchtime_int_shared_layout@GameObjects@Prototype_arena_curtains_prototype@Prototype_arena_curtains_prototype_0@curtain100x20_arena_straight500c_136:curtain100x20_arena_straight500c_linelightvisibility,72,72,2,1,BC4_UNORM,LINEAR,3240,curtain100x20_arena_straight500c_linelightvisibility.85146b209c742bd1.tld,True
level.SCNE,court_pillibl_5AlbedoMetalness.52d972f2,128,128,1,6,BC7_UNORM,,98304,court_pillibl_5albedometalness.7ae1d26a82f17349.tld,False
level.SCNE,arena_clutchtime_int_master@arena_clutchtime_int_shared_layout@GameObjects@balcony@clutchtime_balcony_a_0:clutchtime_balcony_a_low,696,696,2,2,BC6H_UF16,LINEAR,1211040,clutchtime_balcony_a_low.83d15dc3538d9337.tld,False
level.SCNE,arena_clutchtime_int_master@arena_clutchtime_int_shared_layout@GameObjects@balcony_chairs@chair_arenacrowd_seatbackcushion_82:chair_arenacrowd_seatbackcushion_low,88,88,2,2,BC6H_UF16,LINEAR,19360,chair_arenacrowd_seatbackcushion_low.9d7d4b66c8eb52f2.tld,True
level.SCNE,pillibl_1Depth.4103e871,128,128,1,6,BC6H_UF16,LINEAR,98304,pillibl_1depth.05b1cb891bf12c69.tld,False
level.SCNE,arena_clutchtime_int_master@arena_clutchtime_int_shared_layout@GameObjects@ceiling_panels@clutchtime_ceilingpanel_a:clutchtime_ceilingpanel_a_low_linelightvisibility,776,776,2,1,BC4_UNORM,LINEAR,376360,clutchtime_ceilingpanel_a_low_linelightvisibility.986325f0b2280183.tld,False
level.SCNE,arena_clutchtime_int_master@arena_clutchtime_int_shared_layout@GameObjects@balcony_chairs@chair_arenacrowd_seatbackcushion_150:chair_arenacrowd_seatbackcushion_low,88,88,2,2,BC6H_UF16,LINEAR,19360,chair_arenacrowd_seatbackcushion_low.1835e800a14fe676.tld,True
level.SCNE,arena_clutchtime_int_master@arena_clutchtime_int_shared_layout@GameObjects@Prototype_arena_curtains_prototype@Prototype_arena_curtains_prototype_0@curtain100x20_arena_straight500c_134:curtain100x20_arena_straight500c_linelightvisibility,72,72,2,1,BC4_UNORM,LINEAR,3240,curtain100x20_arena_straight500c_linelightvisibility.eaa0436d7ac7fd25.tld,True
level.SCNE,arena_clutchtime_int_master@arena_clutchtime_int_shared_layout@GameObjects@Prototype_arena_curtains_prototype@Prototype_arena_curtains_prototype_0@curtain100x20_arena_straight500c_43:curtain100x20_arena_straight500c,72,72,2,2,BC6H_UF16,LINEAR,12960,curtain100x20_arena_straight500c.9fac7b660880f77e.tld,True
level.SCNE,arena_clutchtime_int_master@arena_clutchtime_int_shared_layout@GameObjects@balcony@clutchtime_ceiling_balcony_4:clutchtime_ceiling_balcony_low_linelightvisibility,96,96,2,1,BC4_UNORM,LINEAR,5760,clutchtime_ceiling_balcony_low_linelightvisibility.6ec3ec823d4adbf9.tld,True
level.SCNE,arena_clutchtime_int_master@arena_clutchtime_int_shared_layout@GameObjects@balcony_chairs@chair_arenacrowd_seatbackcushion_91:chair_arenacrowd_seatbackcushion_low,88,88,2,2,BC6H_UF16,LINEAR,19360,chair_arenacrowd_seatbackcushion_low.3eeaf7fdc05af642.tld,True
level.SCNE,arena_clutchtime_int_master@GameObjects@dorna@clutchtime_court_dorna_8:clutchtime_court_dorna_low_linelightvisibility,352,352,2,1,BC4_UNORM,LINEAR,77440,clutchtime_court_dorna_low_linelightvisibility.ec9614ddda529a8e.tld,False
level.SCNE,arena_clutchtime_int_master@arena_clutchtime_int_shared_layout@GameObjects@walls@clutchtime_wall_b:clutchtime_wall_b_low,760,760,2,2,BC6H_UF16,LINEAR,1444000,clutchtime_wall_b_low.a1d7afda4919cadb.tld,False
level.SCNE,arena_clutchtime_int_master@arena_clutchtime_int_shared_layout@GameObjects@balcony_lights@light_ceilinga_round_38:light_ceilinga_round_low_linelightvisibility,16,16,2,1,BC4_UNORM,LINEAR,160,light_ceilinga_round_low_linelightvisibility.bbb5c16588a49e77.tld,True
level.SCNE,arena_clutchtime_int_master@arena_clutchtime_int_shared_layout@GameObjects@balcony_chairs@chair_arenacrowd_seatbackcushion_121:chair_arenacrowd_seatbackcushion_low_linelightvisibility,88,88,2,1,BC4_UNORM,LINEAR,4840,chair_arenacrowd_seatbackcushion_low_linelightvisibility.cdcced57da6d1070.tld,True
level.SCNE,arena_clutchtime_int_master@arena_clutchtime_int_shared_layout@GameObjects@balcony_chairs@chair_arenacrowd_seatbackcushion_2:chair_arenacrowd_seatbackcushion_low_linelightvisibility,88,88,2,1,BC4_UNORM,LINEAR,4840,chair_arenacrowd_seatbackcushion_low_linelightvisibility.6a8f2b73eedc1c74.tld,True
level.SCNE,arena_clutchtime_int_master@arena_clutchtime_int_shared_layout@GameObjects@balcony_lights@light_ceilinga_round_43:light_ceilinga_round_low,16,16,2,2,BC6H_UF16,LINEAR,640,light_ceilinga_round_low.6c3237f55ff0c3b5.tld,True
level.SCNE,arena_clutchtime_int_master@arena_clutchtime_int_shared_layout@GameObjects@ceiling_panels@clutchtime_ceilingpanel_c_1:clutchtime_ceilingpanel_c_low_linelightvisibility,776,776,2,1,BC4_UNORM,LINEAR,376360,clutchtime_ceilingpanel_c_low_linelightvisibility.986325f0b2280183.tld,False
level.SCNE,arena_clutchtime_int_master@arena_clutchtime_int_shared_layout@GameObjects@walls@clutchtime_wall_corner:clutchtime_wall_corner_low_linelightvisibility,256,256,2,1,BC4_UNORM,LINEAR,40960,clutchtime_wall_corner_low_linelightvisibility.ea2e9564e611fc2a.tld,True
level.SCNE,arena_clutchtime_int_master@arena_clutchtime_int_shared_layout@GameObjects@balcony_chairs@chair_arenacrowd_seatbackcushion_114:chair_arenacrowd_seatbackcushion_low_linelightvisibility,88,88,2,1,BC4_UNORM,LINEAR,4840,chair_arenacrowd_seatbackcushion_low_linelightvisibility.cdcced57da6d1070.tld,True
level.SCNE,arena_clutchtime_int_master@arena_clutchtime_int_shared_layout@GameObjects@mural_lights@light_stage_spotlight_0:light_stage_spotlight_low_linelightvisibility,40,40,2,1,BC4_UNORM,LINEAR,1000,light_stage_spotlight_low_linelightvisibility.0c1f6d62f2863f08.tld,True
level.SCNE,arena_clutchtime_int_master@arena_clutchtime_int_shared_layout@GameObjects@Prototype_arena_curtains_prototype@Prototype_arena_curtains_prototype_0@curtain100x20_arena_straight500c_135:curtain100x20_arena_straight500c_linelightvisibility,72,72,2,1,BC4_UNORM,LINEAR,3240,curtain100x20_arena_straight500c_linelightvisibility.a7e02853d01a74eb.tld,True
level.SCNE,arena_clutchtime_int_master@arena_clutchtime_int_shared_layout@GameObjects@balcony_chairs@chair_arenacrowd_seatbackcushion_49:chair_arenacrowd_seatbackcushion_low,88,88,2,2,BC6H_UF16,LINEAR,19360,chair_arenacrowd_seatbackcushion_low.7616471d5761c6cd.tld,True
level.SCNE,arena_clutchtime_int_master@arena_clutchtime_int_shared_layout@GameObjects@balcony_lights@light_ceilinga_round_79:light_ceilinga_round_low_linelightvisibility,16,16,2,1,BC4_UNORM,LINEAR,160,light_ceilinga_round_low_linelightvisibility.bbb5c16588a49e77.tld,True
level.SCNE,arena_clutchtime_int_master@arena_clutchtime_int_shared_layout@GameObjects@ceiling_panels@clutchtime_ceilingpanel_f_1:clutchtime_ceilingpanel_f_low_linelightvisibility,864,864,2,1,BC4_UNORM,LINEAR,466560,clutchtime_ceilingpanel_f_low_linelightvisibility.f3e2eb4adb2bf882.tld,False
level.SCNE,arena_clutchtime_int_master@arena_clutchtime_int_shared_layout@GameObjects@Prototype_arena_curtains_prototype@Prototype_arena_curtains_prototype_0@curtain100x20_arena_straight500c_130:curtain100x20_arena_straight500c_linelightvisibility,72,72,2,1,BC4_UNORM,LINEAR,3240,curtain100x20_arena_straight500c_linelightvisibility.edac2d551edd3372.tld,True
level.SCNE,arena_clutchtime_int_master@arena_clutchtime_int_shared_layout@GameObjects@ceiling_panelslights@clutchtime_ceilingpanellight_b_0:clutchtime_ceilingpanellight_b_low_linelightvisibility,1272,1272,2,1,BC4_UNORM,LINEAR,1011240,clutchtime_ceilingpanellight_b_low_linelightvisibility.670587e2458e6b68.tld,False
level.SCNE,arena_clutchtime_int_master@arena_clutchtime_int_shared_layout@GameObjects@Prototype_arena_curtains_prototype@Prototype_arena_curtains_prototype_0@curtain100x20_arena_straight500c_131:curtain100x20_arena_straight500c_linelightvisibility,72,72,2,1,BC4_UNORM,LINEAR,3240,curtain100x20_arena_straight500c_linelightvisibility.27cb5aa534edb1c6.tld,True
level.SCNE,%databuild_art_root%/asset_library/electrical_outleta_dual/texture/sockets_and_lightswitch_01_m.png,256,256,9,1,BC1_UNORM,LINEAR,43704,sockets_and_lightswitch_01_m.fa85995e6f41debe.tld,True
level.SCNE,arena_clutchtime_int_master@arena_clutchtime_int_shared_layout@GameObjects@balcony_lights@light_ceilinga_round_65:light_ceilinga_round_low_linelightvisibility,16,16,2,1,BC4_UNORM,LINEAR,160,light_ceilinga_round_low_linelightvisibility.bbb5c16588a49e77.tld,True
level.SCNE,arena_clutchtime_int_master@arena_clutchtime_int_shared_layout@GameObjects@Prototype_arena_curtains_prototype@Prototype_arena_curtains_prototype_0@curtain100x20_arena_straight500c_133:curtain100x20_arena_straight500c_linelightvisibility,72,72,2,1,BC4_UNORM,LINEAR,3240,curtain100x20_arena_straight500c_linelightvisibility.3b71001914179e33.tld,True
level.SCNE,%databuild_art_root%/asset_library/sign_exit_generic/texture/exit_sign_green_c.png,512,512,10,1,BC1_UNORM,,174776,exit_sign_green_c.ca7ea17cb72f47d0.tld,False
level.SCNE,pillibl_6Depth.df677dd2,128,128,1,6,BC6H_UF16,LINEAR,98304,pillibl_6depth.edc45bdf290ce12a.tld,False
level.SCNE,arena_clutchtime_int_master@arena_clutchtime_int_shared_layout@GameObjects@balcony_chairs@chair_arenacrowd_seatbackcushion_86:chair_arenacrowd_seatbackcushion_low_linelightvisibility,88,88,2,1,BC4_UNORM,LINEAR,4840,chair_arenacrowd_seatbackcushion_low_linelightvisibility.cdcced57da6d1070.tld,True
level.SCNE,arena_clutchtime_int_master@arena_clutchtime_int_shared_layout@GameObjects@mural_lights@light_stage_spotlight_1:light_stage_spotlight_low,40,40,2,2,BC6H_UF16,LINEAR,4000,light_stage_spotlight_low.1cb26ed8783ddef1.tld,True
level.SCNE,arena_clutchtime_int_master@arena_clutchtime_int_shared_layout@GameObjects@doors@doorframe_interiorhingeless_double_1:doorframe_interiorhingeless_double_low_linelightvisibility,104,104,2,1,BC4_UNORM,LINEAR,6760,doorframe_interiorhingeless_double_low_linelightvisibility.415df97535cc75a1.tld,True
level.SCNE,arena_clutchtime_int_master@arena_clutchtime_int_shared_layout@GameObjects@balcony_chairs@chair_arenacrowd_seatbackcushion_14:chair_arenacrowd_seatbackcushion_low_linelightvisibility,88,88,2,1,BC4_UNORM,LINEAR,4840,chair_arenacrowd_seatbackcushion_low_linelightvisibility.5066b303925fc882.tld,True
level.SCNE,pillibl_6.df677dd2,128,128,6,6,BC6H_UF16,LINEAR,131040,pillibl_6.5ad35702fe02b29e.tld,False
level.SCNE,arena_clutchtime_int_master@arena_clutchtime_int_shared_layout@GameObjects@balcony_lights@light_ceilinga_round_64:light_ceilinga_round_low,16,16,2,2,BC6H_UF16,LINEAR,640,light_ceilinga_round_low.0871dfb591471d51.tld,True
level.SCNE,arena_clutchtime_int_master@arena_clutchtime_int_shared_layout@GameObjects@balcony@clutchtime_balcony_railing_13:clutchtime_balcony_railing_low,104,104,2,2,BC6H_UF16,LINEAR,27040,clutchtime_balcony_railing_low.2b3b5e6c2be77284.tld,True
level.SCNE,arena_clutchtime_int_master@arena_clutchtime_int_shared_layout@GameObjects@mural_lights@lighting_suspendedtrack_metalb_28:lighting_suspendedtrack_metalb_low,120,120,2,2,BC6H_UF16,LINEAR,36000,lighting_suspendedtrack_metalb_low.992e45945db01aa6.tld,True
level.SCNE,arena_clutchtime_int_master@arena_clutchtime_int_shared_layout@GameObjects@mural@clutchtime_mural_handrail:clutchtime_mural_handrail_low,248,248,2,2,BC6H_UF16,LINEAR,153760,clutchtime_mural_handrail_low.bd9eeae4f0fda70a.tld,False
level.SCNE,arena_clutchtime_int_master@arena_clutchtime_int_shared_layout@GameObjects@mural_lights@lighting_suspendedtrack_metalb_32:lighting_suspendedtrack_metalb_low,120,120,2,2,BC6H_UF16,LINEAR,36000,lighting_suspendedtrack_metalb_low.94541d9cbc0f0ced.tld,True
level.SCNE,arena_clutchtime_int_master@arena_clutchtime_int_shared_layout@GameObjects@balcony_lights@light_ceilinga_round_24:light_ceilinga_round_low_linelightvisibility,16,16,2,1,BC4_UNORM,LINEAR,160,light_ceilinga_round_low_linelightvisibility.bbb5c16588a49e77.tld,True
level.SCNE,arena_clutchtime_int_master@arena_clutchtime_int_shared_layout@GameObjects@ceiling_panelslights@clutchtime_ceilingpanellight_c_1:clutchtime_ceilingpanellight_c_low,1168,1168,2,2,BC6H_UF16,LINEAR,3410560,clutchtime_ceilingpanellight_c_low.0f9c4e15fd1f2637.tld,False
level.SCNE,arena_clutchtime_int_master@arena_clutchtime_int_shared_layout@GameObjects@balcony_chairs@chair_arenacrowd_seatbackcushion_21:chair_arenacrowd_seatbackcushion_low_linelightvisibility,88,88,2,1,BC4_UNORM,LINEAR,4840,chair_arenacrowd_seatbackcushion_low_linelightvisibility.eee94df55d3b64f8.tld,True
level.SCNE,arena_clutchtime_int_master@arena_clutchtime_int_shared_layout@GameObjects@balcony_lights@light_ceilinga_round_88:light_ceilinga_round_low,16,16,2,2,BC6H_UF16,LINEAR,640,light_ceilinga_round_low.b16d6c268d382c80.tld,True
level.SCNE,arena_clutchtime_int_master@arena_clutchtime_int_shared_layout@GameObjects@Prototype_arena_curtains_prototype@Prototype_arena_curtains_prototype_0@curtain100x20_arena_straight500c_132:curtain100x20_arena_straight500c_linelightvisibility,72,72,2,1,BC4_UNORM,LINEAR,3240,curtain100x20_arena_straight500c_linelightvisibility.bb47cf42b4fcc47c.tld,True
level.SCNE,arena_clutchtime_int_master@arena_clutchtime_int_shared_layout@GameObjects@Prototype_arena_curtains_prototype@Prototype_arena@curtain100x20_arena_straight500c_97:curtain100x20_arena_straight500c,72,72,2,2,BC6H_UF16,LINEAR,12960,curtain100x20_arena_straight500c.d245c9f5175e6295.tld,True
level.SCNE,arena_clutchtime_int_master@arena_clutchtime_int_shared_layout@GameObjects@Prototype_arena_curtains_prototype@Prototype_arena_curtains_prototype_0@curtain100x20_arena_straight500c_139:curtain100x20_arena_straight500c_linelightvisibility,72,72,2,1,BC4_UNORM,LINEAR,3240,curtain100x20_arena_straight500c_linelightvisibility.2ecec2b6370d05ce.tld,True
level.SCNE,arena_clutchtime_int_master@arena_clutchtime_int_shared_layout@GameObjects@balcony@clutchtime_balcony_b_16:clutchtime_balcony_b_low_linelightvisibility,584,584,2,1,BC4_UNORM,LINEAR,213160,clutchtime_balcony_b_low_linelightvisibility.e4c0d47f1acca5ce.tld,False
level.SCNE,arena_clutchtime_int_master@arena_clutchtime_int_shared_layout@GameObjects@balcony_chairs@chair_arenacrowd_seatbackcushion_68:chair_arenacrowd_seatbackcushion_low_linelightvisibility,88,88,2,1,BC4_UNORM,LINEAR,4840,chair_arenacrowd_seatbackcushion_low_linelightvisibility.cdcced57da6d1070.tld,True
level.SCNE,arena_clutchtime_int_master@arena_clutchtime_int_shared_layout@GameObjects@Prototype_arena_curtains_prototype@Prototype_arena@curtain100x20_arena_straight500c_98:curtain100x20_arena_straight500c,72,72,2,2,BC6H_UF16,LINEAR,12960,curtain100x20_arena_straight500c.d2b01a8cd9b31b18.tld,True
level.SCNE,arena_clutchtime_int_master@arena_clutchtime_int_shared_layout@GameObjects@balcony_chairs@chair_arenacrowd_seatbackcushion_23:chair_arenacrowd_seatbackcushion_low,88,88,2,2,BC6H_UF16,LINEAR,19360,chair_arenacrowd_seatbackcushion_low.85b9e37b443d0fd4.tld,True
level.SCNE,arena_clutchtime_int_master@arena_clutchtime_int_shared_layout@GameObjects@Prototype_arena_curtains_prototype@Prototype_arena@curtain100x20_arena_straight500c_123:curtain100x20_arena_straight500c_linelightvisibility,72,72,2,1,BC4_UNORM,LINEAR,3240,curtain100x20_arena_straight500c_linelightvisibility.2ecec2b6370d05ce.tld,True
level.SCNE,arena_clutchtime_int_master@arena_clutchtime_int_shared_layout@GameObjects@balcony_lights@light_ceilinga_round_34:light_ceilinga_round_low,16,16,2,2,BC6H_UF16,LINEAR,640,light_ceilinga_round_low.fe88c36ea81fe7d8.tld,True
level.SCNE,arena_clutchtime_int_master@arena_clutchtime_int_shared_layout@GameObjects@Prototype_arena_curtains_prototype@Prototype_arena@curtain100x20_arena_straight500c_122:curtain100x20_arena_straight500c_linelightvisibility,72,72,2,1,BC4_UNORM,LINEAR,3240,curtain100x20_arena_straight500c_linelightvisibility.2ecec2b6370d05ce.tld,True
level.SCNE,arena_clutchtime_int_master@arena_clutchtime_int_shared_layout@GameObjects@Prototype_arena_curtains_prototype@Prototype_arena_curtains_prototype_0@curtain100x20_arena_straight500c_138:curtain100x20_arena_straight500c_linelightvisibility,72,72,2,1,BC4_UNORM,LINEAR,3240,curtain100x20_arena_straight500c_linelightvisibility.2ecec2b6370d05ce.tld,True
level.SCNE,court_pillibl_1Emissive.55b4b6eb,128,128,1,6,BC6H_UF16,LINEAR,98304,court_pillibl_1emissive.f9f49574ed013ccd.tld,False
level.SCNE,arena_clutchtime_int_master@GameObjects@dorna@clutchtime_court_dorna_1:clutchtime_court_dorna_low_linelightvisibility,352,352,2,1,BC4_UNORM,LINEAR,77440,clutchtime_court_dorna_low_linelightvisibility.c38f7bed8e569b78.tld,False
level.SCNE,arena_clutchtime_int_master@arena_clutchtime_int_shared_layout@GameObjects@balcony_chairs@chair_arenacrowd_seatbackcushion_90:chair_arenacrowd_seatbackcushion_low_linelightvisibility,88,88,2,1,BC4_UNORM,LINEAR,4840,chair_arenacrowd_seatbackcushion_low_linelightvisibility.cdcced57da6d1070.tld,True
level.SCNE,%databuild_art_root%/substance_library/graphs/concrete_slats/exports/concrete_slats_basecolor.png,1024,1024,11,1,BC1_UNORM,,699064,concrete_slats_basecolor.d6bdd1aa938f92e0.tld,False
level.SCNE,arena_clutchtime_int_master@arena_clutchtime_int_shared_layout@GameObjects@Prototype_arena_curtains_prototype@Prototype_arena@curtain100x20_arena_straight500c_120:curtain100x20_arena_straight500c_linelightvisibility,72,72,2,1,BC4_UNORM,LINEAR,3240,curtain100x20_arena_straight500c_linelightvisibility.2ecec2b6370d05ce.tld,True
level.SCNE,arena_clutchtime_int_master@arena_clutchtime_int_shared_layout@GameObjects@balcony@clutchtime_balcony_b:clutchtime_balcony_b_low,584,584,2,2,BC6H_UF16,LINEAR,852640,clutchtime_balcony_b_low.b7d7abf0c245224f.tld,False
level.SCNE,arena_clutchtime_int_master@arena_clutchtime_int_shared_layout@GameObjects@balcony_chairs@chair_arenacrowd_seatbackcushion_129:chair_arenacrowd_seatbackcushion_low,88,88,2,2,BC6H_UF16,LINEAR,19360,chair_arenacrowd_seatbackcushion_low.00bcf171cb6a7165.tld,True
level.SCNE,arena_clutchtime_int_master@arena_clutchtime_int_shared_layout@GameObjects@doors@sign_exit_generic_12:sign_exit_generic,24,24,2,2,BC6H_UF16,LINEAR,1440,sign_exit_generic.b7a9408a09eaa3a4.tld,True
level.SCNE,arena_clutchtime_int_master@arena_clutchtime_int_shared_layout@GameObjects@ceiling_panelslights@clutchtime_ceilingpanellight_d_0:clutchtime_ceilingpanellight_d_low_linelightvisibility,1160,1160,2,1,BC4_UNORM,LINEAR,841000,clutchtime_ceilingpanellight_d_low_linelightvisibility.f70e010a922fa5ef.tld,False
level.SCNE,NormalAndRoughMap#300d1c8f_1544,1024,1024,11,1,BC7_UNORM,LINEAR,1398128,normalandroughmap.082cf27f269be5c9.tld,False
level.SCNE,arena_clutchtime_int_master@arena_clutchtime_int_shared_layout@GameObjects@balcony_chairs@chair_arenacrowd_seatbackcushion_37:chair_arenacrowd_seatbackcushion_low_linelightvisibility,88,88,2,1,BC4_UNORM,LINEAR,4840,chair_arenacrowd_seatbackcushion_low_linelightvisibility.cdcced57da6d1070.tld,True
level.SCNE,arena_clutchtime_int_master@arena_clutchtime_int_shared_layout@GameObjects@balcony@clutchtime_balcony_railing_9:clutchtime_balcony_railing_low_linelightvisibility,104,104,2,1,BC4_UNORM,LINEAR,6760,clutchtime_balcony_railing_low_linelightvisibility.415df97535cc75a1.tld,True
level.SCNE,arena_clutchtime_int_master@arena_clutchtime_int_shared_layout@GameObjects@ceiling_panelslights@clutchtime_ceilingpanellight_a:clutchtime_ceilingpanellight_a_low,1200,1200,2,2,BC6H_UF16,LINEAR,3600000,clutchtime_ceilingpanellight_a_low.678d0518ee12223c.tld,False
level.SCNE,arena_clutchtime_int_master@arena_clutchtime_int_shared_layout@GameObjects@stands@clutchtime_stair_3step_5:clutchtime_stair_3step_low_linelightvisibility,80,80,2,1,BC4_UNORM,LINEAR,4000,clutchtime_stair_3step_low_linelightvisibility.e459a7044e5be3c6.tld,True
level.SCNE,arena_clutchtime_int_master@arena_clutchtime_int_shared_layout@GameObjects@Prototype_arena_curtains_prototype@Prototype_arena@curtain100x20_arena_straight500c_194:curtain100x20_arena_straight500c,72,72,2,2,BC6H_UF16,LINEAR,12960,curtain100x20_arena_straight500c.da236aed3caf17d8.tld,True
level.SCNE,arena_clutchtime_int_master@arena_clutchtime_int_shared_layout@GameObjects@balcony_chairs@chair_arenacrowd_seatbackcushion_30:chair_arenacrowd_seatbackcushion_low,88,88,2,2,BC6H_UF16,LINEAR,19360,chair_arenacrowd_seatbackcushion_low.ba04e46b847cb608.tld,True
level.SCNE,arena_clutchtime_int_master@arena_clutchtime_int_shared_layout@GameObjects@Prototype_arena_curtains_prototype@Prototype_arena@curtain100x20_arena_straight500c_121:curtain100x20_arena_straight500c_linelightvisibility,72,72,2,1,BC4_UNORM,LINEAR,3240,curtain100x20_arena_straight500c_linelightvisibility.2ecec2b6370d05ce.tld,True
level.SCNE,arena_clutchtime_int_master@arena_clutchtime_int_shared_layout@GameObjects@ceiling_panels@clutchtime_ceilingpanel_d:clutchtime_ceilingpanel_d_low_linelightvisibility,768,768,2,1,BC4_UNORM,LINEAR,368640,clutchtime_ceilingpanel_d_low_linelightvisibility.33ba47bcda8ec47f.tld,False
level.SCNE,arena_clutchtime_int_master@arena_clutchtime_int_shared_layout@GameObjects@Prototype_arena_curtains_prototype@Prototype_arena_curtains_prototype_0@curtain100x20_arena_straight500c_11:curtain100x20_arena_straight500c,72,72,2,2,BC6H_UF16,LINEAR,12960,curtain100x20_arena_straight500c.fdb92902af016559.tld,True
level.SCNE,arena_clutchtime_int_master@arena_clutchtime_int_shared_layout@GameObjects@balcony@clutchtime_balcony_c_3:clutchtime_balcony_c_low_linelightvisibility,640,640,2,1,BC4_UNORM,LINEAR,256000,clutchtime_balcony_c_low_linelightvisibility.eaffa3292c9d6578.tld,False
level.SCNE,arena_clutchtime_int_master@arena_clutchtime_int_shared_layout@GameObjects@Prototype_arena_curtains_prototype@Prototype_arena@curtain100x20_arena_straight500c_124:curtain100x20_arena_straight500c_linelightvisibility,72,72,2,1,BC4_UNORM,LINEAR,3240,curtain100x20_arena_straight500c_linelightvisibility.2ecec2b6370d05ce.tld,True
level.SCNE,arena_clutchtime_int_master@arena_clutchtime_int_shared_layout@GameObjects@balcony_lights@light_ceilinga_round_80:light_ceilinga_round_low_linelightvisibility,16,16,2,1,BC4_UNORM,LINEAR,160,light_ceilinga_round_low_linelightvisibility.bbb5c16588a49e77.tld,True
level.SCNE,arena_clutchtime_int_master@arena_clutchtime_int_shared_layout@GameObjects@balcony_lights@light_ceilinga_round_13:light_ceilinga_round_low,16,16,2,2,BC6H_UF16,LINEAR,640,light_ceilinga_round_low.a35a756c48fcd894.tld,True
level.SCNE,arena_clutchtime_int_master@arena_clutchtime_int_shared_layout@GameObjects@Prototype_arena_curtains_prototype@Prototype_arena_curtains_prototype_0@curtain100x20_arena_straight500c_148:curtain100x20_arena_straight500c,72,72,2,2,BC6H_UF16,LINEAR,12960,curtain100x20_arena_straight500c.9d5507ebc66e85bb.tld,True
level.SCNE,arena_clutchtime_int_master@arena_clutchtime_int_shared_layout@GameObjects@balcony_chairs@chair_arenacrowd_seatbackcushion_16:chair_arenacrowd_seatbackcushion_low,88,88,2,2,BC6H_UF16,LINEAR,19360,chair_arenacrowd_seatbackcushion_low.371d5c6644e4fd53.tld,True
level.SCNE,pillibl_0Emissive.3604d8e7,128,128,1,6,BC6H_UF16,LINEAR,98304,pillibl_0emissive.05385fd228ffc175.tld,False
level.SCNE,arena_clutchtime_int_master@arena_clutchtime_int_shared_layout@GameObjects@Prototype_arena_curtains_prototype@Prototype_arena_curtains_prototype_0@curtain100x20_arena_straight500c_147:curtain100x20_arena_straight500c,72,72,2,2,BC6H_UF16,LINEAR,12960,curtain100x20_arena_straight500c.1e5ee1e201649768.tld,True
level.SCNE,arena_clutchtime_int_master@arena_clutchtime_int_shared_layout@GameObjects@doors@electrical_outlet_industrial_0:electircal_outlet_industrial_linelightvisibility,32,32,2,1,BC4_UNORM,LINEAR,640,electircal_outlet_industrial_linelightvisibility.b4f6e8325a8f6a8d.tld,True
level.SCNE,arena_clutchtime_int_master@arena_clutchtime_int_shared_layout@GameObjects@Prototype_arena_curtains_prototype@Prototype_arena@curtain100x20_arena_straight500c_174:curtain100x20_arena_straight500c,72,72,2,2,BC6H_UF16,LINEAR,12960,curtain100x20_arena_straight500c.9e8dc9b59438fec0.tld,True
level.SCNE,arena_clutchtime_int_master@arena_clutchtime_int_shared_layout@GameObjects@ceiling_panelslights@clutchtime_ceilingpanellight_d_4:clutchtime_ceilingpanellight_d_low,1160,1160,2,2,BC6H_UF16,LINEAR,3364000,clutchtime_ceilingpanellight_d_low.497167c7431b85c1.tld,False
level.SCNE,arena_clutchtime_int_master@arena_clutchtime_int_shared_layout@GameObjects@scorecube@clutchtime_scorecube_spiral:clutchtime_scorecube_spiral_low,1224,1224,2,2,BC6H_UF16,LINEAR,3745440,clutchtime_scorecube_spiral_low.e7e6562a45a7ac72.tld,False
level.SCNE,arena_clutchtime_int_master@arena_clutchtime_int_shared_layout@GameObjects@balcony_lights@light_ceilinga_round_8:light_ceilinga_round_low,16,16,2,2,BC6H_UF16,LINEAR,640,light_ceilinga_round_low.c19361de2f910ab6.tld,True
level.SCNE,arena_clutchtime_int_master@arena_clutchtime_int_shared_layout@GameObjects@balcony_chairs@chair_arenacrowd_seatbackcushion_137:chair_arenacrowd_seatbackcushion_low_linelightvisibility,88,88,2,1,BC4_UNORM,LINEAR,4840,chair_arenacrowd_seatbackcushion_low_linelightvisibility.88f4d5cd7b1c36de.tld,True
level.SCNE,arena_clutchtime_int_master@arena_clutchtime_int_shared_layout@GameObjects@Prototype_arena_curtains_prototype@Prototype_arena@curtain100x20_arena_straight500c_78:curtain100x20_arena_straight500c,72,72,2,2,BC6H_UF16,LINEAR,12960,curtain100x20_arena_straight500c.da67b44950593af6.tld,True
level.SCNE,arena_clutchtime_int_master@arena_clutchtime_int_shared_layout@GameObjects@Prototype_arena_curtains_prototype@Prototype_arena_curtains_prototype_0@curtain100x20_arena_straight500c_138:curtain100x20_arena_straight500c,72,72,2,2,BC6H_UF16,LINEAR,12960,curtain100x20_arena_straight500c.493bdb2a1a2840ee.tld,True
level.SCNE,arena_clutchtime_int_master@arena_clutchtime_int_shared_layout@GameObjects@Prototype_arena_curtains_prototype@Prototype_arena_curtains_prototype_0@curtain100x20_arena_straight500c_137:curtain100x20_arena_straight500c,72,72,2,2,BC6H_UF16,LINEAR,12960,curtain100x20_arena_straight500c.47a4acff7217e27b.tld,True
level.SCNE,arena_clutchtime_int_master@arena_clutchtime_int_shared_layout@GameObjects@Prototype_arena_curtains_prototype@Prototype_arena@curtain100x20_arena_straight500c_77:curtain100x20_arena_straight500c,72,72,2,2,BC6H_UF16,LINEAR,12960,curtain100x20_arena_straight500c.4b03aa8ec6575f52.tld,True
level.SCNE,arena_clutchtime_int_master@arena_clutchtime_int_shared_layout@GameObjects@Prototype_arena_curtains_prototype@Prototype_arena@curtain100x20_arena_straight500c_104:curtain100x20_arena_straight500c,72,72,2,2,BC6H_UF16,LINEAR,12960,curtain100x20_arena_straight500c.a71ac456d1426b2c.tld,True
level.SCNE,arena_clutchtime_int_master@arena_clutchtime_int_shared_layout@GameObjects@clutchtimecurtainstunnels1@Prototype_arena_curtains_prototype_2@curtain100x20_arena_straight400c_14:curtain100x20_arena_straight400c,88,88,2,2,BC6H_UF16,LINEAR,19360,curtain100x20_arena_straight400c.c807691b384f889e.tld,True
level.SCNE,arena_clutchtime_int_master@arena_clutchtime_int_shared_layout@GameObjects@clutchtimecurtainstunnels1@Prototype_arena_curtains_prototype_1@curtain100x20_arena_straight400c_0:curtain100x20_arena_straight400c,88,88,2,2,BC6H_UF16,LINEAR,19360,curtain100x20_arena_straight400c.4c5cc32a9ae2b3a1.tld,True
level.SCNE,arena_clutchtime_int_master@arena_clutchtime_int_shared_layout@GameObjects@balcony_lights@light_ceilinga_round_43:light_ceilinga_round_low_linelightvisibility,16,16,2,1,BC4_UNORM,LINEAR,160,light_ceilinga_round_low_linelightvisibility.bbb5c16588a49e77.tld,True
level.SCNE,arena_clutchtime_int_master@arena_clutchtime_int_shared_layout@GameObjects@Prototype_arena_curtains_prototype@Prototype_arena_curtains_prototype_0@curtain100x20_arena_straight500c_61:curtain100x20_arena_straight500c,72,72,2,2,BC6H_UF16,LINEAR,12960,curtain100x20_arena_straight500c.00883cd0b3ef8c3f.tld,True
level.SCNE,arena_clutchtime_int_master@arena_clutchtime_int_shared_layout@GameObjects@balcony_chairs@chair_arenacrowd_seatbackcushion_102:chair_arenacrowd_seatbackcushion_low_linelightvisibility,88,88,2,1,BC4_UNORM,LINEAR,4840,chair_arenacrowd_seatbackcushion_low_linelightvisibility.cdcced57da6d1070.tld,True
level.SCNE,arena_clutchtime_int_master@arena_clutchtime_int_shared_layout@GameObjects@ceiling_panelslights@clutchtime_ceilingpanellight_f_0:clutchtime_ceilingpanellight_f_low_linelightvisibility,1440,1440,2,1,BC4_UNORM,LINEAR,1296000,clutchtime_ceilingpanellight_f_low_linelightvisibility.efc8714c08a1b121.tld,False
level.SCNE,arena_clutchtime_int_master@arena_clutchtime_int_shared_layout@GameObjects@ceiling_panels@clutchtime_ceilingpanel_e_2:clutchtime_ceilingpanel_e_low_linelightvisibility,768,768,2,1,BC4_UNORM,LINEAR,368640,clutchtime_ceilingpanel_e_low_linelightvisibility.33ba47bcda8ec47f.tld,False
level.SCNE,arena_clutchtime_int_master@arena_clutchtime_int_shared_layout@GameObjects@Prototype_arena_curtains_prototype@Prototype_arena_curtains_prototype_0@curtain100x20_arena_straight500c_20:curtain100x20_arena_straight500c_linelightvisibility,72,72,2,1,BC4_UNORM,LINEAR,3240,curtain100x20_arena_straight500c_linelightvisibility.2ecec2b6370d05ce.tld,True
level.SCNE,arena_clutchtime_int_master@GameObjects@dorna@clutchtime_court_dornaend:clutchtime_court_dornaend_low,104,104,2,2,BC6H_UF16,LINEAR,27040,clutchtime_court_dornaend_low.fa51f3f5407bb6af.tld,True
level.SCNE,arena_clutchtime_int_master@arena_clutchtime_int_shared_layout@GameObjects@balcony@clutchtime_balcony_b_4:clutchtime_balcony_b_low_linelightvisibility,584,584,2,1,BC4_UNORM,LINEAR,213160,clutchtime_balcony_b_low_linelightvisibility.1a2d48a2a35553a6.tld,False
level.SCNE,arena_clutchtime_int_master@arena_clutchtime_int_shared_layout@GameObjects@balcony_chairs@chair_arenacrowd_seatbackcushion_120:chair_arenacrowd_seatbackcushion_low,88,88,2,2,BC6H_UF16,LINEAR,19360,chair_arenacrowd_seatbackcushion_low.e4e8ab0218df07df.tld,True
level.SCNE,arena_clutchtime_int_master@arena_clutchtime_int_shared_layout@GameObjects@Prototype_arena_curtains_prototype@Prototype_arena_curtains_prototype_0@curtain100x20_arena_straight500c_24:curtain100x20_arena_straight500c,72,72,2,2,BC6H_UF16,LINEAR,12960,curtain100x20_arena_straight500c.c83f0d46f469407b.tld,True
level.SCNE,arena_clutchtime_int_master@arena_clutchtime_int_shared_layout@GameObjects@balcony_chairs@chair_arenacrowd_seatbackcushion_39:chair_arenacrowd_seatbackcushion_low,88,88,2,2,BC6H_UF16,LINEAR,19360,chair_arenacrowd_seatbackcushion_low.fcdbed102d290fa1.tld,True
level.SCNE,arena_clutchtime_int_master@arena_clutchtime_int_shared_layout@GameObjects@balcony_chairs@chair_arenacrowd_seatbackcushion_98:chair_arenacrowd_seatbackcushion_low_linelightvisibility,88,88,2,1,BC4_UNORM,LINEAR,4840,chair_arenacrowd_seatbackcushion_low_linelightvisibility.cdcced57da6d1070.tld,True
level.SCNE,arena_clutchtime_int_master@arena_clutchtime_int_shared_layout@GameObjects@ceiling_panelslights@clutchtime_ceilingpanellight_d_2:clutchtime_ceilingpanellight_d_low_linelightvisibility,1160,1160,2,1,BC4_UNORM,LINEAR,841000,clutchtime_ceilingpanellight_d_low_linelightvisibility.f70e010a922fa5ef.tld,False
level.SCNE,arena_clutchtime_int_master@arena_clutchtime_int_shared_layout@GameObjects@Prototype_arena_curtains_prototype@Prototype_arena_curtains_prototype_0@curtain100x20_arena_straight500c_21:curtain100x20_arena_straight500c_linelightvisibility,72,72,2,1,BC4_UNORM,LINEAR,3240,curtain100x20_arena_straight500c_linelightvisibility.2ecec2b6370d05ce.tld,True
level.SCNE,arena_clutchtime_int_master@arena_clutchtime_int_shared_layout@GameObjects@ceiling@clutchtime_ceiling_ribs:clutchtime_ceiling_ribs_low_linelightvisibility,1072,1072,2,1,BC4_UNORM,LINEAR,718240,clutchtime_ceiling_ribs_low_linelightvisibility.7e797a8a7d8e31b7.tld,False
level.SCNE,arena_clutchtime_int_master@arena_clutchtime_int_shared_layout@GameObjects@Prototype_arena_curtains_prototype@Prototype_arena_curtains_prototype_0@curtain100x20_arena_straight500c_54:curtain100x20_arena_straight500c,72,72,2,2,BC6H_UF16,LINEAR,12960,curtain100x20_arena_straight500c.b1fb17b3593fcae5.tld,True
level.SCNE,arena_clutchtime_int_master@arena_clutchtime_int_shared_layout@GameObjects@balcony_chairs@chair_arenacrowd_seatbackcushion_55:chair_arenacrowd_seatbackcushion_low_linelightvisibility,88,88,2,1,BC4_UNORM,LINEAR,4840,chair_arenacrowd_seatbackcushion_low_linelightvisibility.cdcced57da6d1070.tld,True
level.SCNE,arena_clutchtime_int_master@arena_clutchtime_int_shared_layout@GameObjects@Prototype_arena_curtains_prototype@Prototype_arena_curtains_prototype_0@curtain100x20_arena_straight500c_23:curtain100x20_arena_straight500c_linelightvisibility,72,72,2,1,BC4_UNORM,LINEAR,3240,curtain100x20_arena_straight500c_linelightvisibility.2ecec2b6370d05ce.tld,True
level.SCNE,arena_clutchtime_int_master@arena_clutchtime_int_shared_layout@GameObjects@balcony_chairs@chair_arenacrowd_seatbackcushion_60:chair_arenacrowd_seatbackcushion_low_linelightvisibility,88,88,2,1,BC4_UNORM,LINEAR,4840,chair_arenacrowd_seatbackcushion_low_linelightvisibility.cdcced57da6d1070.tld,True
level.SCNE,arena_clutchtime_int_master@arena_clutchtime_int_shared_layout@GameObjects@Prototype_arena_curtains_prototype@Prototype_arena_curtains_prototype_0@curtain100x20_arena_straight500c_22:curtain100x20_arena_straight500c_linelightvisibility,72,72,2,1,BC4_UNORM,LINEAR,3240,curtain100x20_arena_straight500c_linelightvisibility.2ecec2b6370d05ce.tld,True
level.SCNE,%databuild_art_root%/material_library/_generic_textures/colors/color_grey_565656.png,1,1,1,1,BC1_UNORM,,8,color_grey_565656.b7812fa967496662.tld,True
level.SCNE,arena_clutchtime_int_master@arena_clutchtime_int_shared_layout@GameObjects@balcony_lights@light_ceilinga_round_15:light_ceilinga_round_low,16,16,2,2,BC6H_UF16,LINEAR,640,light_ceilinga_round_low.bb79e1863d746516.tld,True
level.SCNE,pillibl_0.3604d8e7,128,128,6,6,BC6H_UF16,LINEAR,131040,pillibl_0.17464c95c24a5251.tld,False
level.SCNE,arena_clutchtime_int_master@arena_clutchtime_int_shared_layout@GameObjects@balcony_chairs@chair_arenacrowd_seatbackcushion_133:chair_arenacrowd_seatbackcushion_low,88,88,2,2,BC6H_UF16,LINEAR,19360,chair_arenacrowd_seatbackcushion_low.19c99e4c2170c52a.tld,True
level.SCNE,arena_clutchtime_int_master@arena_clutchtime_int_shared_layout@GameObjects@walls@clutchtime_wall_a:clutchtime_wall_a_low,976,976,2,2,BC6H_UF16,LINEAR,2381440,clutchtime_wall_a_low.21559d1d1925e7c5.tld,False
level.SCNE,arena_clutchtime_int_master@GameObjects@dorna@clutchtime_court_dorna_0:clutchtime_court_dorna_low_linelightvisibility,352,352,2,1,BC4_UNORM,LINEAR,77440,clutchtime_court_dorna_low_linelightvisibility.a640b51d3b14ded0.tld,False
level.SCNE,arena_clutchtime_int_master@arena_clutchtime_int_shared_layout@GameObjects@Prototype_arena_curtains_prototype@Prototype_arena_curtains_prototype_0@curtain100x20_arena_straight500c_27:curtain100x20_arena_straight500c_linelightvisibility,72,72,2,1,BC4_UNORM,LINEAR,3240,curtain100x20_arena_straight500c_linelightvisibility.2ecec2b6370d05ce.tld,True
level.SCNE,arena_clutchtime_int_master@arena_clutchtime_int_shared_layout@GameObjects@walls@clutchtime_wall_corner_1:clutchtime_wall_corner_low,256,256,2,2,BC6H_UF16,LINEAR,163840,clutchtime_wall_corner_low.67ae771ed87aa657.tld,False
level.SCNE,arena_clutchtime_int_master@arena_clutchtime_int_shared_layout@GameObjects@doors@door_interiorwindowb_rightdbl_0:door_interiorwindowb_rightdbl_linelightvisibility,112,112,2,1,BC4_UNORM,LINEAR,7840,door_interiorwindowb_rightdbl_linelightvisibility.726f2c08afd99930.tld,True
level.SCNE,arena_clutchtime_int_master@arena_clutchtime_int_shared_layout@GameObjects@balcony_lights@light_ceilinga_round_70:light_ceilinga_round_low_linelightvisibility,16,16,2,1,BC4_UNORM,LINEAR,160,light_ceilinga_round_low_linelightvisibility.bbb5c16588a49e77.tld,True
level.SCNE,pillibl_6NormalRoughness.df677dd2,128,128,1,6,BC7_UNORM,LINEAR,98304,pillibl_6normalroughness.f82b03d49fb41c14.tld,False
level.SCNE,arena_clutchtime_int_master@arena_clutchtime_int_shared_layout@GameObjects@doors@electrical_switch_double:light_switch_double_low_linelightvisibility,32,32,2,1,BC4_UNORM,LINEAR,640,light_switch_double_low_linelightvisibility.b4f6e8325a8f6a8d.tld,True
level.SCNE,NormalAndRoughMap#2e6a4cae_1639,1024,1024,11,1,BC7_UNORM,LINEAR,1398128,normalandroughmap.71545486b7c1a954.tld,False
level.SCNE,arena_clutchtime_int_master@arena_clutchtime_int_shared_layout@GameObjects@mural_lights@light_stage_spotlight:light_stage_spotlight_low,40,40,2,2,BC6H_UF16,LINEAR,4000,light_stage_spotlight_low.8d80f8571eb9310a.tld,True
level.SCNE,arena_clutchtime_int_master@arena_clutchtime_int_shared_layout@GameObjects@balcony_chairs@chair_arenacrowd_seatbackcushion_115:chair_arenacrowd_seatbackcushion_low,88,88,2,2,BC6H_UF16,LINEAR,19360,chair_arenacrowd_seatbackcushion_low.bc830361af35b9a9.tld,True
level.SCNE,arena_clutchtime_int_master@arena_clutchtime_int_shared_layout@GameObjects@balcony_lights@light_ceilinga_round_31:light_ceilinga_round_low_linelightvisibility,16,16,2,1,BC4_UNORM,LINEAR,160,light_ceilinga_round_low_linelightvisibility.bbb5c16588a49e77.tld,True
level.SCNE,arena_clutchtime_int_master@arena_clutchtime_int_shared_layout@GameObjects@Prototype_arena_curtains_prototype@Prototype_arena_curtains_prototype_0@curtain100x20_arena_straight500c_26:curtain100x20_arena_straight500c_linelightvisibility,72,72,2,1,BC4_UNORM,LINEAR,3240,curtain100x20_arena_straight500c_linelightvisibility.2ecec2b6370d05ce.tld,True
level.SCNE,arena_clutchtime_int_master@arena_clutchtime_int_shared_layout@GameObjects@walls@clutchtime_wall_corner_0:clutchtime_wall_corner_low,256,256,2,2,BC6H_UF16,LINEAR,163840,clutchtime_wall_corner_low.73f295218ed21477.tld,False
level.SCNE,arena_clutchtime_int_master@arena_clutchtime_int_shared_layout@GameObjects@balcony@clutchtime_balcony_railing_6:clutchtime_balcony_railing_low_linelightvisibility,104,104,2,1,BC4_UNORM,LINEAR,6760,clutchtime_balcony_railing_low_linelightvisibility.415df97535cc75a1.tld,True
level.SCNE,arena_clutchtime_int_master@arena_clutchtime_int_shared_layout@GameObjects@balcony_chairs@chair_arenacrowd_seatbackcushion_106:chair_arenacrowd_seatbackcushion_low,88,88,2,2,BC6H_UF16,LINEAR,19360,chair_arenacrowd_seatbackcushion_low.3063f58681825ee3.tld,True
level.SCNE,arena_clutchtime_int_master@arena_clutchtime_int_shared_layout@GameObjects@balcony@clutchtime_balcony_column_1:clutchtime_balcony_column_low_linelightvisibility,496,496,2,1,BC4_UNORM,LINEAR,153760,clutchtime_balcony_column_low_linelightvisibility.0ba122f3d007ad74.tld,False
level.SCNE,%databuild_art_root%/substance_library/graphs/floor_hardwood/exports/floor_hardwood_americancherry_planks_basecolor.png,1024,1024,11,1,BC1_UNORM,,699064,floor_hardwood_americancherry_planks_basecolor.09f4dc79b14662a2.tld,False
level.SCNE,%databuild_art_root%/asset_library/lighting_suspendedtrack_metalb/texture/lighting_suspendedtrack_metalb_mat_c.png,1024,1024,11,1,BC1_UNORM,,699064,lighting_suspendedtrack_metalb_mat_c.263412350bcdc0fd.tld,False
level.SCNE,arena_clutchtime_int_master@arena_clutchtime_int_shared_layout@GameObjects@balcony_chairs@chair_arenacrowd_seatbackcushion_160:chair_arenacrowd_seatbackcushion_low_linelightvisibility,88,88,2,1,BC4_UNORM,LINEAR,4840,chair_arenacrowd_seatbackcushion_low_linelightvisibility.83843d943a11768d.tld,True
level.SCNE,arena_clutchtime_int_master@arena_clutchtime_int_shared_layout@GameObjects@ceiling_panelslights@clutchtime_ceilingpanellight_d_0:clutchtime_ceilingpanellight_d_low,1160,1160,2,2,BC6H_UF16,LINEAR,3364000,clutchtime_ceilingpanellight_d_low.ca4261f14108ba37.tld,False
level.SCNE,arena_clutchtime_int_master@arena_clutchtime_int_shared_layout@GameObjects@doors@door_interiorwindowb_leftdbl_3:door_interiorwindowb_leftdbl_linelightvisibility,112,112,2,1,BC4_UNORM,LINEAR,7840,door_interiorwindowb_leftdbl_linelightvisibility.726f2c08afd99930.tld,True
level.SCNE,arena_clutchtime_int_master@arena_clutchtime_int_shared_layout@GameObjects@Prototype_arena_curtains_prototype@Prototype_arena_curtains_prototype_0@curtain100x20_arena_straight500c_24:curtain100x20_arena_straight500c_linelightvisibility,72,72,2,1,BC4_UNORM,LINEAR,3240,curtain100x20_arena_straight500c_linelightvisibility.2ecec2b6370d05ce.tld,True
level.SCNE,arena_clutchtime_int_master@arena_clutchtime_int_shared_layout@GameObjects@stands@clutchtime_stair_3step_4:clutchtime_stair_3step_low_linelightvisibility,80,80,2,1,BC4_UNORM,LINEAR,4000,clutchtime_stair_3step_low_linelightvisibility.e459a7044e5be3c6.tld,True
level.SCNE,arena_clutchtime_int_master@arena_clutchtime_int_shared_layout@GameObjects@balcony_lights@light_ceilinga_round_32:light_ceilinga_round_low,16,16,2,2,BC6H_UF16,LINEAR,640,light_ceilinga_round_low.15a71283527cb95d.tld,True
level.SCNE,arena_clutchtime_int_master@arena_clutchtime_int_shared_layout@GameObjects@walls@clutchtime_wall_corner_2:clutchtime_wall_corner_low,256,256,2,2,BC6H_UF16,LINEAR,163840,clutchtime_wall_corner_low.2e220e1328e93996.tld,False
level.SCNE,arena_clutchtime_int_master@arena_clutchtime_int_shared_layout@GameObjects@balcony_chairs@chair_arenacrowd_seatbackcushion_155:chair_arenacrowd_seatbackcushion_low_linelightvisibility,88,88,2,1,BC4_UNORM,LINEAR,4840,chair_arenacrowd_seatbackcushion_low_linelightvisibility.104f36dee658ed3e.tld,True
level.SCNE,arena_clutchtime_int_master@arena_clutchtime_int_shared_layout@GameObjects@Prototype_arena_curtains_prototype@Prototype_arena_curtains_prototype_0@curtain100x20_arena_straight500c_25:curtain100x20_arena_straight500c_linelightvisibility,72,72,2,1,BC4_UNORM,LINEAR,3240,curtain100x20_arena_straight500c_linelightvisibility.2ecec2b6370d05ce.tld,True
level.SCNE,arena_clutchtime_int_master@arena_clutchtime_int_shared_layout@GameObjects@balcony_chairs@chair_arenacrowd_seatbackcushion_7:chair_arenacrowd_seatbackcushion_low,88,88,2,2,BC6H_UF16,LINEAR,19360,chair_arenacrowd_seatbackcushion_low.1846a7c073b93446.tld,True
level.SCNE,arena_clutchtime_int_master@GameObjects@clutchtime_mural_wall:clutchtime_mural_wall_low,576,576,2,2,BC6H_UF16,LINEAR,829440,clutchtime_mural_wall_low.e8199269f00ec25d.tld,False
level.SCNE,arena_clutchtime_int_master@arena_clutchtime_int_shared_layout@GameObjects@Prototype_arena_curtains_prototype@Prototype_arena@curtain100x20_arena_straight500c_80:curtain100x20_arena_straight500c,72,72,2,2,BC6H_UF16,LINEAR,12960,curtain100x20_arena_straight500c.f39e6ca87d2c19bd.tld,True
level.SCNE,arena_clutchtime_int_master@arena_clutchtime_int_shared_layout@GameObjects@balcony_chairs@chair_arenacrowd_seatbackcushion_98:chair_arenacrowd_seatbackcushion_low,88,88,2,2,BC6H_UF16,LINEAR,19360,chair_arenacrowd_seatbackcushion_low.0e06065484d570af.tld,True
level.SCNE,arena_clutchtime_int_master@arena_clutchtime_int_shared_layout@GameObjects@balcony@clutchtime_ceiling_balcony:clutchtime_ceiling_balcony_low_linelightvisibility,96,96,2,1,BC4_UNORM,LINEAR,5760,clutchtime_ceiling_balcony_low_linelightvisibility.6ec3ec823d4adbf9.tld,True
level.SCNE,arena_clutchtime_int_master@arena_clutchtime_int_shared_layout@GameObjects@balcony_chairs@chair_arenacrowd_seatbackcushion_159:chair_arenacrowd_seatbackcushion_low,88,88,2,2,BC6H_UF16,LINEAR,19360,chair_arenacrowd_seatbackcushion_low.28190337801adf18.tld,True
level.SCNE,arena_clutchtime_int_master@arena_clutchtime_int_shared_layout@GameObjects@balcony_lights@light_ceilinga_round_62:light_ceilinga_round_low,16,16,2,2,BC6H_UF16,LINEAR,640,light_ceilinga_round_low.e8c269221862e676.tld,True
level.SCNE,arena_clutchtime_int_master@arena_clutchtime_int_shared_layout@GameObjects@balcony_chairs@chair_arenacrowd_seatbackcushion_40:chair_arenacrowd_seatbackcushion_low,88,88,2,2,BC6H_UF16,LINEAR,19360,chair_arenacrowd_seatbackcushion_low.f004ac91a28d31dd.tld,True
level.SCNE,arena_clutchtime_int_master@arena_clutchtime_int_shared_layout@GameObjects@balcony_chairs@chair_arenacrowd_seatbackcushion_129:chair_arenacrowd_seatbackcushion_low_linelightvisibility,88,88,2,1,BC4_UNORM,LINEAR,4840,chair_arenacrowd_seatbackcushion_low_linelightvisibility.cdcced57da6d1070.tld,True
level.SCNE,court_pillibl_6NormalRoughness.cbd02348,128,128,1,6,BC7_UNORM,LINEAR,98304,court_pillibl_6normalroughness.39f52b5952a1f218.tld,False
level.SCNE,arena_clutchtime_int_master@arena_clutchtime_int_shared_layout@GameObjects@balcony@clutchtime_balcony_railing_9:clutchtime_balcony_railing_low,104,104,2,2,BC6H_UF16,LINEAR,27040,clutchtime_balcony_railing_low.4350aa28641f002f.tld,True
level.SCNE,arena_clutchtime_int_master@arena_clutchtime_int_shared_layout@GameObjects@doors@box_electrical_commerciala:box_electrical_commerciala_low,40,40,2,2,BC6H_UF16,LINEAR,4000,box_electrical_commerciala_low.cfd9b3647084beaa.tld,True
level.SCNE,court_pillibl_4NormalRoughness.25de4264,128,128,1,6,BC7_UNORM,LINEAR,98304,court_pillibl_4normalroughness.ef1e3ee0100752d9.tld,False
level.SCNE,arena_clutchtime_int_master@arena_clutchtime_int_shared_layout@GameObjects@ceiling@clutchtime_ceiling_b_0:clutchtime_ceiling_b_low_linelightvisibility,1688,1688,2,1,BC4_UNORM,LINEAR,1780840,clutchtime_ceiling_b_low_linelightvisibility.b51816ec2bc2b439.tld,False
level.SCNE,arena_clutchtime_int_master@arena_clutchtime_int_shared_layout@GameObjects@balcony_chairs@chair_arenacrowd_seatbackcushion_53:chair_arenacrowd_seatbackcushion_low,88,88,2,2,BC6H_UF16,LINEAR,19360,chair_arenacrowd_seatbackcushion_low.2fddbc595fee49a3.tld,True
level.SCNE,arena_clutchtime_int_master@arena_clutchtime_int_shared_layout@GameObjects@ceiling_panels@clutchtime_ceilingpanel_d_4:clutchtime_ceilingpanel_d_low_linelightvisibility,768,768,2,1,BC4_UNORM,LINEAR,368640,clutchtime_ceilingpanel_d_low_linelightvisibility.33ba47bcda8ec47f.tld,False
level.SCNE,arena_clutchtime_int_master@arena_clutchtime_int_shared_layout@GameObjects@ceiling_panels@clutchtime_ceilingpanel_a_4:clutchtime_ceilingpanel_a_low_linelightvisibility,776,776,2,1,BC4_UNORM,LINEAR,376360,clutchtime_ceilingpanel_a_low_linelightvisibility.986325f0b2280183.tld,False
level.SCNE,arena_clutchtime_int_master@arena_clutchtime_int_shared_layout@GameObjects@doors@doorframe_interiorhingeless_double_1:doorframe_interiorhingeless_double_low,104,104,2,2,BC6H_UF16,LINEAR,27040,doorframe_interiorhingeless_double_low.b2b47b28ae5ab89e.tld,True
level.SCNE,arena_clutchtime_int_master@arena_clutchtime_int_shared_layout@GameObjects@balcony@clutchtime_balcony_railing_15:clutchtime_balcony_railing_low_linelightvisibility,104,104,2,1,BC4_UNORM,LINEAR,6760,clutchtime_balcony_railing_low_linelightvisibility.415df97535cc75a1.tld,True
level.SCNE,pillibl_6Emissive.df677dd2,128,128,1,6,BC6H_UF16,LINEAR,98304,pillibl_6emissive.29485710f5c6ed6b.tld,False
level.SCNE,arena_clutchtime_int_master@arena_clutchtime_int_shared_layout@GameObjects@Prototype_arena_curtains_prototype@Prototype_arena@curtain100x20_arena_straight500c_183:curtain100x20_arena_straight500c,72,72,2,2,BC6H_UF16,LINEAR,12960,curtain100x20_arena_straight500c.bc2b97f4c610181a.tld,True
level.SCNE,arena_clutchtime_int_master@arena_clutchtime_int_shared_layout@GameObjects@balcony_lights@light_ceilinga_round_5:light_ceilinga_round_low_linelightvisibility,16,16,2,1,BC4_UNORM,LINEAR,160,light_ceilinga_round_low_linelightvisibility.bbb5c16588a49e77.tld,True
level.SCNE,arena_clutchtime_int_master@arena_clutchtime_int_shared_layout@GameObjects@balcony_lights@light_ceilinga_round_89:light_ceilinga_round_low_linelightvisibility,16,16,2,1,BC4_UNORM,LINEAR,160,light_ceilinga_round_low_linelightvisibility.bbb5c16588a49e77.tld,True
level.SCNE,arena_clutchtime_int_master@arena_clutchtime_int_shared_layout@GameObjects@balcony_chairs@chair_arenacrowd_seatbackcushion_143:chair_arenacrowd_seatbackcushion_low_linelightvisibility,88,88,2,1,BC4_UNORM,LINEAR,4840,chair_arenacrowd_seatbackcushion_low_linelightvisibility.2d365b75dc54bba0.tld,True
level.SCNE,arena_clutchtime_int_master@arena_clutchtime_int_shared_layout@GameObjects@balcony_chairs@chair_arenacrowd_seatbackcushion_29:chair_arenacrowd_seatbackcushion_low_linelightvisibility,88,88,2,1,BC4_UNORM,LINEAR,4840,chair_arenacrowd_seatbackcushion_low_linelightvisibility.cdcced57da6d1070.tld,True
level.SCNE,arena_clutchtime_int_master@arena_clutchtime_int_shared_layout@GameObjects@balcony_lights@light_ceilinga_round_17:light_ceilinga_round_low_linelightvisibility,16,16,2,1,BC4_UNORM,LINEAR,160,light_ceilinga_round_low_linelightvisibility.bbb5c16588a49e77.tld,True
level.SCNE,arena_clutchtime_int_master@arena_clutchtime_int_shared_layout@GameObjects@Prototype_arena_curtains_prototype@Prototype_arena_curtains_prototype_0@curtain100x20_arena_straight500c_29:curtain100x20_arena_straight500c_linelightvisibility,72,72,2,1,BC4_UNORM,LINEAR,3240,curtain100x20_arena_straight500c_linelightvisibility.2ecec2b6370d05ce.tld,True
level.SCNE,arena_clutchtime_int_master@arena_clutchtime_int_shared_layout@GameObjects@balcony_lights@light_ceilinga_round_45:light_ceilinga_round_low,16,16,2,2,BC6H_UF16,LINEAR,640,light_ceilinga_round_low.8ebe64bddb17a1e1.tld,True
level.SCNE,arena_clutchtime_int_master@arena_clutchtime_int_shared_layout@GameObjects@balcony_chairs@chair_arenacrowd_seatbackcushion_75:chair_arenacrowd_seatbackcushion_low,88,88,2,2,BC6H_UF16,LINEAR,19360,chair_arenacrowd_seatbackcushion_low.f89412c97af07587.tld,True
level.SCNE,arena_clutchtime_int_master@arena_clutchtime_int_shared_layout@GameObjects@Prototype_arena_curtains_prototype@Prototype_arena_curtains_prototype_0@curtain100x20_arena_straight500c_28:curtain100x20_arena_straight500c_linelightvisibility,72,72,2,1,BC4_UNORM,LINEAR,3240,curtain100x20_arena_straight500c_linelightvisibility.2ecec2b6370d05ce.tld,True
level.SCNE,%databuild_art_root%/asset_library/electrical_switch_double/texture/eletrical_switch_double_basecolor.png,1024,1024,11,1,BC1_UNORM,,699064,eletrical_switch_double_basecolor.bff41f20f099deed.tld,False
level.SCNE,arena_clutchtime_int_master@arena_clutchtime_int_shared_layout@GameObjects@Prototype_arena_curtains_prototype@Prototype_arena_curtains_prototype_0@curtain100x20_arena_straight500c_150:curtain100x20_arena_straight500c,72,72,2,2,BC6H_UF16,LINEAR,12960,curtain100x20_arena_straight500c.05d6ff35f29f2407.tld,True
level.SCNE,arena_clutchtime_int_master@arena_clutchtime_int_shared_layout@GameObjects@balcony_lights@light_ceilinga_round_56:light_ceilinga_round_low_linelightvisibility,16,16,2,1,BC4_UNORM,LINEAR,160,light_ceilinga_round_low_linelightvisibility.bbb5c16588a49e77.tld,True
level.SCNE,arena_clutchtime_int_master@arena_clutchtime_int_shared_layout@GameObjects@Prototype_arena_curtains_prototype@Prototype_arena@curtain100x20_arena_straight500c_163:curtain100x20_arena_straight500c,72,72,2,2,BC6H_UF16,LINEAR,12960,curtain100x20_arena_straight500c.c0fe59e2f31e0b6c.tld,True
level.SCNE,arena_clutchtime_int_master@arena_clutchtime_int_shared_layout@GameObjects@balcony@clutchtime_balcony_railing_11:clutchtime_balcony_railing_low,104,104,2,2,BC6H_UF16,LINEAR,27040,clutchtime_balcony_railing_low.d0c794a1d3317c2a.tld,True
level.SCNE,arena_clutchtime_int_master@arena_clutchtime_int_shared_layout@GameObjects@mural_lights@lighting_suspendedtrack_metalb_9:lighting_suspendedtrack_metalb_low_linelightvisibility,120,120,2,1,BC4_UNORM,LINEAR,9000,lighting_suspendedtrack_metalb_low_linelightvisibility.4294ff82d381bc41.tld,True
level.SCNE,arena_clutchtime_int_master@arena_clutchtime_int_shared_layout@GameObjects@Prototype_arena_curtains_prototype@Prototype_arena_curtains_prototype_0@curtain100x20_arena_straight500c_2:curtain100x20_arena_straight500c,72,72,2,2,BC6H_UF16,LINEAR,12960,curtain100x20_arena_straight500c.dbfa43f0a07fc119.tld,True
level.SCNE,arena_clutchtime_int_master@arena_clutchtime_int_shared_layout@GameObjects@stands@clutchtime_stair_4step_2:clutchtime_stair_4step_low,88,88,2,2,BC6H_UF16,LINEAR,19360,clutchtime_stair_4step_low.05c49466a0dee694.tld,True
level.SCNE,arena_clutchtime_int_master@arena_clutchtime_int_shared_layout@GameObjects@Prototype_arena_curtains_prototype@Prototype_arena@curtain100x20_arena_straight500c_113:curtain100x20_arena_straight500c,72,72,2,2,BC6H_UF16,LINEAR,12960,curtain100x20_arena_straight500c.d9924ac3d0638ab5.tld,True
level.SCNE,arena_clutchtime_int_master@arena_clutchtime_int_shared_layout@GameObjects@balcony_chairs@chair_arenacrowd_seatbackcushion_43:chair_arenacrowd_seatbackcushion_low_linelightvisibility,88,88,2,1,BC4_UNORM,LINEAR,4840,chair_arenacrowd_seatbackcushion_low_linelightvisibility.cdcced57da6d1070.tld,True
level.SCNE,arena_clutchtime_int_master@arena_clutchtime_int_shared_layout@GameObjects@ceiling_panelslights@clutchtime_ceilingpanellight_c_5:clutchtime_ceilingpanellight_c_low,1168,1168,2,2,BC6H_UF16,LINEAR,3410560,clutchtime_ceilingpanellight_c_low.573393933b65aa6d.tld,False
level.SCNE,arena_clutchtime_int_master@arena_clutchtime_int_shared_layout@GameObjects@doors@electrical_outlet_industrial_0:electircal_outlet_industrial,32,32,2,2,BC6H_UF16,LINEAR,2560,electircal_outlet_industrial.cd787f214f57d58f.tld,True
level.SCNE,arena_clutchtime_int_master@GameObjects@dorna@clutchtime_court_dorna_9:clutchtime_court_dorna_low_linelightvisibility,352,352,2,1,BC4_UNORM,LINEAR,77440,clutchtime_court_dorna_low_linelightvisibility.b98d55f9e3b002c0.tld,False
level.SCNE,arena_clutchtime_int_master@arena_clutchtime_int_shared_layout@GameObjects@mural_lights@lighting_suspendedtrack_metalb_36:lighting_suspendedtrack_metalb_low,120,120,2,2,BC6H_UF16,LINEAR,36000,lighting_suspendedtrack_metalb_low.fe75a3ccb6b49eb3.tld,True
level.SCNE,arena_clutchtime_int_master@arena_clutchtime_int_shared_layout@GameObjects@ceiling_panelslights@clutchtime_ceilingpanellight_b_2:clutchtime_ceilingpanellight_b_low_linelightvisibility,1272,1272,2,1,BC4_UNORM,LINEAR,1011240,clutchtime_ceilingpanellight_b_low_linelightvisibility.670587e2458e6b68.tld,False
level.SCNE,arena_clutchtime_int_master@arena_clutchtime_int_shared_layout@GameObjects@balcony_chairs@chair_arenacrowd_seatbackcushion_66:chair_arenacrowd_seatbackcushion_low,88,88,2,2,BC6H_UF16,LINEAR,19360,chair_arenacrowd_seatbackcushion_low.010c919494f21a74.tld,True
level.SCNE,arena_clutchtime_int_master@arena_clutchtime_int_shared_layout@GameObjects@balcony_chairs@chair_arenacrowd_seatbackcushion_76:chair_arenacrowd_seatbackcushion_low_linelightvisibility,88,88,2,1,BC4_UNORM,LINEAR,4840,chair_arenacrowd_seatbackcushion_low_linelightvisibility.cdcced57da6d1070.tld,True
level.SCNE,arena_clutchtime_int_master@arena_clutchtime_int_shared_layout@GameObjects@balcony_chairs@chair_arenacrowd_seatbackcushion_105:chair_arenacrowd_seatbackcushion_low_linelightvisibility,88,88,2,1,BC4_UNORM,LINEAR,4840,chair_arenacrowd_seatbackcushion_low_linelightvisibility.cdcced57da6d1070.tld,True
level.SCNE,arena_clutchtime_int_master@arena_clutchtime_int_shared_layout@GameObjects@balcony@clutchtime_balcony_railing_3:clutchtime_balcony_railing_low_linelightvisibility,104,104,2,1,BC4_UNORM,LINEAR,6760,clutchtime_balcony_railing_low_linelightvisibility.415df97535cc75a1.tld,True
level.SCNE,arena_clutchtime_int_master@arena_clutchtime_int_shared_layout@GameObjects@balcony_chairs@chair_arenacrowd_seatbackcushion_101:chair_arenacrowd_seatbackcushion_low,88,88,2,2,BC6H_UF16,LINEAR,19360,chair_arenacrowd_seatbackcushion_low.1785c564f07f2179.tld,True
level.SCNE,arena_clutchtime_int_master@arena_clutchtime_int_shared_layout@GameObjects@stands@clutchtime_stair_3step_13:clutchtime_stair_3step_low,80,80,2,2,BC6H_UF16,LINEAR,16000,clutchtime_stair_3step_low.790508cdce7acf36.tld,True
level.SCNE,%databuild_art_root%/asset_library/box_electrical_commerciala/texture/box_electrical_commerciala_mat_m.png,1024,1024,11,1,BC1_UNORM,LINEAR,699064,box_electrical_commerciala_mat_m.39f7681366cc076f.tld,False
level.SCNE,arena_clutchtime_int_master@arena_clutchtime_int_shared_layout@GameObjects@stands@clutchtime_stair_3step_12:clutchtime_stair_3step_low,80,80,2,2,BC6H_UF16,LINEAR,16000,clutchtime_stair_3step_low.1338f51bc083de03.tld,True
level.SCNE,arena_clutchtime_int_master@arena_clutchtime_int_shared_layout@GameObjects@clutchtimecurtainstunnels1@Prototype_arena_curtains_prototype_2@curtain100x20_arena_straight300c_1:curtain100x20_arena_straight300c,56,56,2,2,BC6H_UF16,LINEAR,7840,curtain100x20_arena_straight300c.04543659cd3928d7.tld,True
level.SCNE,arena_clutchtime_int_master@arena_clutchtime_int_shared_layout@GameObjects@ceiling_panels@clutchtime_ceilingpanel_d_3:clutchtime_ceilingpanel_d_low_linelightvisibility,768,768,2,1,BC4_UNORM,LINEAR,368640,clutchtime_ceilingpanel_d_low_linelightvisibility.33ba47bcda8ec47f.tld,False
level.SCNE,arena_clutchtime_int_master@arena_clutchtime_int_shared_layout@GameObjects@balcony_chairs@chair_arenacrowd_seatbackcushion_130:chair_arenacrowd_seatbackcushion_low_linelightvisibility,88,88,2,1,BC4_UNORM,LINEAR,4840,chair_arenacrowd_seatbackcushion_low_linelightvisibility.cdcced57da6d1070.tld,True
level.SCNE,arena_clutchtime_int_master@arena_clutchtime_int_shared_layout@GameObjects@scorecube@clutchtime_scorecube_spiral:clutchtime_scorecube_spiral_low_linelightvisibility,1224,1224,2,1,BC4_UNORM,LINEAR,936360,clutchtime_scorecube_spiral_low_linelightvisibility.1b91d909879db205.tld,False
level.SCNE,arena_clutchtime_int_master@arena_clutchtime_int_shared_layout@GameObjects@ceiling_panels@clutchtime_ceilingpanel_a_3:clutchtime_ceilingpanel_a_low_linelightvisibility,776,776,2,1,BC4_UNORM,LINEAR,376360,clutchtime_ceilingpanel_a_low_linelightvisibility.986325f0b2280183.tld,False
level.SCNE,arena_clutchtime_int_master@arena_clutchtime_int_shared_layout@GameObjects@Prototype_arena_curtains_prototype@Prototype_arena_curtains_prototype_0@curtain100x20_arena_straight500c_125:curtain100x20_arena_straight500c_linelightvisibility,72,72,2,1,BC4_UNORM,LINEAR,3240,curtain100x20_arena_straight500c_linelightvisibility.e35ebd26fbe9d23e.tld,True
level.SCNE,arena_clutchtime_int_master@arena_clutchtime_int_shared_layout@GameObjects@balcony_chairs@chair_arenacrowd_seatbackcushion_18:chair_arenacrowd_seatbackcushion_low,88,88,2,2,BC6H_UF16,LINEAR,19360,chair_arenacrowd_seatbackcushion_low.3be8e5ea2552d545.tld,True
level.SCNE,arena_clutchtime_int_master@arena_clutchtime_int_shared_layout@GameObjects@balcony_chairs@chair_arenacrowd_seatbackcushion_0:chair_arenacrowd_seatbackcushion_low,88,88,2,2,BC6H_UF16,LINEAR,19360,chair_arenacrowd_seatbackcushion_low.76f3cdbc7d83578e.tld,True
level.SCNE,arena_clutchtime_int_master@arena_clutchtime_int_shared_layout@GameObjects@ceiling_panelslights@clutchtime_ceilingpanellight_b_3:clutchtime_ceilingpanellight_b_low_linelightvisibility,1272,1272,2,1,BC4_UNORM,LINEAR,1011240,clutchtime_ceilingpanellight_b_low_linelightvisibility.670587e2458e6b68.tld,False
level.SCNE,arena_clutchtime_int_master@arena_clutchtime_int_shared_layout@GameObjects@balcony_lights@light_ceilinga_round_61:light_ceilinga_round_low_linelightvisibility,16,16,2,1,BC4_UNORM,LINEAR,160,light_ceilinga_round_low_linelightvisibility.bbb5c16588a49e77.tld,True
level.SCNE,pillibl_2Depth.d80ab9cb,128,128,1,6,BC6H_UF16,LINEAR,98304,pillibl_2depth.3b14326cbc0cb72b.tld,False
level.SCNE,arena_clutchtime_int_master@arena_clutchtime_int_shared_layout@GameObjects@stands@clutchtime_stair_3step_10:clutchtime_stair_3step_low,80,80,2,2,BC6H_UF16,LINEAR,16000,clutchtime_stair_3step_low.aef4383b9d1c25ff.tld,True
level.SCNE,arena_clutchtime_int_master@arena_clutchtime_int_shared_layout@GameObjects@Prototype_arena_curtains_prototype@Prototype_arena_curtains_prototype_0@curtain100x20_arena_straight500c_127:curtain100x20_arena_straight500c_linelightvisibility,72,72,2,1,BC4_UNORM,LINEAR,3240,curtain100x20_arena_straight500c_linelightvisibility.c549aef45d89241c.tld,True
level.SCNE,arena_clutchtime_int_master@arena_clutchtime_int_shared_layout@GameObjects@ceiling_panelslights@clutchtime_ceilingpanellight_b_0:clutchtime_ceilingpanellight_b_low,1272,1272,2,2,BC6H_UF16,LINEAR,4044960,clutchtime_ceilingpanellight_b_low.50fd7b40d0ebbef7.tld,False
level.SCNE,arena_clutchtime_int_master@arena_clutchtime_int_shared_layout@GameObjects@balcony_chairs@chair_arenacrowd_seatbackcushion_112:chair_arenacrowd_seatbackcushion_low,88,88,2,2,BC6H_UF16,LINEAR,19360,chair_arenacrowd_seatbackcushion_low.e2c304763848b354.tld,True
level.SCNE,arena_clutchtime_int_master@arena_clutchtime_int_shared_layout@GameObjects@balcony_lights@light_ceilinga_round_20:light_ceilinga_round_low_linelightvisibility,16,16,2,1,BC4_UNORM,LINEAR,160,light_ceilinga_round_low_linelightvisibility.bbb5c16588a49e77.tld,True
level.SCNE,arena_clutchtime_int_master@arena_clutchtime_int_shared_layout@GameObjects@balcony@clutchtime_balcony_b_9:clutchtime_balcony_b_low_linelightvisibility,584,584,2,1,BC4_UNORM,LINEAR,213160,clutchtime_balcony_b_low_linelightvisibility.a9e3bd16c6faf7de.tld,False
level.SCNE,arena_clutchtime_int_master@arena_clutchtime_int_shared_layout@GameObjects@Prototype_arena_curtains_prototype@Prototype_arena_curtains_prototype_0@curtain100x20_arena_straight500c_126:curtain100x20_arena_straight500c_linelightvisibility,72,72,2,1,BC4_UNORM,LINEAR,3240,curtain100x20_arena_straight500c_linelightvisibility.8fa1b96ede43d88c.tld,True
level.SCNE,%databuild_art_root%/asset_library/_generic_textures/curtain100x20_arena_straight200a_n.png,1024,1024,11,1,BC7_UNORM,NORMAL,1398128,curtain100x20_arena_straight200a_n.de94acda27cb2901.tld,False
level.SCNE,arena_clutchtime_int_master@arena_clutchtime_int_shared_layout@GameObjects@balcony_lights@light_ceilinga_round_30:light_ceilinga_round_low,16,16,2,2,BC6H_UF16,LINEAR,640,light_ceilinga_round_low.fab269654d4c501d.tld,True
level.SCNE,arena_clutchtime_int_master@arena_clutchtime_int_shared_layout@GameObjects@mural_lights@lighting_suspendedtrack_metalb_8:lighting_suspendedtrack_metalb_low_linelightvisibility,120,120,2,1,BC4_UNORM,LINEAR,9000,lighting_suspendedtrack_metalb_low_linelightvisibility.4294ff82d381bc41.tld,True
level.SCNE,arena_clutchtime_int_master@arena_clutchtime_int_shared_layout@GameObjects@stands@clutchtime_stair_3step_11:clutchtime_stair_3step_low,80,80,2,2,BC6H_UF16,LINEAR,16000,clutchtime_stair_3step_low.019b41ddc845ffbf.tld,True
level.SCNE,arena_clutchtime_int_master@arena_clutchtime_int_shared_layout@GameObjects@balcony_chairs@chair_arenacrowd_seatbackcushion_30:chair_arenacrowd_seatbackcushion_low_linelightvisibility,88,88,2,1,BC4_UNORM,LINEAR,4840,chair_arenacrowd_seatbackcushion_low_linelightvisibility.cdcced57da6d1070.tld,True
level.SCNE,arena_clutchtime_int_master@arena_clutchtime_int_shared_layout@GameObjects@stands@clutchtime_stair_3step_14:clutchtime_stair_3step_low,80,80,2,2,BC6H_UF16,LINEAR,16000,clutchtime_stair_3step_low.caa9cfd37940b4a9.tld,True
level.SCNE,arena_clutchtime_int_master@arena_clutchtime_int_shared_layout@GameObjects@stands@clutchtime_stair_3step_15:clutchtime_stair_3step_low,80,80,2,2,BC6H_UF16,LINEAR,16000,clutchtime_stair_3step_low.dc9e0ea011a27518.tld,True
level.SCNE,arena_clutchtime_int_master@arena_clutchtime_int_shared_layout@GameObjects@balcony_chairs@chair_arenacrowd_seatbackcushion_97:chair_arenacrowd_seatbackcushion_low_linelightvisibility,88,88,2,1,BC4_UNORM,LINEAR,4840,chair_arenacrowd_seatbackcushion_low_linelightvisibility.cdcced57da6d1070.tld,True
level.SCNE,arena_clutchtime_int_master@arena_clutchtime_int_shared_layout@GameObjects@Prototype_arena_curtains_prototype@Prototype_arena_curtains_prototype_0@curtain100x20_arena_straight500c_32:curtain100x20_arena_straight500c,72,72,2,2,BC6H_UF16,LINEAR,12960,curtain100x20_arena_straight500c.d95d614b9d144452.tld,True
level.SCNE,arena_clutchtime_int_master@arena_clutchtime_int_shared_layout@GameObjects@doors@electical_outlet_common_aluminum:eletrical_oulet_common_linelightvisibility,8,8,2,1,BC4_UNORM,LINEAR,40,eletrical_oulet_common_linelightvisibility.db2b52e90fa51341.tld,True
level.SCNE,arena_clutchtime_int_master@arena_clutchtime_int_shared_layout@GameObjects@balcony_chairs@chair_arenacrowd_seatbackcushion_134:chair_arenacrowd_seatbackcushion_low,88,88,2,2,BC6H_UF16,LINEAR,19360,chair_arenacrowd_seatbackcushion_low.23bc47080c2959dd.tld,True
level.SCNE,AddOn1NormalAndRoughMap#96989270_1245,512,512,10,1,BC7_UNORM,LINEAR,349552,addon1normalandroughmap.906c54806e78a2ce.tld,False
level.SCNE,arena_clutchtime_int_master@arena_clutchtime_int_shared_layout@GameObjects@stands@clutchtime_stair_3step_17:clutchtime_stair_3step_low,80,80,2,2,BC6H_UF16,LINEAR,16000,clutchtime_stair_3step_low.156adbc580f66bfd.tld,True
level.SCNE,arena_clutchtime_int_master@arena_clutchtime_int_shared_layout@GameObjects@balcony_lights@light_ceilinga_round_17:light_ceilinga_round_low,16,16,2,2,BC6H_UF16,LINEAR,640,light_ceilinga_round_low.d6b074c65eb2c3dd.tld,True
level.SCNE,arena_clutchtime_int_master@arena_clutchtime_int_shared_layout@GameObjects@balcony_chairs@chair_arenacrowd_seatbackcushion_127:chair_arenacrowd_seatbackcushion_low,88,88,2,2,BC6H_UF16,LINEAR,19360,chair_arenacrowd_seatbackcushion_low.6d137057fc47bda7.tld,True
level.SCNE,arena_clutchtime_int_master@arena_clutchtime_int_shared_layout@GameObjects@stands@clutchtime_stair_3step_15:clutchtime_stair_3step_low_linelightvisibility,80,80,2,1,BC4_UNORM,LINEAR,4000,clutchtime_stair_3step_low_linelightvisibility.e459a7044e5be3c6.tld,True
level.SCNE,arena_clutchtime_int_master@arena_clutchtime_int_shared_layout@GameObjects@Prototype_arena_curtains_prototype@Prototype_arena_curtains_prototype_0@curtain100x20_arena_straight500c_42:curtain100x20_arena_straight500c,72,72,2,2,BC6H_UF16,LINEAR,12960,curtain100x20_arena_straight500c.ca19a0cd6594f938.tld,True
level.SCNE,%databuild_art_root%/material_library/concrete_dusty/texture/concrete_dusty_metallic.png,1,1,1,1,BC1_UNORM,LINEAR,8,concrete_dusty_metallic.eae93d8a48caf113.tld,True
level.SCNE,arena_clutchtime_int_master@arena_clutchtime_int_shared_layout@GameObjects@stands@clutchtime_stair_3step_16:clutchtime_stair_3step_low,80,80,2,2,BC6H_UF16,LINEAR,16000,clutchtime_stair_3step_low.fe9c20db6f68848d.tld,True
level.SCNE,arena_clutchtime_int_master@arena_clutchtime_int_shared_layout@GameObjects@Prototype_arena_curtains_prototype@Prototype_arena_curtains_prototype_0@curtain100x20_arena_straight500c:curtain100x20_arena_straight500c_linelightvisibility,72,72,2,1,BC4_UNORM,LINEAR,3240,curtain100x20_arena_straight500c_linelightvisibility.2ecec2b6370d05ce.tld,True
level.SCNE,arena_clutchtime_int_master@arena_clutchtime_int_shared_layout@GameObjects@ceiling_panelslights@clutchtime_ceilingpanellight_b:clutchtime_ceilingpanellight_b_low,1272,1272,2,2,BC6H_UF16,LINEAR,4044960,clutchtime_ceilingpanellight_b_low.ed717ffe316e2c85.tld,False
level.SCNE,arena_clutchtime_int_master@arena_clutchtime_int_shared_layout@GameObjects@balcony_lights@light_ceilinga_round_8:light_ceilinga_round_low_linelightvisibility,16,16,2,1,BC4_UNORM,LINEAR,160,light_ceilinga_round_low_linelightvisibility.bbb5c16588a49e77.tld,True
level.SCNE,arena_clutchtime_int_master@arena_clutchtime_int_shared_layout@GameObjects@ceiling_panelslights@clutchtime_ceilingpanellight_a_0:clutchtime_ceilingpanellight_a_low,1200,1200,2,2,BC6H_UF16,LINEAR,3600000,clutchtime_ceilingpanellight_a_low.c038f7a680e83a46.tld,False
level.SCNE,arena_clutchtime_int_master@arena_clutchtime_int_shared_layout@GameObjects@balcony_chairs@chair_arenacrowd_seatbackcushion_26:chair_arenacrowd_seatbackcushion_low_linelightvisibility,88,88,2,1,BC4_UNORM,LINEAR,4840,chair_arenacrowd_seatbackcushion_low_linelightvisibility.cdcced57da6d1070.tld,True
level.SCNE,arena_clutchtime_int_master@arena_clutchtime_int_shared_layout@GameObjects@balcony_lights@light_ceilinga_round_84:light_ceilinga_round_low_linelightvisibility,16,16,2,1,BC4_UNORM,LINEAR,160,light_ceilinga_round_low_linelightvisibility.bbb5c16588a49e77.tld,True
level.SCNE,court_pillibl_3Depth.bbbad7c7,128,128,1,6,BC6H_UF16,LINEAR,98304,court_pillibl_3depth.b89f3918ba5d785f.tld,False
level.SCNE,arena_clutchtime_int_master@arena_clutchtime_int_shared_layout@GameObjects@Prototype_arena_curtains_prototype@Prototype_arena_curtains_prototype_0@curtain100x20_arena_straight500c_10:curtain100x20_arena_straight500c,72,72,2,2,BC6H_UF16,LINEAR,12960,curtain100x20_arena_straight500c.5292a106cb388aa3.tld,True
level.SCNE,arena_clutchtime_int_master@arena_clutchtime_int_shared_layout@GameObjects@stands@clutchtime_stands_tunnel_0:clutchtime_stands_tunnel_low,288,288,2,2,BC6H_UF16,LINEAR,207360,clutchtime_stands_tunnel_low.bfd0bd42d5e32102.tld,False
level.SCNE,arena_clutchtime_int_master@arena_clutchtime_int_shared_layout@GameObjects@Prototype_arena_curtains_prototype@Prototype_arena_curtains_prototype_0@curtain100x20_arena_straight500c_146:curtain100x20_arena_straight500c,72,72,2,2,BC6H_UF16,LINEAR,12960,curtain100x20_arena_straight500c.a9e3218ef546ad76.tld,True
level.SCNE,arena_clutchtime_int_master@arena_clutchtime_int_shared_layout@GameObjects@Prototype_arena_curtains_prototype@Prototype_arena@curtain100x20_arena_straight500c_175:curtain100x20_arena_straight500c,72,72,2,2,BC6H_UF16,LINEAR,12960,curtain100x20_arena_straight500c.9c4f9a5c30dce1d0.tld,True
level.SCNE,arena_clutchtime_int_master@arena_clutchtime_int_shared_layout@GameObjects@balcony_chairs@chair_arenacrowd_seatbackcushion_81:chair_arenacrowd_seatbackcushion_low_linelightvisibility,88,88,2,1,BC4_UNORM,LINEAR,4840,chair_arenacrowd_seatbackcushion_low_linelightvisibility.cdcced57da6d1070.tld,True
level.SCNE,arena_clutchtime_int_master@arena_clutchtime_int_shared_layout@GameObjects@Prototype_arena_curtains_prototype@Prototype_arena_curtains_prototype_0@curtain100x20_arena_straight500c_149:curtain100x20_arena_straight500c,72,72,2,2,BC6H_UF16,LINEAR,12960,curtain100x20_arena_straight500c.dedde9ac16e8e75b.tld,True
level.SCNE,arena_clutchtime_int_master@arena_clutchtime_int_shared_layout@GameObjects@balcony_lights@light_ceilinga_round_47:light_ceilinga_round_low,16,16,2,2,BC6H_UF16,LINEAR,640,light_ceilinga_round_low.7248910489b5ea1a.tld,True
level.SCNE,arena_clutchtime_int_master@arena_clutchtime_int_shared_layout@GameObjects@balcony_chairs@chair_arenacrowd_seatbackcushion_61:chair_arenacrowd_seatbackcushion_low,88,88,2,2,BC6H_UF16,LINEAR,19360,chair_arenacrowd_seatbackcushion_low.88cd9830d9ac606b.tld,True
level.SCNE,arena_clutchtime_int_master@arena_clutchtime_int_shared_layout@GameObjects@balcony_chairs@chair_arenacrowd_seatbackcushion_13:chair_arenacrowd_seatbackcushion_low_linelightvisibility,88,88,2,1,BC4_UNORM,LINEAR,4840,chair_arenacrowd_seatbackcushion_low_linelightvisibility.7e7afbe344597349.tld,True
level.SCNE,arena_clutchtime_int_master@GameObjects@dorna@clutchtime_court_dorna_15:clutchtime_court_dorna_low_linelightvisibility,352,352,2,1,BC4_UNORM,LINEAR,77440,clutchtime_court_dorna_low_linelightvisibility.b2e0bf0cae84d723.tld,False
level.SCNE,arena_clutchtime_int_master@arena_clutchtime_int_shared_layout@GameObjects@Prototype_arena_curtains_prototype@Prototype_arena_curtains_prototype_0@curtain100x20_arena_straight500c_136:curtain100x20_arena_straight500c,72,72,2,2,BC6H_UF16,LINEAR,12960,curtain100x20_arena_straight500c.ce551d8bcee8f48a.tld,True
level.SCNE,arena_clutchtime_int_master@arena_clutchtime_int_shared_layout@GameObjects@Prototype_arena_curtains_prototype@Prototype_arena@curtain100x20_arena_straight500c_76:curtain100x20_arena_straight500c,72,72,2,2,BC6H_UF16,LINEAR,12960,curtain100x20_arena_straight500c.7573bd947eda0faf.tld,True
level.SCNE,arena_clutchtime_int_master@arena_clutchtime_int_shared_layout@GameObjects@Prototype_arena_curtains_prototype@Prototype_arena@curtain100x20_arena_straight500c_105:curtain100x20_arena_straight500c,72,72,2,2,BC6H_UF16,LINEAR,12960,curtain100x20_arena_straight500c.598d0fe0d78cda4a.tld,True
level.SCNE,arena_clutchtime_int_master@arena_clutchtime_int_shared_layout@GameObjects@Prototype_arena_curtains_prototype@Prototype_arena_curtains_prototype_0@curtain100x20_arena_straight500c_129:curtain100x20_arena_straight500c_linelightvisibility,72,72,2,1,BC4_UNORM,LINEAR,3240,curtain100x20_arena_straight500c_linelightvisibility.585a5cbf50eb0f82.tld,True
level.SCNE,arena_clutchtime_int_master@arena_clutchtime_int_shared_layout@GameObjects@clutchtimecurtainstunnels1@Prototype_arena_curtains_prototype_1@curtain100x20_arena_straight400c_1:curtain100x20_arena_straight400c,88,88,2,2,BC6H_UF16,LINEAR,19360,curtain100x20_arena_straight400c.bc3e384f1c16e39e.tld,True
level.SCNE,arena_clutchtime_int_master@arena_clutchtime_int_shared_layout@GameObjects@balcony_chairs@chair_arenacrowd_seatbackcushion_72:chair_arenacrowd_seatbackcushion_low,88,88,2,2,BC6H_UF16,LINEAR,19360,chair_arenacrowd_seatbackcushion_low.89234e0d7fee6206.tld,True
level.SCNE,arena_clutchtime_int_master@arena_clutchtime_int_shared_layout@GameObjects@Prototype_arena_curtains_prototype@Prototype_arena@curtain100x20_arena_straight500c_79:curtain100x20_arena_straight500c,72,72,2,2,BC6H_UF16,LINEAR,12960,curtain100x20_arena_straight500c.c5d6bc172b64d92f.tld,True
level.SCNE,arena_clutchtime_int_master@arena_clutchtime_int_shared_layout@GameObjects@Prototype_arena_curtains_prototype@Prototype_arena_curtains_prototype_0@curtain100x20_arena_straight500c_139:curtain100x20_arena_straight500c,72,72,2,2,BC6H_UF16,LINEAR,12960,curtain100x20_arena_straight500c.51f24d906dd888ce.tld,True
level.SCNE,arena_clutchtime_int_master@arena_clutchtime_int_shared_layout@GameObjects@mural_lights@lighting_suspendedtrack_metalb_27:lighting_suspendedtrack_metalb_low,120,120,2,2,BC6H_UF16,LINEAR,36000,lighting_suspendedtrack_metalb_low.0446528ac3bbcd53.tld,True
level.SCNE,arena_clutchtime_int_master@arena_clutchtime_int_shared_layout@GameObjects@balcony@clutchtime_balcony_a_4:clutchtime_balcony_a_low,696,696,2,2,BC6H_UF16,LINEAR,1211040,clutchtime_balcony_a_low.06fe9c80dc076e6f.tld,False
level.SCNE,arena_clutchtime_int_master@arena_clutchtime_int_shared_layout@GameObjects@balcony@clutchtime_balcony_railing_0:clutchtime_balcony_railing_low,104,104,2,2,BC6H_UF16,LINEAR,27040,clutchtime_balcony_railing_low.af2f7a8de9e1184a.tld,True
level.SCNE,arena_clutchtime_int_master@arena_clutchtime_int_shared_layout@GameObjects@ceiling_panels@clutchtime_ceilingpanel_e_5:clutchtime_ceilingpanel_e_low_linelightvisibility,768,768,2,1,BC4_UNORM,LINEAR,368640,clutchtime_ceilingpanel_e_low_linelightvisibility.33ba47bcda8ec47f.tld,False
level.SCNE,arena_clutchtime_int_master@arena_clutchtime_int_shared_layout@GameObjects@balcony_chairs@chair_arenacrowd_seatbackcushion_79:chair_arenacrowd_seatbackcushion_low_linelightvisibility,88,88,2,1,BC4_UNORM,LINEAR,4840,chair_arenacrowd_seatbackcushion_low_linelightvisibility.cdcced57da6d1070.tld,True
level.SCNE,arena_clutchtime_int_master@arena_clutchtime_int_shared_layout@GameObjects@balcony_lights@light_ceilinga_round_47:light_ceilinga_round_low_linelightvisibility,16,16,2,1,BC4_UNORM,LINEAR,160,light_ceilinga_round_low_linelightvisibility.bbb5c16588a49e77.tld,True
level.SCNE,arena_clutchtime_int_master@arena_clutchtime_int_shared_layout@GameObjects@Prototype_arena_curtains_prototype@Prototype_arena_curtains_prototype_0@curtain100x20_arena_straight500c_128:curtain100x20_arena_straight500c_linelightvisibility,72,72,2,1,BC4_UNORM,LINEAR,3240,curtain100x20_arena_straight500c_linelightvisibility.e0a54b88575e2929.tld,True
level.SCNE,arena_clutchtime_int_master@arena_clutchtime_int_shared_layout@GameObjects@Prototype_arena_curtains_prototype@Prototype_arena_curtains_prototype_0@curtain100x20_arena_straight500c_60:curtain100x20_arena_straight500c,72,72,2,2,BC6H_UF16,LINEAR,12960,curtain100x20_arena_straight500c.d126d77642d0a133.tld,True
level.SCNE,arena_clutchtime_int_master@arena_clutchtime_int_shared_layout@GameObjects@ceiling_panelslights@clutchtime_ceilingpanellight_e_5:clutchtime_ceilingpanellight_e_low,1168,1168,2,2,BC6H_UF16,LINEAR,3410560,clutchtime_ceilingpanellight_e_low.e5c3f240252ffd77.tld,False
level.SCNE,arena_clutchtime_int_master@arena_clutchtime_int_shared_layout@GameObjects@balcony_chairs@chair_arenacrowd_seatbackcushion_5:chair_arenacrowd_seatbackcushion_low_linelightvisibility,88,88,2,1,BC4_UNORM,LINEAR,4840,chair_arenacrowd_seatbackcushion_low_linelightvisibility.8b94545a9ca0c365.tld,True
level.SCNE,arena_clutchtime_int_master@arena_clutchtime_int_shared_layout@GameObjects@doors@electrical_switch_double_0:light_switch_double_low_linelightvisibility,32,32,2,1,BC4_UNORM,LINEAR,640,light_switch_double_low_linelightvisibility.b4f6e8325a8f6a8d.tld,True
level.SCNE,arena_clutchtime_int_master@arena_clutchtime_int_shared_layout@GameObjects@balcony@clutchtime_balcony_b_12:clutchtime_balcony_b_low_linelightvisibility,584,584,2,1,BC4_UNORM,LINEAR,213160,clutchtime_balcony_b_low_linelightvisibility.a9e3bd16c6faf7de.tld,False
level.SCNE,arena_clutchtime_int_master@arena_clutchtime_int_shared_layout@GameObjects@ceiling_panelslights@clutchtime_ceilingpanellight_d_3:clutchtime_ceilingpanellight_d_low_linelightvisibility,1160,1160,2,1,BC4_UNORM,LINEAR,841000,clutchtime_ceilingpanellight_d_low_linelightvisibility.f70e010a922fa5ef.tld,False
level.SCNE,arena_clutchtime_int_master@arena_clutchtime_int_shared_layout@GameObjects@mural_lights@lighting_suspendedtrack_metalb_10:lighting_suspendedtrack_metalb_low,120,120,2,2,BC6H_UF16,LINEAR,36000,lighting_suspendedtrack_metalb_low.46113131189e8e99.tld,True
level.SCNE,arena_clutchtime_int_master@arena_clutchtime_int_shared_layout@GameObjects@balcony_chairs@chair_arenacrowd_seatbackcushion_54:chair_arenacrowd_seatbackcushion_low,88,88,2,2,BC6H_UF16,LINEAR,19360,chair_arenacrowd_seatbackcushion_low.50f018ae9c97a51e.tld,True
level.SCNE,arena_clutchtime_int_master@arena_clutchtime_int_shared_layout@GameObjects@balcony_lights@light_ceilinga_round_60:light_ceilinga_round_low,16,16,2,2,BC6H_UF16,LINEAR,640,light_ceilinga_round_low.0faeaaabfd166df1.tld,True
level.SCNE,arena_clutchtime_int_master@arena_clutchtime_int_shared_layout@GameObjects@balcony@clutchtime_ceiling_balcony_0:clutchtime_ceiling_balcony_low,96,96,2,2,BC6H_UF16,LINEAR,23040,clutchtime_ceiling_balcony_low.31376c7e204e7a25.tld,True
level.SCNE,arena_clutchtime_int_master@arena_clutchtime_int_shared_layout@GameObjects@Prototype_arena_curtains_prototype@Prototype_arena@curtain100x20_arena_straight500c_99:curtain100x20_arena_straight500c,72,72,2,2,BC6H_UF16,LINEAR,12960,curtain100x20_arena_straight500c.d2559476d64da339.tld,True
level.SCNE,arena_clutchtime_int_master@arena_clutchtime_int_shared_layout@GameObjects@Prototype_arena_curtains_prototype@Prototype_arena@curtain100x20_arena_straight500c_96:curtain100x20_arena_straight500c,72,72,2,2,BC6H_UF16,LINEAR,12960,curtain100x20_arena_straight500c.0b46bbfb4ca39ee6.tld,True
level.SCNE,arena_clutchtime_int_master@arena_clutchtime_int_shared_layout@GameObjects@balcony_chairs@chair_arenacrowd_seatbackcushion_113:chair_arenacrowd_seatbackcushion_low_linelightvisibility,88,88,2,1,BC4_UNORM,LINEAR,4840,chair_arenacrowd_seatbackcushion_low_linelightvisibility.cdcced57da6d1070.tld,True
level.SCNE,arena_clutchtime_int_master@arena_clutchtime_int_shared_layout@GameObjects@doors@doorframe_interiorhingeless_double:doorframe_interiorhingeless_double_low,104,104,2,2,BC6H_UF16,LINEAR,27040,doorframe_interiorhingeless_double_low.4959439328b7f9d1.tld,True
level.SCNE,court_pillibl_3Emissive.bbbad7c7,128,128,1,6,BC6H_UF16,LINEAR,98304,court_pillibl_3emissive.c1220fb31c81f210.tld,False
level.SCNE,arena_clutchtime_int_master@arena_clutchtime_int_shared_layout@GameObjects@mural_lights@lighting_suspendedtrack_metalb_1:lighting_suspendedtrack_metalb_low,120,120,2,2,BC6H_UF16,LINEAR,36000,lighting_suspendedtrack_metalb_low.b5e526a894518677.tld,True
level.SCNE,arena_clutchtime_int_master@arena_clutchtime_int_shared_layout@GameObjects@balcony@clutchtime_balcony_column_6:clutchtime_balcony_column_low_linelightvisibility,496,496,2,1,BC4_UNORM,LINEAR,153760,clutchtime_balcony_column_low_linelightvisibility.88ead60f88e0c248.tld,False
level.SCNE,arena_clutchtime_int_master@arena_clutchtime_int_shared_layout@GameObjects@balcony_lights@light_ceilinga_round_59:light_ceilinga_round_low,16,16,2,2,BC6H_UF16,LINEAR,640,light_ceilinga_round_low.2a0f8d31f832365a.tld,True
level.SCNE,arena_clutchtime_int_master@arena_clutchtime_int_shared_layout@GameObjects@balcony_chairs@chair_arenacrowd_seatbackcushion_126:chair_arenacrowd_seatbackcushion_low_linelightvisibility,88,88,2,1,BC4_UNORM,LINEAR,4840,chair_arenacrowd_seatbackcushion_low_linelightvisibility.cdcced57da6d1070.tld,True
level.SCNE,arena_clutchtime_int_master@arena_clutchtime_int_shared_layout@GameObjects@stands@clutchtime_stair_3step_19:clutchtime_stair_3step_low,80,80,2,2,BC6H_UF16,LINEAR,16000,clutchtime_stair_3step_low.703662116d49dee4.tld,True
level.SCNE,arena_clutchtime_int_master@arena_clutchtime_int_shared_layout@GameObjects@balcony_chairs@chair_arenacrowd_seatbackcushion_47:chair_arenacrowd_seatbackcushion_low,88,88,2,2,BC6H_UF16,LINEAR,19360,chair_arenacrowd_seatbackcushion_low.10fa8f6fa457424d.tld,True
level.SCNE,arena_clutchtime_int_master@arena_clutchtime_int_shared_layout@GameObjects@doors@sign_exit_generic_2:sign_exit_generic,24,24,2,2,BC6H_UF16,LINEAR,1440,sign_exit_generic.55ed16325178d7f6.tld,True
level.SCNE,arena_clutchtime_int_master@arena_clutchtime_int_shared_layout@GameObjects@balcony@clutchtime_balcony_railing_10:clutchtime_balcony_railing_low_linelightvisibility,104,104,2,1,BC4_UNORM,LINEAR,6760,clutchtime_balcony_railing_low_linelightvisibility.415df97535cc75a1.tld,True
level.SCNE,arena_clutchtime_int_master@arena_clutchtime_int_shared_layout@GameObjects@stands@clutchtime_stair_3step_18:clutchtime_stair_3step_low,80,80,2,2,BC6H_UF16,LINEAR,16000,clutchtime_stair_3step_low.784d031f127b3ccd.tld,True
level.SCNE,arena_clutchtime_int_master@arena_clutchtime_int_shared_layout@GameObjects@doors@electrical_switch_double_2:light_switch_double_low,32,32,2,2,BC6H_UF16,LINEAR,2560,light_switch_double_low.14f5c2c9edf5cdc5.tld,True
level.SCNE,arena_clutchtime_int_master@arena_clutchtime_int_shared_layout@GameObjects@Prototype_arena_curtains_prototype@Prototype_arena@curtain100x20_arena_straight500c_195:curtain100x20_arena_straight500c,72,72,2,2,BC6H_UF16,LINEAR,12960,curtain100x20_arena_straight500c.e9bfd3e11b16474a.tld,True
level.SCNE,arena_clutchtime_int_master@arena_clutchtime_int_shared_layout@GameObjects@doors@door_interiorwindowb_rightdbl_5:door_interiorwindowb_rightdbl,112,112,2,2,BC6H_UF16,LINEAR,31360,door_interiorwindowb_rightdbl.3ef2a58abf78790d.tld,True
level.SCNE,arena_clutchtime_int_master@arena_clutchtime_int_shared_layout@GameObjects@balcony_chairs@chair_arenacrowd_seatbackcushion_139:chair_arenacrowd_seatbackcushion_low_linelightvisibility,88,88,2,1,BC4_UNORM,LINEAR,4840,chair_arenacrowd_seatbackcushion_low_linelightvisibility.15c09b2f83f46495.tld,True
level.SCNE,arena_clutchtime_int_master@arena_clutchtime_int_shared_layout@GameObjects@balcony_chairs@chair_arenacrowd_seatbackcushion_34:chair_arenacrowd_seatbackcushion_low,88,88,2,2,BC6H_UF16,LINEAR,19360,chair_arenacrowd_seatbackcushion_low.a72f495ebea5cf52.tld,True
level.SCNE,arena_clutchtime_int_master@arena_clutchtime_int_shared_layout@GameObjects@Prototype_arena_curtains_prototype@Prototype_arena_curtains_prototype_0@curtain100x20_arena_straight500c_153:curtain100x20_arena_straight500c,72,72,2,2,BC6H_UF16,LINEAR,12960,curtain100x20_arena_straight500c.74f20e778aeb5d41.tld,True
level.SCNE,arena_clutchtime_int_master@arena_clutchtime_int_shared_layout@GameObjects@Prototype_arena_curtains_prototype@Prototype_arena_curtains_prototype_0@curtain100x20_arena_straight500c_14:curtain100x20_arena_straight500c_linelightvisibility,72,72,2,1,BC4_UNORM,LINEAR,3240,curtain100x20_arena_straight500c_linelightvisibility.2ecec2b6370d05ce.tld,True
level.SCNE,arena_clutchtime_int_master@arena_clutchtime_int_shared_layout@GameObjects@Prototype_arena_curtains_prototype@Prototype_arena_curtains_prototype_0@curtain100x20_arena_straight500c_15:curtain100x20_arena_straight500c_linelightvisibility,72,72,2,1,BC4_UNORM,LINEAR,3240,curtain100x20_arena_straight500c_linelightvisibility.2ecec2b6370d05ce.tld,True
level.SCNE,arena_clutchtime_int_master@arena_clutchtime_int_shared_layout@GameObjects@doors@door_interiorwindowb_leftdbl_5:door_interiorwindowb_leftdbl,112,112,2,2,BC6H_UF16,LINEAR,31360,door_interiorwindowb_leftdbl.304ff7dc828e1c74.tld,True
level.SCNE,arena_clutchtime_int_master@arena_clutchtime_int_shared_layout@GameObjects@doors@doorframe_interiorhingeless_double_4:doorframe_interiorhingeless_double_low_linelightvisibility,104,104,2,1,BC4_UNORM,LINEAR,6760,doorframe_interiorhingeless_double_low_linelightvisibility.415df97535cc75a1.tld,True
level.SCNE,arena_clutchtime_int_master@arena_clutchtime_int_shared_layout@GameObjects@balcony@clutchtime_balcony_b_2:clutchtime_balcony_b_low,584,584,2,2,BC6H_UF16,LINEAR,852640,clutchtime_balcony_b_low.3fa297fe357847d8.tld,False
level.SCNE,arena_clutchtime_int_master@arena_clutchtime_int_shared_layout@GameObjects@doors@sign_exit_generic_8:sign_exit_generic,24,24,2,2,BC6H_UF16,LINEAR,1440,sign_exit_generic.8d68317090d1d5e0.tld,True
level.SCNE,arena_clutchtime_int_master@arena_clutchtime_int_shared_layout@GameObjects@Prototype_arena_curtains_prototype@Prototype_arena_curtains_prototype_0@curtain100x20_arena_straight500c_17:curtain100x20_arena_straight500c_linelightvisibility,72,72,2,1,BC4_UNORM,LINEAR,3240,curtain100x20_arena_straight500c_linelightvisibility.2ecec2b6370d05ce.tld,True
level.SCNE,arena_clutchtime_int_master@arena_clutchtime_int_shared_layout@GameObjects@balcony_lights@light_ceilinga_round_55:light_ceilinga_round_low,16,16,2,2,BC6H_UF16,LINEAR,640,light_ceilinga_round_low.3db0e89d4db13f64.tld,True
level.SCNE,arena_clutchtime_int_master@arena_clutchtime_int_shared_layout@GameObjects@ceiling_panelslights@clutchtime_ceilingpanellight_d_3:clutchtime_ceilingpanellight_d_low,1160,1160,2,2,BC6H_UF16,LINEAR,3364000,clutchtime_ceilingpanellight_d_low.fe9233b58db7b35c.tld,False
level.SCNE,arena_clutchtime_int_master@GameObjects@dorna@clutchtime_court_dorna_17:clutchtime_court_dorna_low_linelightvisibility,352,352,2,1,BC4_UNORM,LINEAR,77440,clutchtime_court_dorna_low_linelightvisibility.8d3f84debd2b18bb.tld,False
level.SCNE,arena_clutchtime_int_master@arena_clutchtime_int_shared_layout@GameObjects@balcony@clutchtime_balcony_c_4:clutchtime_balcony_c_low,640,640,2,2,BC6H_UF16,LINEAR,1024000,clutchtime_balcony_c_low.c4a979f12c620293.tld,False
level.SCNE,arena_clutchtime_int_master@arena_clutchtime_int_shared_layout@GameObjects@balcony_lights@light_ceilinga_round_80:light_ceilinga_round_low,16,16,2,2,BC6H_UF16,LINEAR,640,light_ceilinga_round_low.f4d4f39d0bfb7524.tld,True
level.SCNE,court_pillibl_5Emissive.52d972f2,128,128,1,6,BC6H_UF16,LINEAR,98304,court_pillibl_5emissive.d66cb7dad9b57eb1.tld,False
level.SCNE,arena_clutchtime_int_master@arena_clutchtime_int_shared_layout@GameObjects@balcony_chairs@chair_arenacrowd_seatbackcushion_153:chair_arenacrowd_seatbackcushion_low_linelightvisibility,88,88,2,1,BC4_UNORM,LINEAR,4840,chair_arenacrowd_seatbackcushion_low_linelightvisibility.a00bd95177699a24.tld,True
level.SCNE,arena_clutchtime_int_master@arena_clutchtime_int_shared_layout@GameObjects@Prototype_arena_curtains_prototype@Prototype_arena@curtain100x20_arena_straight500c_63:curtain100x20_arena_straight500c,72,72,2,2,BC6H_UF16,LINEAR,12960,curtain100x20_arena_straight500c.fca0e36fa8a5d8bc.tld,True
level.SCNE,arena_clutchtime_int_master@arena_clutchtime_int_shared_layout@GameObjects@Prototype_arena_curtains_prototype@Prototype_arena@curtain100x20_arena_straight500c_110:curtain100x20_arena_straight500c,72,72,2,2,BC6H_UF16,LINEAR,12960,curtain100x20_arena_straight500c.bc648fdb17bd1f8f.tld,True
level.SCNE,arena_clutchtime_int_master@arena_clutchtime_int_shared_layout@GameObjects@balcony@clutchtime_balcony_railing_14:clutchtime_balcony_railing_low_linelightvisibility,104,104,2,1,BC4_UNORM,LINEAR,6760,clutchtime_balcony_railing_low_linelightvisibility.1f5860618ba9c94e.tld,True
level.SCNE,arena_clutchtime_int_master@arena_clutchtime_int_shared_layout@GameObjects@balcony_chairs@chair_arenacrowd_seatbackcushion_27:chair_arenacrowd_seatbackcushion_low,88,88,2,2,BC6H_UF16,LINEAR,19360,chair_arenacrowd_seatbackcushion_low.29bb7926efad2dda.tld,True
level.SCNE,arena_clutchtime_int_master@arena_clutchtime_int_shared_layout@GameObjects@Prototype_arena_curtains_prototype@Prototype_arena_curtains_prototype_0@curtain100x20_arena_straight500c_16:curtain100x20_arena_straight500c_linelightvisibility,72,72,2,1,BC4_UNORM,LINEAR,3240,curtain100x20_arena_straight500c_linelightvisibility.2ecec2b6370d05ce.tld,True
level.SCNE,arena_clutchtime_int_master@arena_clutchtime_int_shared_layout@GameObjects@Prototype_arena_curtains_prototype@Prototype_arena_curtains_prototype_0@curtain100x20_arena_straight500c_1:curtain100x20_arena_straight500c,72,72,2,2,BC6H_UF16,LINEAR,12960,curtain100x20_arena_straight500c.ab6c6f41d5e185b9.tld,True
level.SCNE,arena_clutchtime_int_master@arena_clutchtime_int_shared_layout@GameObjects@balcony@clutchtime_balcony_b_13:clutchtime_balcony_b_low_linelightvisibility,584,584,2,1,BC4_UNORM,LINEAR,213160,clutchtime_balcony_b_low_linelightvisibility.1e4485e54b4478f2.tld,False
level.SCNE,court_pillibl_7Depth.bcd713de,128,128,1,6,BC6H_UF16,LINEAR,98304,court_pillibl_7depth.b6e488a8854241c1.tld,False
level.SCNE,arena_clutchtime_int_master@arena_clutchtime_int_shared_layout@GameObjects@balcony_chairs@chair_arenacrowd_seatbackcushion_118:chair_arenacrowd_seatbackcushion_low,88,88,2,2,BC6H_UF16,LINEAR,19360,chair_arenacrowd_seatbackcushion_low.401ba82ac32de780.tld,True
level.SCNE,arena_clutchtime_int_master@arena_clutchtime_int_shared_layout@GameObjects@balcony_lights@light_ceilinga_round_46:light_ceilinga_round_low_linelightvisibility,16,16,2,1,BC4_UNORM,LINEAR,160,light_ceilinga_round_low_linelightvisibility.bbb5c16588a49e77.tld,True
level.SCNE,arena_clutchtime_int_master@arena_clutchtime_int_shared_layout@GameObjects@Prototype_arena_curtains_prototype@Prototype_arena_curtains_prototype_0@curtain100x20_arena_straight500c_13:curtain100x20_arena_straight500c_linelightvisibility,72,72,2,1,BC4_UNORM,LINEAR,3240,curtain100x20_arena_straight500c_linelightvisibility.2ecec2b6370d05ce.tld,True
level.SCNE,%databuild_art_root%/material_library/_generic_textures/grunges/substanceprocedural_grunge_surface_006.tga,1024,1024,11,1,BC7_UNORM,,1398128,substanceprocedural_grunge_surface_006.f7faf93392b36146.tld,False
level.SCNE,arena_clutchtime_int_master@arena_clutchtime_int_shared_layout@GameObjects@stands@clutchtime_stands_tunnel_0:clutchtime_stands_tunnel_low_linelightvisibility,288,288,2,1,BC4_UNORM,LINEAR,51840,clutchtime_stands_tunnel_low_linelightvisibility.ceffd3ec9feafab3.tld,True
level.SCNE,arena_clutchtime_int_master@arena_clutchtime_int_shared_layout@GameObjects@Prototype_arena_curtains_prototype@Prototype_arena_curtains_prototype_0@curtain100x20_arena_straight500c_12:curtain100x20_arena_straight500c_linelightvisibility,72,72,2,1,BC4_UNORM,LINEAR,3240,curtain100x20_arena_straight500c_linelightvisibility.2ecec2b6370d05ce.tld,True
level.SCNE,arena_clutchtime_int_master@arena_clutchtime_int_shared_layout@GameObjects@clutchtimecurtainstunnels1@Prototype_arena_curtains_prototype_2@curtain100x20_arena_straight400c_7:curtain100x20_arena_straight400c,88,88,2,2,BC6H_UF16,LINEAR,19360,curtain100x20_arena_straight400c.580f12a76fec0b0b.tld,True
level.SCNE,arena_clutchtime_int_master@arena_clutchtime_int_shared_layout@GameObjects@balcony_chairs@chair_arenacrowd_seatbackcushion_39:chair_arenacrowd_seatbackcushion_low_linelightvisibility,88,88,2,1,BC4_UNORM,LINEAR,4840,chair_arenacrowd_seatbackcushion_low_linelightvisibility.cdcced57da6d1070.tld,True
level.SCNE,arena_clutchtime_int_master@arena_clutchtime_int_shared_layout@GameObjects@Prototype_arena_curtains_prototype@Prototype_arena@curtain100x20_arena_straight500c_83:curtain100x20_arena_straight500c,72,72,2,2,BC6H_UF16,LINEAR,12960,curtain100x20_arena_straight500c.a2d1b928a62d858b.tld,True
level.SCNE,arena_clutchtime_int_master@arena_clutchtime_int_shared_layout@GameObjects@clutchtimecurtainstunnels1@Prototype_arena_curtains_prototype_2@curtain100x20_arena_straight400c_8:curtain100x20_arena_straight400c,88,88,2,2,BC6H_UF16,LINEAR,19360,curtain100x20_arena_straight400c.636b0a01e615d536.tld,True
level.SCNE,arena_clutchtime_int_master@arena_clutchtime_int_shared_layout@GameObjects@Prototype_arena_curtains_prototype@Prototype_arena_curtains_prototype_0@curtain100x20_arena_straight500c_10:curtain100x20_arena_straight500c_linelightvisibility,72,72,2,1,BC4_UNORM,LINEAR,3240,curtain100x20_arena_straight500c_linelightvisibility.2ecec2b6370d05ce.tld,True
level.SCNE,arena_clutchtime_int_master@arena_clutchtime_int_shared_layout@GameObjects@balcony_chairs@chair_arenacrowd_seatbackcushion_12:chair_arenacrowd_seatbackcushion_low,88,88,2,2,BC6H_UF16,LINEAR,19360,chair_arenacrowd_seatbackcushion_low.30c209ddeb57c3bc.tld,True
level.SCNE,arena_clutchtime_int_master@arena_clutchtime_int_shared_layout@GameObjects@Prototype_arena_curtains_prototype@Prototype_arena@curtain100x20_arena_straight500c_180:curtain100x20_arena_straight500c,72,72,2,2,BC6H_UF16,LINEAR,12960,curtain100x20_arena_straight500c.c94e3d690ac562d6.tld,True
level.SCNE,arena_clutchtime_int_master@arena_clutchtime_int_shared_layout@GameObjects@balcony_chairs@chair_arenacrowd_seatbackcushion_66:chair_arenacrowd_seatbackcushion_low_linelightvisibility,88,88,2,1,BC4_UNORM,LINEAR,4840,chair_arenacrowd_seatbackcushion_low_linelightvisibility.cdcced57da6d1070.tld,True
level.SCNE,arena_clutchtime_int_master@arena_clutchtime_int_shared_layout@GameObjects@ceiling_panels@clutchtime_ceilingpanel_c_4:clutchtime_ceilingpanel_c_low_linelightvisibility,776,776,2,1,BC4_UNORM,LINEAR,376360,clutchtime_ceilingpanel_c_low_linelightvisibility.986325f0b2280183.tld,False
level.SCNE,arena_clutchtime_int_master@arena_clutchtime_int_shared_layout@GameObjects@balcony_lights@light_ceilinga_round_85:light_ceilinga_round_low_linelightvisibility,16,16,2,1,BC4_UNORM,LINEAR,160,light_ceilinga_round_low_linelightvisibility.bbb5c16588a49e77.tld,True
level.SCNE,arena_clutchtime_int_master@arena_clutchtime_int_shared_layout@GameObjects@balcony_chairs@chair_arenacrowd_seatbackcushion_53:chair_arenacrowd_seatbackcushion_low_linelightvisibility,88,88,2,1,BC4_UNORM,LINEAR,4840,chair_arenacrowd_seatbackcushion_low_linelightvisibility.cdcced57da6d1070.tld,True
level.SCNE,arena_clutchtime_int_master@arena_clutchtime_int_shared_layout@GameObjects@balcony_lights@light_ceilinga_round_9:light_ceilinga_round_low_linelightvisibility,16,16,2,1,BC4_UNORM,LINEAR,160,light_ceilinga_round_low_linelightvisibility.bbb5c16588a49e77.tld,True
level.SCNE,arena_clutchtime_int_master@arena_clutchtime_int_shared_layout@GameObjects@ceiling_panels@clutchtime_ceilingpanel_f_4:clutchtime_ceilingpanel_f_low_linelightvisibility,864,864,2,1,BC4_UNORM,LINEAR,466560,clutchtime_ceilingpanel_f_low_linelightvisibility.f3e2eb4adb2bf882.tld,False
level.SCNE,arena_clutchtime_int_master@arena_clutchtime_int_shared_layout@GameObjects@balcony_lights@light_ceilinga_round_72:light_ceilinga_round_low,16,16,2,2,BC6H_UF16,LINEAR,640,light_ceilinga_round_low.e88bde49a3943f7b.tld,True
level.SCNE,%databuild_art_root%/material_library/concrete_dusty/texture/concrete_dusty_basecolor.png,1024,1024,11,1,BC1_UNORM,,699064,concrete_dusty_basecolor.e02af4365595a433.tld,False
level.SCNE,arena_clutchtime_int_master@arena_clutchtime_int_shared_layout@GameObjects@Prototype_arena_curtains_prototype@Prototype_arena_curtains_prototype_0@curtain100x20_arena_straight500c_11:curtain100x20_arena_straight500c_linelightvisibility,72,72,2,1,BC4_UNORM,LINEAR,3240,curtain100x20_arena_straight500c_linelightvisibility.2ecec2b6370d05ce.tld,True
level.SCNE,arena_clutchtime_int_master@arena_clutchtime_int_shared_layout@GameObjects@balcony_lights@light_ceilinga_round_22:light_ceilinga_round_low,16,16,2,2,BC6H_UF16,LINEAR,640,light_ceilinga_round_low.8e4e10f84d017429.tld,True
level.SCNE,arena_clutchtime_int_master@arena_clutchtime_int_shared_layout@GameObjects@balcony_chairs@chair_arenacrowd_seatbackcushion_88:chair_arenacrowd_seatbackcushion_low_linelightvisibility,88,88,2,1,BC4_UNORM,LINEAR,4840,chair_arenacrowd_seatbackcushion_low_linelightvisibility.cdcced57da6d1070.tld,True
level.SCNE,arena_clutchtime_int_master@arena_clutchtime_int_shared_layout@GameObjects@balcony_chairs@chair_arenacrowd_seatbackcushion_95:chair_arenacrowd_seatbackcushion_low,88,88,2,2,BC6H_UF16,LINEAR,19360,chair_arenacrowd_seatbackcushion_low.7aa13ff985fe6286.tld,True
level.SCNE,arena_clutchtime_int_master@arena_clutchtime_int_shared_layout@GameObjects@balcony_chairs@chair_arenacrowd_seatbackcushion_154:chair_arenacrowd_seatbackcushion_low,88,88,2,2,BC6H_UF16,LINEAR,19360,chair_arenacrowd_seatbackcushion_low.44d74b58a4961164.tld,True
level.SCNE,arena_clutchtime_int_master@arena_clutchtime_int_shared_layout@GameObjects@balcony_chairs@chair_arenacrowd_seatbackcushion_86:chair_arenacrowd_seatbackcushion_low,88,88,2,2,BC6H_UF16,LINEAR,19360,chair_arenacrowd_seatbackcushion_low.53cf9e7738d477b5.tld,True
level.SCNE,arena_clutchtime_int_master@arena_clutchtime_int_shared_layout@GameObjects@ceiling_panelslights@clutchtime_ceilingpanellight_d:clutchtime_ceilingpanellight_d_low_linelightvisibility,1160,1160,2,1,BC4_UNORM,LINEAR,841000,clutchtime_ceilingpanellight_d_low_linelightvisibility.f70e010a922fa5ef.tld,False
level.SCNE,NormalAndRoughMap#7f9e138a_1543,512,512,10,1,BC7_UNORM,LINEAR,349552,normalandroughmap.465482e2bee6fa7b.tld,False
level.SCNE,arena_clutchtime_int_master@arena_clutchtime_int_shared_layout@GameObjects@balcony_chairs@chair_arenacrowd_seatbackcushion_70:chair_arenacrowd_seatbackcushion_low_linelightvisibility,88,88,2,1,BC4_UNORM,LINEAR,4840,chair_arenacrowd_seatbackcushion_low_linelightvisibility.cdcced57da6d1070.tld,True
level.SCNE,arena_clutchtime_int_master@arena_clutchtime_int_shared_layout@GameObjects@balcony@clutchtime_balcony_railing_4:clutchtime_balcony_railing_low,104,104,2,2,BC6H_UF16,LINEAR,27040,clutchtime_balcony_railing_low.aac5beca87fbcf15.tld,True
level.SCNE,%databuild_art_root%/substance_library/graphs/anodized_aluminium/exports/anodized_aluminium_metallic.png,1,1,1,1,BC1_UNORM,LINEAR,8,anodized_aluminium_metallic.a826c8daebac5b67.tld,True
level.SCNE,arena_clutchtime_int_master@arena_clutchtime_int_shared_layout@GameObjects@Prototype_arena_curtains_prototype@Prototype_arena_curtains_prototype_0@curtain100x20_arena_straight500c_19:curtain100x20_arena_straight500c_linelightvisibility,72,72,2,1,BC4_UNORM,LINEAR,3240,curtain100x20_arena_straight500c_linelightvisibility.2ecec2b6370d05ce.tld,True
level.SCNE,arena_clutchtime_int_master@arena_clutchtime_int_shared_layout@GameObjects@balcony_chairs@chair_arenacrowd_seatbackcushion_147:chair_arenacrowd_seatbackcushion_low,88,88,2,2,BC6H_UF16,LINEAR,19360,chair_arenacrowd_seatbackcushion_low.945b568a7c7a9cf8.tld,True
level.SCNE,arena_clutchtime_int_master@arena_clutchtime_int_shared_layout@GameObjects@balcony_chairs@chair_arenacrowd_seatbackcushion_45:chair_arenacrowd_seatbackcushion_low_linelightvisibility,88,88,2,1,BC4_UNORM,LINEAR,4840,chair_arenacrowd_seatbackcushion_low_linelightvisibility.cdcced57da6d1070.tld,True
level.SCNE,arena_clutchtime_int_master@arena_clutchtime_int_shared_layout@GameObjects@doors@sign_exit_generic_3:sign_exit_generic_linelightvisibility,24,24,2,1,BC4_UNORM,LINEAR,360,sign_exit_generic_linelightvisibility.bff29216041431a6.tld,True
level.SCNE,arena_clutchtime_int_master@arena_clutchtime_int_shared_layout@GameObjects@balcony_lights@light_ceilinga_round_0:light_ceilinga_round_low,16,16,2,2,BC6H_UF16,LINEAR,640,light_ceilinga_round_low.d107de42ac161708.tld,True
level.SCNE,arena_clutchtime_int_master@arena_clutchtime_int_shared_layout@GameObjects@Prototype_arena_curtains_prototype@Prototype_arena_curtains_prototype_0@curtain100x20_arena_straight500c_18:curtain100x20_arena_straight500c_linelightvisibility,72,72,2,1,BC4_UNORM,LINEAR,3240,curtain100x20_arena_straight500c_linelightvisibility.2ecec2b6370d05ce.tld,True
level.SCNE,court_pillibl_6Emissive.cbd02348,128,128,1,6,BC6H_UF16,LINEAR,98304,court_pillibl_6emissive.89ee6101615f5582.tld,False
level.SCNE,arena_clutchtime_int_master@arena_clutchtime_int_shared_layout@GameObjects@mural_lights@lighting_suspendedtrack_metalb_35:lighting_suspendedtrack_metalb_low,120,120,2,2,BC6H_UF16,LINEAR,36000,lighting_suspendedtrack_metalb_low.2a159b528da121f7.tld,True
level.SCNE,arena_clutchtime_int_master@arena_clutchtime_int_shared_layout@GameObjects@doors@sign_exit_generic_0:sign_exit_generic,24,24,2,2,BC6H_UF16,LINEAR,1440,sign_exit_generic.182a8d792fc66660.tld,True
level.SCNE,arena_clutchtime_int_master@arena_clutchtime_int_shared_layout@GameObjects@mural_lights@lighting_suspendedtrack_metalb_28:lighting_suspendedtrack_metalb_low_linelightvisibility,120,120,2,1,BC4_UNORM,LINEAR,9000,lighting_suspendedtrack_metalb_low_linelightvisibility.4294ff82d381bc41.tld,True
level.SCNE,arena_clutchtime_int_master@arena_clutchtime_int_shared_layout@GameObjects@mural_lights@lighting_suspendedtrack_metalb_9:lighting_suspendedtrack_metalb_low,120,120,2,2,BC6H_UF16,LINEAR,36000,lighting_suspendedtrack_metalb_low.9fa75aff7139b1d5.tld,True
level.SCNE,arena_clutchtime_int_master@arena_clutchtime_int_shared_layout@GameObjects@balcony@clutchtime_balcony_railing_7:clutchtime_balcony_railing_low_linelightvisibility,104,104,2,1,BC4_UNORM,LINEAR,6760,clutchtime_balcony_railing_low_linelightvisibility.415df97535cc75a1.tld,True
level.SCNE,arena_clutchtime_int_master@arena_clutchtime_int_shared_layout@GameObjects@Prototype_arena_curtains_prototype@Prototype_arena_curtains_prototype_0@curtain100x20_arena_straight500c_28:curtain100x20_arena_straight500c,72,72,2,2,BC6H_UF16,LINEAR,12960,curtain100x20_arena_straight500c.b508ee536faede4d.tld,True
level.SCNE,arena_clutchtime_int_master@arena_clutchtime_int_shared_layout@GameObjects@Prototype_arena_curtains_prototype@Prototype_arena_curtains_prototype_0@curtain100x20_arena_straight500c_27:curtain100x20_arena_straight500c,72,72,2,2,BC6H_UF16,LINEAR,12960,curtain100x20_arena_straight500c.81916d40f5385b56.tld,True
level.SCNE,arena_clutchtime_int_master@arena_clutchtime_int_shared_layout@GameObjects@balcony@clutchtime_balcony_b_8:clutchtime_balcony_b_low_linelightvisibility,584,584,2,1,BC4_UNORM,LINEAR,213160,clutchtime_balcony_b_low_linelightvisibility.a9e3bd16c6faf7de.tld,False
level.SCNE,arena_clutchtime_int_master@arena_clutchtime_int_shared_layout@GameObjects@mural_lights@lighting_suspendedtrack_metalb_18:lighting_suspendedtrack_metalb_low,120,120,2,2,BC6H_UF16,LINEAR,36000,lighting_suspendedtrack_metalb_low.2975ba8bb2c8e92d.tld,True
level.SCNE,arena_clutchtime_int_master@arena_clutchtime_int_shared_layout@GameObjects@balcony_lights@light_ceilinga_round_21:light_ceilinga_round_low_linelightvisibility,16,16,2,1,BC4_UNORM,LINEAR,160,light_ceilinga_round_low_linelightvisibility.bbb5c16588a49e77.tld,True
level.SCNE,arena_clutchtime_int_master@arena_clutchtime_int_shared_layout@GameObjects@ceiling_panels@clutchtime_ceilingpanel_b_2:clutchtime_ceilingpanel_b_low_linelightvisibility,776,776,2,1,BC4_UNORM,LINEAR,376360,clutchtime_ceilingpanel_b_low_linelightvisibility.986325f0b2280183.tld,False
level.SCNE,arena_clutchtime_int_master@arena_clutchtime_int_shared_layout@GameObjects@balcony_chairs@chair_arenacrowd_seatbackcushion_78:chair_arenacrowd_seatbackcushion_low,88,88,2,2,BC6H_UF16,LINEAR,19360,chair_arenacrowd_seatbackcushion_low.9692aa0f082d35d3.tld,True
level.SCNE,NormalAndRoughMap#2e150571_1562,1024,1024,11,1,BC7_UNORM,LINEAR,1398128,normalandroughmap.03009646243fff60.tld,False
level.SCNE,arena_clutchtime_int_master@arena_clutchtime_int_shared_layout@GameObjects@stands@clutchtime_stair_3step_17:clutchtime_stair_3step_low_linelightvisibility,80,80,2,1,BC4_UNORM,LINEAR,4000,clutchtime_stair_3step_low_linelightvisibility.e459a7044e5be3c6.tld,True
level.SCNE,arena_clutchtime_int_master@arena_clutchtime_int_shared_layout@GameObjects@balcony_lights@light_ceilinga_round_60:light_ceilinga_round_low_linelightvisibility,16,16,2,1,BC4_UNORM,LINEAR,160,light_ceilinga_round_low_linelightvisibility.bbb5c16588a49e77.tld,True
level.SCNE,arena_clutchtime_int_master@arena_clutchtime_int_shared_layout@GameObjects@balcony@clutchtime_ceiling_balcony_4:clutchtime_ceiling_balcony_low,96,96,2,2,BC6H_UF16,LINEAR,23040,clutchtime_ceiling_balcony_low.f3e8450c48a56c24.tld,True
level.SCNE,arena_clutchtime_int_master@arena_clutchtime_int_shared_layout@GameObjects@balcony@clutchtime_ceiling_balcony:clutchtime_ceiling_balcony_low,96,96,2,2,BC6H_UF16,LINEAR,23040,clutchtime_ceiling_balcony_low.3c0c849e5805a221.tld,True
level.SCNE,court_pillibl_4.25de4264,128,128,6,6,BC6H_UF16,LINEAR,131040,court_pillibl_4.25fc88f89f0a3af8.tld,False
level.SCNE,arena_clutchtime_int_master@arena_clutchtime_int_shared_layout@GameObjects@balcony_chairs@chair_arenacrowd_seatbackcushion_145:chair_arenacrowd_seatbackcushion_low_linelightvisibility,88,88,2,1,BC4_UNORM,LINEAR,4840,chair_arenacrowd_seatbackcushion_low_linelightvisibility.f34451d1e33618e6.tld,True
level.SCNE,arena_clutchtime_int_master@arena_clutchtime_int_shared_layout@GameObjects@doors@door_interiorwindowb_rightdbl_4:door_interiorwindowb_rightdbl,112,112,2,2,BC6H_UF16,LINEAR,31360,door_interiorwindowb_rightdbl.782c4fa92480837c.tld,True
level.SCNE,arena_clutchtime_int_master@arena_clutchtime_int_shared_layout@GameObjects@mural_lights@lighting_suspendedtrack_metalb_39:lighting_suspendedtrack_metalb_low_linelightvisibility,120,120,2,1,BC4_UNORM,LINEAR,9000,lighting_suspendedtrack_metalb_low_linelightvisibility.4294ff82d381bc41.tld,True
level.SCNE,arena_clutchtime_int_master@arena_clutchtime_int_shared_layout@GameObjects@Prototype_arena_curtains_prototype@Prototype_arena_curtains_prototype_0@curtain100x20_arena_straight500c_58:curtain100x20_arena_straight500c,72,72,2,2,BC6H_UF16,LINEAR,12960,curtain100x20_arena_straight500c.ad9ac623cb625183.tld,True
level.SCNE,arena_clutchtime_int_master@arena_clutchtime_int_shared_layout@GameObjects@Prototype_arena_curtains_prototype@Prototype_arena_curtains_prototype_0@curtain100x20_arena_straight500c_57:curtain100x20_arena_straight500c,72,72,2,2,BC6H_UF16,LINEAR,12960,curtain100x20_arena_straight500c.38ee385b25161ef6.tld,True
level.SCNE,court_pillibl_7.bcd713de,128,128,6,6,BC6H_UF16,LINEAR,131040,court_pillibl_7.07d61069117512e2.tld,False
level.SCNE,arena_clutchtime_int_master@arena_clutchtime_int_shared_layout@GameObjects@balcony_chairs@chair_arenacrowd_seatbackcushion_15:chair_arenacrowd_seatbackcushion_low,88,88,2,2,BC6H_UF16,LINEAR,19360,chair_arenacrowd_seatbackcushion_low.494b795c9dac732a.tld,True
level.SCNE,arena_clutchtime_int_master@arena_clutchtime_int_shared_layout@GameObjects@balcony_chairs@chair_arenacrowd_seatbackcushion_91:chair_arenacrowd_seatbackcushion_low_linelightvisibility,88,88,2,1,BC4_UNORM,LINEAR,4840,chair_arenacrowd_seatbackcushion_low_linelightvisibility.cdcced57da6d1070.tld,True
level.SCNE,arena_clutchtime_int_master@arena_clutchtime_int_shared_layout@GameObjects@Prototype_arena_curtains_prototype@Prototype_arena@curtain100x20_arena_straight500c_95:curtain100x20_arena_straight500c,72,72,2,2,BC6H_UF16,LINEAR,12960,curtain100x20_arena_straight500c.a9436b111ccc8156.tld,True
level.SCNE,%databuild_art_root%/asset_library/_generic_textures/metal_steel_brushed_r.tga,512,512,10,1,BC1_UNORM,LINEAR,174776,metal_steel_brushed_r.c208f65df66797de.tld,False
level.SCNE,%databuild_art_root%/asset_library/_generic_textures/arena_chairseatback_s_albedo.png,256,256,9,1,BC1_UNORM,,43704,arena_chairseatback_s_albedo.2b13ff680abcab6b.tld,True
level.SCNE,arena_clutchtime_int_master@arena_clutchtime_int_shared_layout@GameObjects@balcony_chairs@chair_arenacrowd_seatbackcushion_36:chair_arenacrowd_seatbackcushion_low_linelightvisibility,88,88,2,1,BC4_UNORM,LINEAR,4840,chair_arenacrowd_seatbackcushion_low_linelightvisibility.cdcced57da6d1070.tld,True
level.SCNE,arena_clutchtime_int_master@arena_clutchtime_int_shared_layout@GameObjects@balcony@clutchtime_balcony_railing:clutchtime_balcony_railing_low_linelightvisibility,104,104,2,1,BC4_UNORM,LINEAR,6760,clutchtime_balcony_railing_low_linelightvisibility.f267cea561274759.tld,True
level.SCNE,arena_clutchtime_int_master@arena_clutchtime_int_shared_layout@GameObjects@balcony_lights@light_ceilinga_round_57:light_ceilinga_round_low_linelightvisibility,16,16,2,1,BC4_UNORM,LINEAR,160,light_ceilinga_round_low_linelightvisibility.bbb5c16588a49e77.tld,True
level.SCNE,arena_clutchtime_int_master@arena_clutchtime_int_shared_layout@GameObjects@balcony_chairs@chair_arenacrowd_seatbackcushion_69:chair_arenacrowd_seatbackcushion_low_linelightvisibility,88,88,2,1,BC4_UNORM,LINEAR,4840,chair_arenacrowd_seatbackcushion_low_linelightvisibility.cdcced57da6d1070.tld,True
level.SCNE,arena_clutchtime_int_master@arena_clutchtime_int_shared_layout@GameObjects@Prototype_arena_curtains_prototype@Prototype_arena@curtain100x20_arena_straight500c_196:curtain100x20_arena_straight500c,72,72,2,2,BC6H_UF16,LINEAR,12960,curtain100x20_arena_straight500c.51a63a3fd7196a78.tld,True
level.SCNE,arena_clutchtime_int_master@arena_clutchtime_int_shared_layout@GameObjects@Prototype_arena_curtains_prototype@Prototype_arena@curtain100x20_arena_straight500c_109:curtain100x20_arena_straight500c_linelightvisibility,72,72,2,1,BC4_UNORM,LINEAR,3240,curtain100x20_arena_straight500c_linelightvisibility.2ecec2b6370d05ce.tld,True
level.SCNE,%databuild_art_root%/asset_library/clutchtime_mural_wall/texture/clutchtime_mural_05.png,1024,1024,11,1,BC1_UNORM,,699064,clutchtime_mural_05.95ee9147ade697a7.tld,False
level.SCNE,arena_clutchtime_int_master@arena_clutchtime_int_shared_layout@GameObjects@balcony_lights@light_ceilinga_round_70:light_ceilinga_round_low,16,16,2,2,BC6H_UF16,LINEAR,640,light_ceilinga_round_low.4ae4f6c30a1f5c62.tld,True
level.SCNE,arena_clutchtime_int_master@arena_clutchtime_int_shared_layout@GameObjects@doors@door_interiorwindowb_rightdbl_6:door_interiorwindowb_rightdbl,112,112,2,2,BC6H_UF16,LINEAR,31360,door_interiorwindowb_rightdbl.152453b4142bd9da.tld,True
level.SCNE,arena_clutchtime_int_master@arena_clutchtime_int_shared_layout@GameObjects@Prototype_arena_curtains_prototype@Prototype_arena@curtain100x20_arena_straight500c_108:curtain100x20_arena_straight500c_linelightvisibility,72,72,2,1,BC4_UNORM,LINEAR,3240,curtain100x20_arena_straight500c_linelightvisibility.2ecec2b6370d05ce.tld,True
level.SCNE,arena_clutchtime_int_master@arena_clutchtime_int_shared_layout@GameObjects@balcony_lights@light_ceilinga_round_49:light_ceilinga_round_low,16,16,2,2,BC6H_UF16,LINEAR,640,light_ceilinga_round_low.ad98f2b38288e9cd.tld,True
level.SCNE,arena_clutchtime_int_master@arena_clutchtime_int_shared_layout@GameObjects@balcony@clutchtime_balcony_a_4:clutchtime_balcony_a_low_linelightvisibility,696,696,2,1,BC4_UNORM,LINEAR,302760,clutchtime_balcony_a_low_linelightvisibility.2f589d455d4e9070.tld,False
level.SCNE,arena_clutchtime_int_master@arena_clutchtime_int_shared_layout@GameObjects@mural_lights@lighting_suspendedtrack_metalb_38:lighting_suspendedtrack_metalb_low_linelightvisibility,120,120,2,1,BC4_UNORM,LINEAR,9000,lighting_suspendedtrack_metalb_low_linelightvisibility.4294ff82d381bc41.tld,True
level.SCNE,arena_clutchtime_int_master@arena_clutchtime_int_shared_layout@GameObjects@balcony_lights@light_ceilinga_round_16:light_ceilinga_round_low_linelightvisibility,16,16,2,1,BC4_UNORM,LINEAR,160,light_ceilinga_round_low_linelightvisibility.bbb5c16588a49e77.tld,True
level.SCNE,arena_clutchtime_int_master@GameObjects@apron@clutchtime_floor_apron:clutchtime_floor_apron_low,1944,1944,2,2,BC6H_UF16,LINEAR,9447840,clutchtime_floor_apron_low.48fb6d1afa3f0b9b.tld,False
level.SCNE,arena_clutchtime_int_master@arena_clutchtime_int_shared_layout@GameObjects@Prototype_arena_curtains_prototype@Prototype_arena@curtain100x20_arena_straight500c_179:curtain100x20_arena_straight500c,72,72,2,2,BC6H_UF16,LINEAR,12960,curtain100x20_arena_straight500c.f076693ae6f44aaa.tld,True
level.SCNE,arena_clutchtime_int_master@arena_clutchtime_int_shared_layout@GameObjects@balcony_lights@light_ceilinga_round_88:light_ceilinga_round_low_linelightvisibility,16,16,2,1,BC4_UNORM,LINEAR,160,light_ceilinga_round_low_linelightvisibility.bbb5c16588a49e77.tld,True
level.SCNE,%databuild_art_root%/asset_library/_generic_textures/door_modular_accessories_ao.tga,512,512,10,1,BC1_UNORM,LINEAR,174776,door_modular_accessories_ao.b8c999240a672785.tld,False
level.SCNE,arena_clutchtime_int_master@arena_clutchtime_int_shared_layout@GameObjects@balcony_chairs@chair_arenacrowd_seatbackcushion_136:chair_arenacrowd_seatbackcushion_low_linelightvisibility,88,88,2,1,BC4_UNORM,LINEAR,4840,chair_arenacrowd_seatbackcushion_low_linelightvisibility.04a85fdb111fb664.tld,True
level.SCNE,arena_clutchtime_int_master@arena_clutchtime_int_shared_layout@GameObjects@balcony_lights@light_ceilinga_round_4:light_ceilinga_round_low_linelightvisibility,16,16,2,1,BC4_UNORM,LINEAR,160,light_ceilinga_round_low_linelightvisibility.bbb5c16588a49e77.tld,True
level.SCNE,ibl1Emissive,128,128,1,6,BC6H_UF16,LINEAR,98304,ibl1emissive.4921c29256133684.tld,False
level.SCNE,arena_clutchtime_int_master@arena_clutchtime_int_shared_layout@GameObjects@balcony_chairs@chair_arenacrowd_seatbackcushion_139:chair_arenacrowd_seatbackcushion_low,88,88,2,2,BC6H_UF16,LINEAR,19360,chair_arenacrowd_seatbackcushion_low.82f1e7182c35d530.tld,True
level.SCNE,arena_clutchtime_int_master@arena_clutchtime_int_shared_layout@GameObjects@Prototype_arena_curtains_prototype@Prototype_arena_curtains_prototype_0@curtain100x20_arena_straight500c_145:curtain100x20_arena_straight500c,72,72,2,2,BC6H_UF16,LINEAR,12960,curtain100x20_arena_straight500c.d74cb9f694acd47a.tld,True
level.SCNE,court_pillibl_1NormalRoughness.55b4b6eb,128,128,1,6,BC7_UNORM,LINEAR,98304,court_pillibl_1normalroughness.246a4a806d4703ad.tld,False
level.SCNE,arena_clutchtime_int_master@arena_clutchtime_int_shared_layout@GameObjects@Prototype_arena_curtains_prototype@Prototype_arena@curtain100x20_arena_straight500c_176:curtain100x20_arena_straight500c,72,72,2,2,BC6H_UF16,LINEAR,12960,curtain100x20_arena_straight500c.757eea1546f06664.tld,True
level.SCNE,arena_clutchtime_int_master@arena_clutchtime_int_shared_layout@GameObjects@balcony@clutchtime_balcony_b_0:clutchtime_balcony_b_low,584,584,2,2,BC6H_UF16,LINEAR,852640,clutchtime_balcony_b_low.75787bb4172651e0.tld,False
level.SCNE,arena_clutchtime_int_master@arena_clutchtime_int_shared_layout@GameObjects@doors@doorframe_interiorhingeless_double_4:doorframe_interiorhingeless_double_low,104,104,2,2,BC6H_UF16,LINEAR,27040,doorframe_interiorhingeless_double_low.367d3ad495f50371.tld,True
level.SCNE,arena_clutchtime_int_master@arena_clutchtime_int_shared_layout@GameObjects@balcony_chairs@chair_arenacrowd_seatbackcushion_20:chair_arenacrowd_seatbackcushion_low,88,88,2,2,BC6H_UF16,LINEAR,19360,chair_arenacrowd_seatbackcushion_low.65ae13f5c4bf932b.tld,True
level.SCNE,pillibl_4NormalRoughness.31691cfe,128,128,1,6,BC7_UNORM,LINEAR,98304,pillibl_4normalroughness.1b360e468be61f6f.tld,False
level.SCNE,arena_clutchtime_int_master@arena_clutchtime_int_shared_layout@GameObjects@Prototype_arena_curtains_prototype@Prototype_arena_curtains_prototype_0@curtain100x20_arena_straight500c_13:curtain100x20_arena_straight500c,72,72,2,2,BC6H_UF16,LINEAR,12960,curtain100x20_arena_straight500c.27adacf3eb7b3be5.tld,True
level.SCNE,arena_clutchtime_int_master@arena_clutchtime_int_shared_layout@GameObjects@balcony_chairs@chair_arenacrowd_seatbackcushion_103:chair_arenacrowd_seatbackcushion_low_linelightvisibility,88,88,2,1,BC4_UNORM,LINEAR,4840,chair_arenacrowd_seatbackcushion_low_linelightvisibility.cdcced57da6d1070.tld,True
level.SCNE,arena_clutchtime_int_master@arena_clutchtime_int_shared_layout@GameObjects@ceiling_panelslights@clutchtime_ceilingpanellight_b_3:clutchtime_ceilingpanellight_b_low,1272,1272,2,2,BC6H_UF16,LINEAR,4044960,clutchtime_ceilingpanellight_b_low.8ee789b87c5ca038.tld,False
level.SCNE,arena_clutchtime_int_master@arena_clutchtime_int_shared_layout@GameObjects@ceiling_panels@clutchtime_ceilingpanel_b_5:clutchtime_ceilingpanel_b_low_linelightvisibility,776,776,2,1,BC4_UNORM,LINEAR,376360,clutchtime_ceilingpanel_b_low_linelightvisibility.986325f0b2280183.tld,False
level.SCNE,arena_clutchtime_int_master@arena_clutchtime_int_shared_layout@GameObjects@mural_lights@lighting_suspendedtrack_metalb_29:lighting_suspendedtrack_metalb_low_linelightvisibility,120,120,2,1,BC4_UNORM,LINEAR,9000,lighting_suspendedtrack_metalb_low_linelightvisibility.4294ff82d381bc41.tld,True
level.SCNE,arena_clutchtime_int_master@arena_clutchtime_int_shared_layout@GameObjects@balcony_chairs@chair_arenacrowd_seatbackcushion_33:chair_arenacrowd_seatbackcushion_low,88,88,2,2,BC6H_UF16,LINEAR,19360,chair_arenacrowd_seatbackcushion_low.c26b4d18d63e93ca.tld,True
level.SCNE,arena_clutchtime_int_master@arena_clutchtime_int_shared_layout@GameObjects@balcony@clutchtime_balcony_railing_11:clutchtime_balcony_railing_low_linelightvisibility,104,104,2,1,BC4_UNORM,LINEAR,6760,clutchtime_balcony_railing_low_linelightvisibility.126181861e61df1e.tld,True
level.SCNE,pillibl_1Emissive.4103e871,128,128,1,6,BC6H_UF16,LINEAR,98304,pillibl_1emissive.b9527b41df804b95.tld,False
level.SCNE,arena_clutchtime_int_master@arena_clutchtime_int_shared_layout@GameObjects@balcony@clutchtime_balcony_railing:clutchtime_balcony_railing_low,104,104,2,2,BC6H_UF16,LINEAR,27040,clutchtime_balcony_railing_low.f73152709c39c88e.tld,True
level.SCNE,arena_clutchtime_int_master@arena_clutchtime_int_shared_layout@GameObjects@balcony@clutchtime_balcony_b_15:clutchtime_balcony_b_low,584,584,2,2,BC6H_UF16,LINEAR,852640,clutchtime_balcony_b_low.a6c630dc9f19876a.tld,False
level.SCNE,arena_clutchtime_int_master@GameObjects@apron@clutchtime_floor_apron:clutchtime_floor_apron_low_linelightvisibility,1944,1944,2,1,BC4_UNORM,LINEAR,2361960,clutchtime_floor_apron_low_linelightvisibility.30d4129e6c1101cc.tld,False
level.SCNE,arena_clutchtime_int_master@arena_clutchtime_int_shared_layout@GameObjects@balcony_lights@light_ceilinga_round_57:light_ceilinga_round_low,16,16,2,2,BC6H_UF16,LINEAR,640,light_ceilinga_round_low.09f829fd0760192f.tld,True
level.SCNE,arena_clutchtime_int_master@arena_clutchtime_int_shared_layout@GameObjects@Prototype_arena_curtains_prototype@Prototype_arena@curtain100x20_arena_straight500c_109:curtain100x20_arena_straight500c,72,72,2,2,BC6H_UF16,LINEAR,12960,curtain100x20_arena_straight500c.b2243753b10e67d6.tld,True
level.SCNE,arena_clutchtime_int_master@arena_clutchtime_int_shared_layout@GameObjects@Prototype_arena_curtains_prototype@Prototype_arena_curtains_prototype_0@curtain100x20_arena_straight500c_135:curtain100x20_arena_straight500c,72,72,2,2,BC6H_UF16,LINEAR,12960,curtain100x20_arena_straight500c.6b444b176d61f337.tld,True
level.SCNE,%databuild_art_root%/substance_library/graphs/carpet_twisted_ridges/exports/carpet_twisted_ridges_ambientocclusion.png,1024,1024,11,1,BC1_UNORM,LINEAR,699064,carpet_twisted_ridges_ambientocclusion.20a1781f3bcd978d.tld,False
level.SCNE,arena_clutchtime_int_master@arena_clutchtime_int_shared_layout@GameObjects@Prototype_arena_curtains_prototype@Prototype_arena@curtain100x20_arena_straight500c_75:curtain100x20_arena_straight500c,72,72,2,2,BC6H_UF16,LINEAR,12960,curtain100x20_arena_straight500c.fe18c7fd0d0b49e9.tld,True
level.SCNE,arena_clutchtime_int_master@arena_clutchtime_int_shared_layout@GameObjects@Prototype_arena_curtains_prototype@Prototype_arena@curtain100x20_arena_straight500c_106:curtain100x20_arena_straight500c,72,72,2,2,BC6H_UF16,LINEAR,12960,curtain100x20_arena_straight500c.f8f4c71eaf0f2cff.tld,True
level.SCNE,arena_clutchtime_int_master@arena_clutchtime_int_shared_layout@GameObjects@stands@clutchtime_crowd_seating:clutchtime_crowd_seating_low,856,856,2,2,BC6H_UF16,LINEAR,1831840,clutchtime_crowd_seating_low.d34e24d294ffdd2a.tld,False
level.SCNE,arena_clutchtime_int_master@arena_clutchtime_int_shared_layout@GameObjects@clutchtimecurtainstunnels1@Prototype_arena_curtains_prototype_1@curtain100x20_arena_straight400c_2:curtain100x20_arena_straight400c,88,88,2,2,BC6H_UF16,LINEAR,19360,curtain100x20_arena_straight400c.c23797cae32b0b5a.tld,True
level.SCNE,arena_clutchtime_int_master@arena_clutchtime_int_shared_layout@GameObjects@balcony_lights@light_ceilinga_round_82:light_ceilinga_round_low,16,16,2,2,BC6H_UF16,LINEAR,640,light_ceilinga_round_low.11f285950a970ff1.tld,True
level.SCNE,arena_clutchtime_int_master@arena_clutchtime_int_shared_layout@GameObjects@doors@doorframe_interiorhingeless_double_3:doorframe_interiorhingeless_double_low_linelightvisibility,104,104,2,1,BC4_UNORM,LINEAR,6760,doorframe_interiorhingeless_double_low_linelightvisibility.415df97535cc75a1.tld,True
level.SCNE,arena_clutchtime_int_master@arena_clutchtime_int_shared_layout@GameObjects@Prototype_arena_curtains_prototype@Prototype_arena_curtains_prototype_0@curtain100x20_arena_straight500c_31:curtain100x20_arena_straight500c,72,72,2,2,BC6H_UF16,LINEAR,12960,curtain100x20_arena_straight500c.26bd9a0fd106d5c1.tld,True
level.SCNE,arena_clutchtime_int_master@arena_clutchtime_int_shared_layout@GameObjects@mural_lights@lighting_suspendedtrack_metalb_2:lighting_suspendedtrack_metalb_low,120,120,2,2,BC6H_UF16,LINEAR,36000,lighting_suspendedtrack_metalb_low.b9ae8c734df8d966.tld,True
level.SCNE,arena_clutchtime_int_master@arena_clutchtime_int_shared_layout@GameObjects@balcony_chairs@chair_arenacrowd_seatbackcushion_120:chair_arenacrowd_seatbackcushion_low_linelightvisibility,88,88,2,1,BC4_UNORM,LINEAR,4840,chair_arenacrowd_seatbackcushion_low_linelightvisibility.cdcced57da6d1070.tld,True
level.SCNE,arena_clutchtime_int_master@arena_clutchtime_int_shared_layout@GameObjects@clutchtimecurtainstunnels1@Prototype_arena_curtains_prototype_2@curtain100x20_arena_straight400c_10:curtain100x20_arena_straight400c_linelightvisibility,88,88,2,1,BC4_UNORM,LINEAR,4840,curtain100x20_arena_straight400c_linelightvisibility.cdcced57da6d1070.tld,True
level.SCNE,arena_clutchtime_int_master@arena_clutchtime_int_shared_layout@GameObjects@Prototype_arena_curtains_prototype@Prototype_arena@curtain100x20_arena_straight500c_104:curtain100x20_arena_straight500c_linelightvisibility,72,72,2,1,BC4_UNORM,LINEAR,3240,curtain100x20_arena_straight500c_linelightvisibility.2ecec2b6370d05ce.tld,True
level.SCNE,arena_clutchtime_int_master@arena_clutchtime_int_shared_layout@GameObjects@clutchtimecurtainstunnels1@Prototype_arena_curtains_prototype_1@curtain100x20_arena_straight400c_3:curtain100x20_arena_straight400c_linelightvisibility,88,88,2,1,BC4_UNORM,LINEAR,4840,curtain100x20_arena_straight400c_linelightvisibility.cdcced57da6d1070.tld,True
level.SCNE,arena_clutchtime_int_master@arena_clutchtime_int_shared_layout@GameObjects@mural_lights@lighting_suspendedtrack_metalb_13:lighting_suspendedtrack_metalb_low,120,120,2,2,BC6H_UF16,LINEAR,36000,lighting_suspendedtrack_metalb_low.503f3c5ab5088340.tld,True
level.SCNE,arena_clutchtime_int_master@arena_clutchtime_int_shared_layout@GameObjects@Prototype_arena_curtains_prototype@Prototype_arena@curtain100x20_arena_straight500c_105:curtain100x20_arena_straight500c_linelightvisibility,72,72,2,1,BC4_UNORM,LINEAR,3240,curtain100x20_arena_straight500c_linelightvisibility.2ecec2b6370d05ce.tld,True
level.SCNE,arena_clutchtime_int_master@arena_clutchtime_int_shared_layout@GameObjects@ceiling_panelslights@clutchtime_ceilingpanellight_g:clutchtime_ceilingpanellight_g_low_linelightvisibility,1608,1608,2,1,BC4_UNORM,LINEAR,1616040,clutchtime_ceilingpanellight_g_low_linelightvisibility.dfefbddbb23408bf.tld,False
level.SCNE,arena_clutchtime_int_master@arena_clutchtime_int_shared_layout@GameObjects@balcony_chairs@chair_arenacrowd_seatbackcushion_115:chair_arenacrowd_seatbackcushion_low_linelightvisibility,88,88,2,1,BC4_UNORM,LINEAR,4840,chair_arenacrowd_seatbackcushion_low_linelightvisibility.cdcced57da6d1070.tld,True
level.SCNE,arena_clutchtime_int_master@arena_clutchtime_int_shared_layout@GameObjects@clutchtimecurtainstunnels1@Prototype_arena_curtains_prototype_1@curtain100x20_arena_straight400c_2:curtain100x20_arena_straight400c_linelightvisibility,88,88,2,1,BC4_UNORM,LINEAR,4840,curtain100x20_arena_straight400c_linelightvisibility.cdcced57da6d1070.tld,True
level.SCNE,arena_clutchtime_int_master@arena_clutchtime_int_shared_layout@GameObjects@ceiling@clutchtime_ceiling_b:clutchtime_ceiling_b_low_linelightvisibility,1688,1688,2,1,BC4_UNORM,LINEAR,1780840,clutchtime_ceiling_b_low_linelightvisibility.b51816ec2bc2b439.tld,False
level.SCNE,arena_clutchtime_int_master@arena_clutchtime_int_shared_layout@GameObjects@ceiling_panelslights@clutchtime_ceilingpanellight_b_6:clutchtime_ceilingpanellight_b_low_linelightvisibility,1272,1272,2,1,BC4_UNORM,LINEAR,1011240,clutchtime_ceilingpanellight_b_low_linelightvisibility.670587e2458e6b68.tld,False
level.SCNE,arena_clutchtime_int_master@arena_clutchtime_int_shared_layout@GameObjects@clutchtimecurtainstunnels1@Prototype_arena_curtains_prototype_2@curtain100x20_arena_straight400c_11:curtain100x20_arena_straight400c_linelightvisibility,88,88,2,1,BC4_UNORM,LINEAR,4840,curtain100x20_arena_straight400c_linelightvisibility.cdcced57da6d1070.tld,True
level.SCNE,arena_clutchtime_int_master@arena_clutchtime_int_shared_layout@GameObjects@balcony_chairs@chair_arenacrowd_seatbackcushion_3:chair_arenacrowd_seatbackcushion_low_linelightvisibility,88,88,2,1,BC4_UNORM,LINEAR,4840,chair_arenacrowd_seatbackcushion_low_linelightvisibility.c8e2ed855716ca7c.tld,True
level.SCNE,arena_clutchtime_int_master@arena_clutchtime_int_shared_layout@GameObjects@balcony@clutchtime_balcony_railing_2:clutchtime_balcony_railing_low_linelightvisibility,104,104,2,1,BC4_UNORM,LINEAR,6760,clutchtime_balcony_railing_low_linelightvisibility.c821e522fe8cff80.tld,True
level.SCNE,arena_clutchtime_int_master@arena_clutchtime_int_shared_layout@GameObjects@clutchtimecurtainstunnels1@Prototype_arena_curtains_prototype_1@curtain100x20_arena_straight400c_0:curtain100x20_arena_straight400c_linelightvisibility,88,88,2,1,BC4_UNORM,LINEAR,4840,curtain100x20_arena_straight400c_linelightvisibility.cdcced57da6d1070.tld,True
level.SCNE,arena_clutchtime_int_master@arena_clutchtime_int_shared_layout@GameObjects@balcony_lights@light_ceilinga_round_30:light_ceilinga_round_low_linelightvisibility,16,16,2,1,BC4_UNORM,LINEAR,160,light_ceilinga_round_low_linelightvisibility.bbb5c16588a49e77.tld,True
level.SCNE,arena_clutchtime_int_master@arena_clutchtime_int_shared_layout@GameObjects@doors@door_interiorwindowb_rightdbl:door_interiorwindowb_rightdbl_linelightvisibility,112,112,2,1,BC4_UNORM,LINEAR,7840,door_interiorwindowb_rightdbl_linelightvisibility.726f2c08afd99930.tld,True
level.SCNE,arena_clutchtime_int_master@arena_clutchtime_int_shared_layout@GameObjects@Prototype_arena_curtains_prototype@Prototype_arena@curtain100x20_arena_straight500c_107:curtain100x20_arena_straight500c_linelightvisibility,72,72,2,1,BC4_UNORM,LINEAR,3240,curtain100x20_arena_straight500c_linelightvisibility.2ecec2b6370d05ce.tld,True
level.SCNE,arena_clutchtime_int_master@arena_clutchtime_int_shared_layout@GameObjects@clutchtimecurtainstunnels1@Prototype_arena_curtains_prototype_2@curtain100x20_arena_straight400c_13:curtain100x20_arena_straight400c_linelightvisibility,88,88,2,1,BC4_UNORM,LINEAR,4840,curtain100x20_arena_straight400c_linelightvisibility.cdcced57da6d1070.tld,True
level.SCNE,arena_clutchtime_int_master@arena_clutchtime_int_shared_layout@GameObjects@Prototype_arena_curtains_prototype@Prototype_arena@curtain100x20_arena_straight500c_124:curtain100x20_arena_straight500c,72,72,2,2,BC6H_UF16,LINEAR,12960,curtain100x20_arena_straight500c.877a8e33e4d85094.tld,True
level.SCNE,arena_clutchtime_int_master@arena_clutchtime_int_shared_layout@GameObjects@walls@clutchtime_wall_corner:clutchtime_wall_corner_low,256,256,2,2,BC6H_UF16,LINEAR,163840,clutchtime_wall_corner_low.12de0ec31568f6a7.tld,False
level.SCNE,arena_clutchtime_int_master@arena_clutchtime_int_shared_layout@GameObjects@balcony_lights@light_ceilinga_round_71:light_ceilinga_round_low_linelightvisibility,16,16,2,1,BC4_UNORM,LINEAR,160,light_ceilinga_round_low_linelightvisibility.bbb5c16588a49e77.tld,True
level.SCNE,arena_clutchtime_int_master@arena_clutchtime_int_shared_layout@GameObjects@clutchtimecurtainstunnels1@Prototype_arena_curtains_prototype_2@curtain100x20_arena_straight400c_12:curtain100x20_arena_straight400c_linelightvisibility,88,88,2,1,BC4_UNORM,LINEAR,4840,curtain100x20_arena_straight400c_linelightvisibility.cdcced57da6d1070.tld,True
level.SCNE,arena_clutchtime_int_master@arena_clutchtime_int_shared_layout@GameObjects@Prototype_arena_curtains_prototype@Prototype_arena_curtains_prototype_0@curtain100x20_arena_straight500c_41:curtain100x20_arena_straight500c,72,72,2,2,BC6H_UF16,LINEAR,12960,curtain100x20_arena_straight500c.be5af4ca6b57044c.tld,True
level.SCNE,arena_clutchtime_int_master@arena_clutchtime_int_shared_layout@GameObjects@clutchtimecurtainstunnels1@Prototype_arena_curtains_prototype_1@curtain100x20_arena_straight400c_1:curtain100x20_arena_straight400c_linelightvisibility,88,88,2,1,BC4_UNORM,LINEAR,4840,curtain100x20_arena_straight400c_linelightvisibility.cdcced57da6d1070.tld,True
level.SCNE,arena_clutchtime_int_master@arena_clutchtime_int_shared_layout@GameObjects@ceiling_panelslights@clutchtime_ceilingpanellight_i:clutchtime_ceilingpanellight_i_low,1192,1192,2,2,BC6H_UF16,LINEAR,3552160,clutchtime_ceilingpanellight_i_low.a02da4b4e3e6be8c.tld,False
level.SCNE,%databuild_art_root%/material_library/_generic_textures/grunges/substanceprocedural_dirt_4.tga,1024,1024,11,1,BC7_UNORM,,1398128,substanceprocedural_dirt_4.38c1835fd82819d3.tld,False
level.SCNE,arena_clutchtime_int_master@arena_clutchtime_int_shared_layout@GameObjects@Prototype_arena_curtains_prototype@Prototype_arena@curtain100x20_arena_straight500c_106:curtain100x20_arena_straight500c_linelightvisibility,72,72,2,1,BC4_UNORM,LINEAR,3240,curtain100x20_arena_straight500c_linelightvisibility.2ecec2b6370d05ce.tld,True
level.SCNE,arena_clutchtime_int_master@arena_clutchtime_int_shared_layout@GameObjects@balcony_chairs@chair_arenacrowd_seatbackcushion_15:chair_arenacrowd_seatbackcushion_low_linelightvisibility,88,88,2,1,BC4_UNORM,LINEAR,4840,chair_arenacrowd_seatbackcushion_low_linelightvisibility.f7bdafab0efee6aa.tld,True
level.SCNE,arena_clutchtime_int_master@arena_clutchtime_int_shared_layout@GameObjects@ceiling_panelslights@clutchtime_ceilingpanellight_a_3:clutchtime_ceilingpanellight_a_low,1200,1200,2,2,BC6H_UF16,LINEAR,3600000,clutchtime_ceilingpanellight_a_low.87d4b183da1e213a.tld,False
level.SCNE,arena_clutchtime_int_master@arena_clutchtime_int_shared_layout@GameObjects@ceiling_panels@clutchtime_ceilingpanel_c_3:clutchtime_ceilingpanel_c_low_linelightvisibility,776,776,2,1,BC4_UNORM,LINEAR,376360,clutchtime_ceilingpanel_c_low_linelightvisibility.986325f0b2280183.tld,False
level.SCNE,arena_clutchtime_int_master@arena_clutchtime_int_shared_layout@GameObjects@balcony_chairs@chair_arenacrowd_seatbackcushion_81:chair_arenacrowd_seatbackcushion_low,88,88,2,2,BC6H_UF16,LINEAR,19360,chair_arenacrowd_seatbackcushion_low.dddd9a74f3c70131.tld,True
level.SCNE,arena_clutchtime_int_master@arena_clutchtime_int_shared_layout@GameObjects@balcony_chairs@chair_arenacrowd_seatbackcushion_87:chair_arenacrowd_seatbackcushion_low_linelightvisibility,88,88,2,1,BC4_UNORM,LINEAR,4840,chair_arenacrowd_seatbackcushion_low_linelightvisibility.cdcced57da6d1070.tld,True
level.SCNE,arena_clutchtime_int_master@arena_clutchtime_int_shared_layout@GameObjects@balcony_lights@light_ceilinga_round_19:light_ceilinga_round_low,16,16,2,2,BC6H_UF16,LINEAR,640,light_ceilinga_round_low.654b92e0ec920908.tld,True
level.SCNE,arena_clutchtime_int_master@arena_clutchtime_int_shared_layout@GameObjects@balcony_chairs@chair_arenacrowd_seatbackcushion_140:chair_arenacrowd_seatbackcushion_low,88,88,2,2,BC6H_UF16,LINEAR,19360,chair_arenacrowd_seatbackcushion_low.383d3654f98b41fe.tld,True
level.SCNE,arena_clutchtime_int_master@arena_clutchtime_int_shared_layout@GameObjects@clutchtimecurtainstunnels1@Prototype_arena_curtains_prototype_1@curtain100x20_arena_straight400c_4:curtain100x20_arena_straight400c_linelightvisibility,88,88,2,1,BC4_UNORM,LINEAR,4840,curtain100x20_arena_straight400c_linelightvisibility.cdcced57da6d1070.tld,True
level.SCNE,arena_clutchtime_int_master@arena_clutchtime_int_shared_layout@GameObjects@ceiling_panels@clutchtime_ceilingpanel_f_3:clutchtime_ceilingpanel_f_low_linelightvisibility,864,864,2,1,BC4_UNORM,LINEAR,466560,clutchtime_ceilingpanel_f_low_linelightvisibility.f3e2eb4adb2bf882.tld,False
level.SCNE,arena_clutchtime_int_master@arena_clutchtime_int_shared_layout@GameObjects@clutchtimecurtainstunnels1@Prototype_arena_curtains_prototype_2@curtain100x20_arena_straight300c_2:curtain100x20_arena_straight300c,56,56,2,2,BC6H_UF16,LINEAR,7840,curtain100x20_arena_straight300c.c32b2f89b4dfe11a.tld,True
level.SCNE,arena_clutchtime_int_master@arena_clutchtime_int_shared_layout@GameObjects@Prototype_arena_curtains_prototype@Prototype_arena@curtain100x20_arena_straight500c_103:curtain100x20_arena_straight500c_linelightvisibility,72,72,2,1,BC4_UNORM,LINEAR,3240,curtain100x20_arena_straight500c_linelightvisibility.2ecec2b6370d05ce.tld,True
level.SCNE,arena_clutchtime_int_master@arena_clutchtime_int_shared_layout@GameObjects@clutchtimecurtainstunnels1@Prototype_arena_curtains_prototype_1@curtain100x20_arena_straight400c_5:curtain100x20_arena_straight400c_linelightvisibility,88,88,2,1,BC4_UNORM,LINEAR,4840,curtain100x20_arena_straight400c_linelightvisibility.cdcced57da6d1070.tld,True
level.SCNE,arena_clutchtime_int_master@arena_clutchtime_int_shared_layout@GameObjects@balcony_lights@light_ceilinga_round_20:light_ceilinga_round_low,16,16,2,2,BC6H_UF16,LINEAR,640,light_ceilinga_round_low.f8d40845977f1321.tld,True
level.SCNE,arena_clutchtime_int_master@arena_clutchtime_int_shared_layout@GameObjects@balcony_chairs@chair_arenacrowd_seatbackcushion_59:chair_arenacrowd_seatbackcushion_low,88,88,2,2,BC6H_UF16,LINEAR,19360,chair_arenacrowd_seatbackcushion_low.64a8d9574845fb94.tld,True
level.SCNE,arena_clutchtime_int_master@arena_clutchtime_int_shared_layout@GameObjects@balcony_chairs@chair_arenacrowd_seatbackcushion_20:chair_arenacrowd_seatbackcushion_low_linelightvisibility,88,88,2,1,BC4_UNORM,LINEAR,4840,chair_arenacrowd_seatbackcushion_low_linelightvisibility.d3d1d19bcf2fafd3.tld,True
level.SCNE,arena_clutchtime_int_master@arena_clutchtime_int_shared_layout@GameObjects@Prototype_arena_curtains_prototype@Prototype_arena@curtain100x20_arena_straight500c_102:curtain100x20_arena_straight500c_linelightvisibility,72,72,2,1,BC4_UNORM,LINEAR,3240,curtain100x20_arena_straight500c_linelightvisibility.2ecec2b6370d05ce.tld,True
level.SCNE,%databuild_art_root%/substance_library/graphs/tile_square_relief/exports/square_tile_relief_ambientocclusion.png,1024,1024,11,1,BC1_UNORM,LINEAR,699064,square_tile_relief_ambientocclusion.0f93f2f9fb20770e.tld,False
level.SCNE,arena_clutchtime_int_master@arena_clutchtime_int_shared_layout@GameObjects@stands@clutchtime_stair_4step_2:clutchtime_stair_4step_low_linelightvisibility,88,88,2,1,BC4_UNORM,LINEAR,4840,clutchtime_stair_4step_low_linelightvisibility.f7ad5f51905e1967.tld,True
level.SCNE,arena_clutchtime_int_master@arena_clutchtime_int_shared_layout@GameObjects@stands@clutchtime_stair_3step_6:clutchtime_stair_3step_low_linelightvisibility,80,80,2,1,BC4_UNORM,LINEAR,4000,clutchtime_stair_3step_low_linelightvisibility.45bd555affab73bf.tld,True
level.SCNE,arena_clutchtime_int_master@arena_clutchtime_int_shared_layout@GameObjects@doors@electical_outlet_common_aluminum:eletrical_oulet_common,8,8,2,2,BC6H_UF16,LINEAR,160,eletrical_oulet_common.f59073710603f82e.tld,True
level.SCNE,arena_clutchtime_int_master@arena_clutchtime_int_shared_layout@GameObjects@ceiling_panelslights@clutchtime_ceilingpanellight_g:clutchtime_ceilingpanellight_g_low,1608,1608,2,2,BC6H_UF16,LINEAR,6464160,clutchtime_ceilingpanellight_g_low.a87859dffa6c14ac.tld,False
level.SCNE,arena_clutchtime_int_master@arena_clutchtime_int_shared_layout@GameObjects@mural_lights@lighting_suspendedtrack_metalb_24:lighting_suspendedtrack_metalb_low,120,120,2,2,BC6H_UF16,LINEAR,36000,lighting_suspendedtrack_metalb_low.8dc04aa24bc111c2.tld,True
level.SCNE,arena_clutchtime_int_master@arena_clutchtime_int_shared_layout@GameObjects@Prototype_arena_curtains_prototype@Prototype_arena@curtain100x20_arena_straight500c_100:curtain100x20_arena_straight500c_linelightvisibility,72,72,2,1,BC4_UNORM,LINEAR,3240,curtain100x20_arena_straight500c_linelightvisibility.2ecec2b6370d05ce.tld,True
level.SCNE,arena_clutchtime_int_master@arena_clutchtime_int_shared_layout@GameObjects@balcony_lights@light_ceilinga_round_2:light_ceilinga_round_low,16,16,2,2,BC6H_UF16,LINEAR,640,light_ceilinga_round_low.4aabb302f411e922.tld,True
level.SCNE,arena_clutchtime_int_master@arena_clutchtime_int_shared_layout@GameObjects@ceiling_panels@clutchtime_ceilingpanel_b:clutchtime_ceilingpanel_b_low,776,776,2,2,BC6H_UF16,LINEAR,1505440,clutchtime_ceilingpanel_b_low.48ffd2e01404c7e0.tld,False
level.SCNE,court_pillibl_2NormalRoughness.ccbde751,128,128,1,6,BC7_UNORM,LINEAR,98304,court_pillibl_2normalroughness.f02e92c0fa1dc364.tld,False
level.SCNE,arena_clutchtime_int_master@arena_clutchtime_int_shared_layout@GameObjects@clutchtimecurtainstunnels1@Prototype_arena_curtains_prototype_2@curtain100x20_arena_straight400c_14:curtain100x20_arena_straight400c_linelightvisibility,88,88,2,1,BC4_UNORM,LINEAR,4840,curtain100x20_arena_straight400c_linelightvisibility.cdcced57da6d1070.tld,True
level.SCNE,arena_clutchtime_int_master@arena_clutchtime_int_shared_layout@GameObjects@balcony_chairs@chair_arenacrowd_seatbackcushion_92:chair_arenacrowd_seatbackcushion_low,88,88,2,2,BC6H_UF16,LINEAR,19360,chair_arenacrowd_seatbackcushion_low.b58507aae8593fd4.tld,True
level.SCNE,pillibl_4Depth.31691cfe,128,128,1,6,BC6H_UF16,LINEAR,98304,pillibl_4depth.ffe613732c44fb3e.tld,False
level.SCNE,arena_clutchtime_int_master@GameObjects@dorna@clutchtime_court_dorna_2:clutchtime_court_dorna_low_linelightvisibility,352,352,2,1,BC4_UNORM,LINEAR,77440,clutchtime_court_dorna_low_linelightvisibility.bbcb62cfb6616f0a.tld,False
level.SCNE,arena_clutchtime_int_master@arena_clutchtime_int_shared_layout@GameObjects@balcony@clutchtime_balcony_b_5:clutchtime_balcony_b_low_linelightvisibility,584,584,2,1,BC4_UNORM,LINEAR,213160,clutchtime_balcony_b_low_linelightvisibility.a9e3bd16c6faf7de.tld,False
level.SCNE,arena_clutchtime_int_master@arena_clutchtime_int_shared_layout@GameObjects@Prototype_arena_curtains_prototype@Prototype_arena@curtain100x20_arena_straight500c_101:curtain100x20_arena_straight500c_linelightvisibility,72,72,2,1,BC4_UNORM,LINEAR,3240,curtain100x20_arena_straight500c_linelightvisibility.2ecec2b6370d05ce.tld,True
level.SCNE,court_pillibl_2.ccbde751,128,128,6,6,BC6H_UF16,LINEAR,131040,court_pillibl_2.85ea219f2ea5d1af.tld,False
level.SCNE,arena_clutchtime_int_master@arena_clutchtime_int_shared_layout@GameObjects@balcony@clutchtime_balcony_railing_15:clutchtime_balcony_railing_low,104,104,2,2,BC6H_UF16,LINEAR,27040,clutchtime_balcony_railing_low.e049c48360554b76.tld,True
level.SCNE,arena_clutchtime_int_master@arena_clutchtime_int_shared_layout@GameObjects@walls@clutchtime_wall_b:clutchtime_wall_b_low_linelightvisibility,760,760,2,1,BC4_UNORM,LINEAR,361000,clutchtime_wall_b_low_linelightvisibility.61b2337c4bce3214.tld,False
level.SCNE,arena_clutchtime_int_master@arena_clutchtime_int_shared_layout@GameObjects@balcony_chairs@chair_arenacrowd_seatbackcushion_153:chair_arenacrowd_seatbackcushion_low,88,88,2,2,BC6H_UF16,LINEAR,19360,chair_arenacrowd_seatbackcushion_low.4b78737b85a60dd8.tld,True
level.SCNE,arena_clutchtime_int_master@arena_clutchtime_int_shared_layout@GameObjects@clutchtimecurtainstunnels1@Prototype_arena_curtains_prototype_1@curtain100x20_arena_straight400c_6:curtain100x20_arena_straight400c_linelightvisibility,88,88,2,1,BC4_UNORM,LINEAR,4840,curtain100x20_arena_straight400c_linelightvisibility.cdcced57da6d1070.tld,True
level.SCNE,arena_clutchtime_int_master@arena_clutchtime_int_shared_layout@GameObjects@stands@clutchtime_stair_3step_7:clutchtime_stair_3step_low_linelightvisibility,80,80,2,1,BC4_UNORM,LINEAR,4000,clutchtime_stair_3step_low_linelightvisibility.e459a7044e5be3c6.tld,True
level.SCNE,arena_clutchtime_int_master@arena_clutchtime_int_shared_layout@GameObjects@mural_lights@lighting_suspendedtrack_metalb_6:lighting_suspendedtrack_metalb_low,120,120,2,2,BC6H_UF16,LINEAR,36000,lighting_suspendedtrack_metalb_low.dd12d96c5f842d11.tld,True
level.SCNE,arena_clutchtime_int_master@arena_clutchtime_int_shared_layout@GameObjects@mural_lights@lighting_suspendedtrack_metalb_17:lighting_suspendedtrack_metalb_low,120,120,2,2,BC6H_UF16,LINEAR,36000,lighting_suspendedtrack_metalb_low.96301530e09435d9.tld,True
level.SCNE,arena_clutchtime_int_master@arena_clutchtime_int_shared_layout@GameObjects@balcony_lights@light_ceilinga_round_42:light_ceilinga_round_low_linelightvisibility,16,16,2,1,BC4_UNORM,LINEAR,160,light_ceilinga_round_low_linelightvisibility.bbb5c16588a49e77.tld,True
level.SCNE,arena_clutchtime_int_master@arena_clutchtime_int_shared_layout@GameObjects@Prototype_arena_curtains_prototype@Prototype_arena@curtain100x20_arena_straight500c_82:curtain100x20_arena_straight500c,72,72,2,2,BC6H_UF16,LINEAR,12960,curtain100x20_arena_straight500c.cd9600ca04068ff6.tld,True
level.SCNE,arena_clutchtime_int_master@arena_clutchtime_int_shared_layout@GameObjects@balcony_chairs@chair_arenacrowd_seatbackcushion_76:chair_arenacrowd_seatbackcushion_low,88,88,2,2,BC6H_UF16,LINEAR,19360,chair_arenacrowd_seatbackcushion_low.402c7ef876666221.tld,True
level.SCNE,AddOn1NormalAndRoughMap#2007db01_1449,512,512,10,1,BC7_UNORM,LINEAR,349552,addon1normalandroughmap.c702d10c348d1e57.tld,False
level.SCNE,arena_clutchtime_int_master@arena_clutchtime_int_shared_layout@GameObjects@clutchtimecurtainstunnels1@Prototype_arena_curtains_prototype_2@curtain100x20_arena_straight400c_9:curtain100x20_arena_straight400c,88,88,2,2,BC6H_UF16,LINEAR,19360,curtain100x20_arena_straight400c.bf1849b4d0f70d8e.tld,True
level.SCNE,arena_clutchtime_int_master@arena_clutchtime_int_shared_layout@GameObjects@balcony_chairs@chair_arenacrowd_seatbackcushion_142:chair_arenacrowd_seatbackcushion_low_linelightvisibility,88,88,2,1,BC4_UNORM,LINEAR,4840,chair_arenacrowd_seatbackcushion_low_linelightvisibility.aeb263b62d89c49e.tld,True
level.SCNE,arena_clutchtime_int_master@arena_clutchtime_int_shared_layout@GameObjects@balcony_chairs@chair_arenacrowd_seatbackcushion:chair_arenacrowd_seatbackcushion_low,88,88,2,2,BC6H_UF16,LINEAR,19360,chair_arenacrowd_seatbackcushion_low.d63df612a82cb7af.tld,True
level.SCNE,arena_clutchtime_int_master@arena_clutchtime_int_shared_layout@GameObjects@balcony_lights@light_ceilinga_round_4:light_ceilinga_round_low,16,16,2,2,BC6H_UF16,LINEAR,640,light_ceilinga_round_low.b35e1a547395af14.tld,True
level.SCNE,arena_clutchtime_int_master@arena_clutchtime_int_shared_layout@GameObjects@mural_lights@lighting_suspendedtrack_metalb_18:lighting_suspendedtrack_metalb_low_linelightvisibility,120,120,2,1,BC4_UNORM,LINEAR,9000,lighting_suspendedtrack_metalb_low_linelightvisibility.4294ff82d381bc41.tld,True
level.SCNE,arena_clutchtime_int_master@arena_clutchtime_int_shared_layout@GameObjects@Prototype_arena_curtains_prototype@Prototype_arena@curtain100x20_arena_straight500c_181:curtain100x20_arena_straight500c,72,72,2,2,BC6H_UF16,LINEAR,12960,curtain100x20_arena_straight500c.cd27bd41209ecdde.tld,True
level.SCNE,arena_clutchtime_int_master@arena_clutchtime_int_shared_layout@GameObjects@balcony_chairs@chair_arenacrowd_seatbackcushion_65:chair_arenacrowd_seatbackcushion_low,88,88,2,2,BC6H_UF16,LINEAR,19360,chair_arenacrowd_seatbackcushion_low.3984d7c1847bf466.tld,True
level.SCNE,arena_clutchtime_int_master@GameObjects@dorna@clutchtime_court_dorna_3:clutchtime_court_dorna_low_linelightvisibility,352,352,2,1,BC4_UNORM,LINEAR,77440,clutchtime_court_dorna_low_linelightvisibility.4c8c48179f300454.tld,False
level.SCNE,arena_clutchtime_int_master@arena_clutchtime_int_shared_layout@GameObjects@ceiling_panelslights@clutchtime_ceilingpanellight_b_4:clutchtime_ceilingpanellight_b_low_linelightvisibility,1272,1272,2,1,BC4_UNORM,LINEAR,1011240,clutchtime_ceilingpanellight_b_low_linelightvisibility.670587e2458e6b68.tld,False
level.SCNE,arena_clutchtime_int_master@arena_clutchtime_int_shared_layout@GameObjects@balcony_lights@light_ceilinga_round_26:light_ceilinga_round_low,16,16,2,2,BC6H_UF16,LINEAR,640,light_ceilinga_round_low.aa169924c673cf9b.tld,True
level.SCNE,%databuild_art_root%/material_library/_generic_textures/scratches/scratches_metal_heavy.tga,512,512,10,1,BC7_UNORM,,349552,scratches_metal_heavy.8f57ecb862b65e6f.tld,False
level.SCNE,arena_clutchtime_int_master@arena_clutchtime_int_shared_layout@GameObjects@balcony_lights@light_ceilinga_round_81:light_ceilinga_round_low_linelightvisibility,16,16,2,1,BC4_UNORM,LINEAR,160,light_ceilinga_round_low_linelightvisibility.bbb5c16588a49e77.tld,True
level.SCNE,arena_clutchtime_int_master@arena_clutchtime_int_shared_layout@GameObjects@walls@clutchtime_wall_f:clutchtime_wall_f_low_linelightvisibility,1760,1760,2,1,BC4_UNORM,LINEAR,1936000,clutchtime_wall_f_low_linelightvisibility.22329889e2d982f5.tld,False
level.SCNE,arena_clutchtime_int_master@arena_clutchtime_int_shared_layout@GameObjects@balcony@clutchtime_balcony_c_2:clutchtime_balcony_c_low_linelightvisibility,640,640,2,1,BC4_UNORM,LINEAR,256000,clutchtime_balcony_c_low_linelightvisibility.9832b401fb7846ea.tld,False
level.SCNE,arena_clutchtime_int_master@arena_clutchtime_int_shared_layout@GameObjects@balcony_chairs@chair_arenacrowd_seatbackcushion_128:chair_arenacrowd_seatbackcushion_low_linelightvisibility,88,88,2,1,BC4_UNORM,LINEAR,4840,chair_arenacrowd_seatbackcushion_low_linelightvisibility.cdcced57da6d1070.tld,True
level.SCNE,arena_clutchtime_int_master@arena_clutchtime_int_shared_layout@GameObjects@balcony_chairs@chair_arenacrowd_seatbackcushion_42:chair_arenacrowd_seatbackcushion_low_linelightvisibility,88,88,2,1,BC4_UNORM,LINEAR,4840,chair_arenacrowd_seatbackcushion_low_linelightvisibility.cdcced57da6d1070.tld,True
level.SCNE,arena_clutchtime_int_master@arena_clutchtime_int_shared_layout@GameObjects@balcony_chairs@chair_arenacrowd_seatbackcushion:chair_arenacrowd_seatbackcushion_low_linelightvisibility,88,88,2,1,BC4_UNORM,LINEAR,4840,chair_arenacrowd_seatbackcushion_low_linelightvisibility.e16563674f849dbe.tld,True
level.SCNE,arena_clutchtime_int_master@arena_clutchtime_int_shared_layout@GameObjects@balcony_chairs@chair_arenacrowd_seatbackcushion_43:chair_arenacrowd_seatbackcushion_low,88,88,2,2,BC6H_UF16,LINEAR,19360,chair_arenacrowd_seatbackcushion_low.0337d0117908b2bb.tld,True
level.SCNE,arena_clutchtime_int_master@GameObjects@dorna@clutchtime_court_dornaend_1:clutchtime_court_dornaend_low_linelightvisibility,104,104,2,1,BC4_UNORM,LINEAR,6760,clutchtime_court_dornaend_low_linelightvisibility.ec6c37b797c8c051.tld,True
level.SCNE,arena_clutchtime_int_master@arena_clutchtime_int_shared_layout@GameObjects@Prototype_arena_curtains_prototype@Prototype_arena_curtains_prototype_0@curtain100x20_arena_straight500c_152:curtain100x20_arena_straight500c,72,72,2,2,BC6H_UF16,LINEAR,12960,curtain100x20_arena_straight500c.7a6e9ff320b64d54.tld,True
level.SCNE,arena_clutchtime_int_master@arena_clutchtime_int_shared_layout@GameObjects@Prototype_arena_curtains_prototype@Prototype_arena@curtain100x20_arena_straight500c_161:curtain100x20_arena_straight500c,72,72,2,2,BC6H_UF16,LINEAR,12960,curtain100x20_arena_straight500c.5961ff389749cdec.tld,True
level.SCNE,arena_clutchtime_int_master@arena_clutchtime_int_shared_layout@GameObjects@balcony_chairs@chair_arenacrowd_seatbackcushion_77:chair_arenacrowd_seatbackcushion_low_linelightvisibility,88,88,2,1,BC4_UNORM,LINEAR,4840,chair_arenacrowd_seatbackcushion_low_linelightvisibility.cdcced57da6d1070.tld,True
level.SCNE,arena_clutchtime_int_master@arena_clutchtime_int_shared_layout@GameObjects@ceiling_panels@clutchtime_ceilingpanel_a_6:clutchtime_ceilingpanel_a_low_linelightvisibility,776,776,2,1,BC4_UNORM,LINEAR,376360,clutchtime_ceilingpanel_a_low_linelightvisibility.986325f0b2280183.tld,False
level.SCNE,arena_clutchtime_int_master@arena_clutchtime_int_shared_layout@GameObjects@doors@door_interiorwindowb_rightdbl_3:door_interiorwindowb_rightdbl,112,112,2,2,BC6H_UF16,LINEAR,31360,door_interiorwindowb_rightdbl.5f24745bfc0b6fae.tld,True
level.SCNE,arena_clutchtime_int_master@arena_clutchtime_int_shared_layout@GameObjects@mural_lights@lighting_suspendedtrack_metalb_20:lighting_suspendedtrack_metalb_low,120,120,2,2,BC6H_UF16,LINEAR,36000,lighting_suspendedtrack_metalb_low.851d986b8a02a6a3.tld,True
level.SCNE,arena_clutchtime_int_master@arena_clutchtime_int_shared_layout@GameObjects@balcony_chairs@chair_arenacrowd_seatbackcushion_149:chair_arenacrowd_seatbackcushion_low,88,88,2,2,BC6H_UF16,LINEAR,19360,chair_arenacrowd_seatbackcushion_low.27b1b528ec81be52.tld,True
level.SCNE,arena_clutchtime_int_master@arena_clutchtime_int_shared_layout@GameObjects@balcony_lights@light_ceilinga_round_38:light_ceilinga_round_low,16,16,2,2,BC6H_UF16,LINEAR,640,light_ceilinga_round_low.cd609fe7b54a4d1b.tld,True
level.SCNE,arena_clutchtime_int_master@arena_clutchtime_int_shared_layout@GameObjects@balcony_chairs@chair_arenacrowd_seatbackcushion_88:chair_arenacrowd_seatbackcushion_low,88,88,2,2,BC6H_UF16,LINEAR,19360,chair_arenacrowd_seatbackcushion_low.a9e4aac203f38db9.tld,True
level.SCNE,NormalAndRoughMap#dc1ad81e_1538,1024,1024,11,1,BC7_UNORM,LINEAR,1398128,normalandroughmap.e408bc4c8016c0f9.tld,False
level.SCNE,arena_clutchtime_int_master@arena_clutchtime_int_shared_layout@GameObjects@balcony_chairs@chair_arenacrowd_seatbackcushion_28:chair_arenacrowd_seatbackcushion_low_linelightvisibility,88,88,2,1,BC4_UNORM,LINEAR,4840,chair_arenacrowd_seatbackcushion_low_linelightvisibility.cdcced57da6d1070.tld,True
level.SCNE,arena_clutchtime_int_master@arena_clutchtime_int_shared_layout@GameObjects@ceiling_panelslights@clutchtime_ceilingpanellight_e_2:clutchtime_ceilingpanellight_e_low,1168,1168,2,2,BC6H_UF16,LINEAR,3410560,clutchtime_ceilingpanellight_e_low.1750d0f2501891e4.tld,False
level.SCNE,arena_clutchtime_int_master@arena_clutchtime_int_shared_layout@GameObjects@Prototype_arena_curtains_prototype@Prototype_arena_curtains_prototype_0@curtain100x20_arena_straight500c_0:curtain100x20_arena_straight500c,72,72,2,2,BC6H_UF16,LINEAR,12960,curtain100x20_arena_straight500c.5ba4342062343f25.tld,True
level.SCNE,arena_clutchtime_int_master@arena_clutchtime_int_shared_layout@GameObjects@Prototype_arena_curtains_prototype@Prototype_arena@curtain100x20_arena_straight500c_62:curtain100x20_arena_straight500c,72,72,2,2,BC6H_UF16,LINEAR,12960,curtain100x20_arena_straight500c.0ecb5cd3c145248e.tld,True
level.SCNE,arena_clutchtime_int_master@arena_clutchtime_int_shared_layout@GameObjects@Prototype_arena_curtains_prototype@Prototype_arena@curtain100x20_arena_straight500c_111:curtain100x20_arena_straight500c,72,72,2,2,BC6H_UF16,LINEAR,12960,curtain100x20_arena_straight500c.c6a374ef512cfbae.tld,True
level.SCNE,arena_clutchtime_int_master@arena_clutchtime_int_shared_layout@GameObjects@balcony_chairs@chair_arenacrowd_seatbackcushion_50:chair_arenacrowd_seatbackcushion_low,88,88,2,2,BC6H_UF16,LINEAR,19360,chair_arenacrowd_seatbackcushion_low.6048c5fc732f927f.tld,True
level.SCNE,arena_clutchtime_int_master@arena_clutchtime_int_shared_layout@GameObjects@Prototype_arena_curtains_prototype@Prototype_arena_curtains_prototype_0@curtain100x20_arena_straight500c_26:curtain100x20_arena_straight500c,72,72,2,2,BC6H_UF16,LINEAR,12960,curtain100x20_arena_straight500c.94dda01fc4276c39.tld,True
level.SCNE,arena_clutchtime_int_master@arena_clutchtime_int_shared_layout@GameObjects@balcony@clutchtime_balcony_c_0:clutchtime_balcony_c_low,640,640,2,2,BC6H_UF16,LINEAR,1024000,clutchtime_balcony_c_low.cf11c82fc5decf88.tld,False
level.SCNE,arena_clutchtime_int_master@arena_clutchtime_int_shared_layout@GameObjects@balcony_lights@light_ceilinga_round_84:light_ceilinga_round_low,16,16,2,2,BC6H_UF16,LINEAR,640,light_ceilinga_round_low.e62ab7d1ab8f1b6b.tld,True
level.SCNE,pillibl_1.4103e871,128,128,6,6,BC6H_UF16,LINEAR,131040,pillibl_1.efa9c97199c5e653.tld,False
level.SCNE,arena_clutchtime_int_master@arena_clutchtime_int_shared_layout@GameObjects@balcony_chairs@chair_arenacrowd_seatbackcushion_116:chair_arenacrowd_seatbackcushion_low,88,88,2,2,BC6H_UF16,LINEAR,19360,chair_arenacrowd_seatbackcushion_low.d801c727973cc8e9.tld,True
level.SCNE,arena_clutchtime_int_master@arena_clutchtime_int_shared_layout@GameObjects@balcony_lights@light_ceilinga_round_25:light_ceilinga_round_low_linelightvisibility,16,16,2,1,BC4_UNORM,LINEAR,160,light_ceilinga_round_low_linelightvisibility.bbb5c16588a49e77.tld,True
level.SCNE,arena_clutchtime_int_master@arena_clutchtime_int_shared_layout@GameObjects@balcony_chairs@chair_arenacrowd_seatbackcushion_54:chair_arenacrowd_seatbackcushion_low_linelightvisibility,88,88,2,1,BC4_UNORM,LINEAR,4840,chair_arenacrowd_seatbackcushion_low_linelightvisibility.cdcced57da6d1070.tld,True
level.SCNE,arena_clutchtime_int_master@arena_clutchtime_int_shared_layout@GameObjects@doors@door_interiorwindowb_rightdbl_2:door_interiorwindowb_rightdbl,112,112,2,2,BC6H_UF16,LINEAR,31360,door_interiorwindowb_rightdbl.bff82baec624e4d8.tld,True
level.SCNE,arena_clutchtime_int_master@arena_clutchtime_int_shared_layout@GameObjects@balcony_lights@light_ceilinga_round_51:light_ceilinga_round_low,16,16,2,2,BC6H_UF16,LINEAR,640,light_ceilinga_round_low.fc30378fcb0d1d31.tld,True
level.SCNE,NormalAndRoughMap#9f888e21_1575,512,512,10,1,BC7_UNORM,LINEAR,349552,normalandroughmap.30d3fda2d8428915.tld,False
level.SCNE,arena_clutchtime_int_master@arena_clutchtime_int_shared_layout@GameObjects@Prototype_arena_curtains_prototype@Prototype_arena_curtains_prototype_0@curtain100x20_arena_straight500c_29:curtain100x20_arena_straight500c,72,72,2,2,BC6H_UF16,LINEAR,12960,curtain100x20_arena_straight500c.25d0788bb7c0750f.tld,True
level.SCNE,arena_clutchtime_int_master@arena_clutchtime_int_shared_layout@GameObjects@balcony@clutchtime_balcony_column_3:clutchtime_balcony_column_low_linelightvisibility,496,496,2,1,BC4_UNORM,LINEAR,153760,clutchtime_balcony_column_low_linelightvisibility.2f755f72c303c694.tld,False
level.SCNE,arena_clutchtime_int_master@arena_clutchtime_int_shared_layout@GameObjects@balcony@clutchtime_balcony_b_13:clutchtime_balcony_b_low,584,584,2,2,BC6H_UF16,LINEAR,852640,clutchtime_balcony_b_low.9b59b9e8519f91a7.tld,False
level.SCNE,arena_clutchtime_int_master@arena_clutchtime_int_shared_layout@GameObjects@balcony_lights@light_ceilinga_round_68:light_ceilinga_round_low,16,16,2,2,BC6H_UF16,LINEAR,640,light_ceilinga_round_low.da64970ec09ef681.tld,True
level.SCNE,arena_clutchtime_int_master@arena_clutchtime_int_shared_layout@GameObjects@balcony_chairs@chair_arenacrowd_seatbackcushion_61:chair_arenacrowd_seatbackcushion_low_linelightvisibility,88,88,2,1,BC4_UNORM,LINEAR,4840,chair_arenacrowd_seatbackcushion_low_linelightvisibility.cdcced57da6d1070.tld,True
level.SCNE,arena_clutchtime_int_master@arena_clutchtime_int_shared_layout@GameObjects@balcony_lights@light_ceilinga_round_64:light_ceilinga_round_low_linelightvisibility,16,16,2,1,BC4_UNORM,LINEAR,160,light_ceilinga_round_low_linelightvisibility.bbb5c16588a49e77.tld,True
level.SCNE,court_pillibl_5Depth.52d972f2,128,128,1,6,BC6H_UF16,LINEAR,98304,court_pillibl_5depth.2041fa556736f49b.tld,False
level.SCNE,arena_clutchtime_int_master@arena_clutchtime_int_shared_layout@GameObjects@balcony_chairs@chair_arenacrowd_seatbackcushion_4:chair_arenacrowd_seatbackcushion_low,88,88,2,2,BC6H_UF16,LINEAR,19360,chair_arenacrowd_seatbackcushion_low.ae4f816560f36e6e.tld,True
level.SCNE,arena_clutchtime_int_master@arena_clutchtime_int_shared_layout@GameObjects@stands@clutchtime_stair_3step:clutchtime_stair_3step_low,80,80,2,2,BC6H_UF16,LINEAR,16000,clutchtime_stair_3step_low.a2af5305df2aad16.tld,True
level.SCNE,arena_clutchtime_int_master@arena_clutchtime_int_shared_layout@GameObjects@balcony@clutchtime_balcony_b_6:clutchtime_balcony_b_low,584,584,2,2,BC6H_UF16,LINEAR,852640,clutchtime_balcony_b_low.9eb90a05e07656ff.tld,False
level.SCNE,arena_clutchtime_int_master@arena_clutchtime_int_shared_layout@GameObjects@Prototype_arena_curtains_prototype@Prototype_arena_curtains_prototype_0@curtain100x20_arena_straight500c_56:curtain100x20_arena_straight500c,72,72,2,2,BC6H_UF16,LINEAR,12960,curtain100x20_arena_straight500c.e3562498f734fab2.tld,True
level.SCNE,arena_clutchtime_int_master@arena_clutchtime_int_shared_layout@GameObjects@balcony_chairs@chair_arenacrowd_seatbackcushion_99:chair_arenacrowd_seatbackcushion_low_linelightvisibility,88,88,2,1,BC4_UNORM,LINEAR,4840,chair_arenacrowd_seatbackcushion_low_linelightvisibility.cdcced57da6d1070.tld,True
level.SCNE,arena_clutchtime_int_master@arena_clutchtime_int_shared_layout@GameObjects@doors@door_interiorwindowb_rightdbl_2:door_interiorwindowb_rightdbl_linelightvisibility,112,112,2,1,BC4_UNORM,LINEAR,7840,door_interiorwindowb_rightdbl_linelightvisibility.726f2c08afd99930.tld,True
level.SCNE,arena_clutchtime_int_master@arena_clutchtime_int_shared_layout@GameObjects@Prototype_arena_curtains_prototype@Prototype_arena_curtains_prototype_0@curtain100x20_arena_straight500c_59:curtain100x20_arena_straight500c,72,72,2,2,BC6H_UF16,LINEAR,12960,curtain100x20_arena_straight500c.73ec1f117e0cd3e0.tld,True
level.SCNE,arena_clutchtime_int_master@arena_clutchtime_int_shared_layout@GameObjects@stands@clutchtime_ceilingpanel_f_6:clutchtime_ceilingpanel_f_low_linelightvisibility,864,864,2,1,BC4_UNORM,LINEAR,466560,clutchtime_ceilingpanel_f_low_linelightvisibility.f3e2eb4adb2bf882.tld,False
level.SCNE,arena_clutchtime_int_master@arena_clutchtime_int_shared_layout@GameObjects@balcony_chairs@chair_arenacrowd_seatbackcushion_105:chair_arenacrowd_seatbackcushion_low,88,88,2,2,BC6H_UF16,LINEAR,19360,chair_arenacrowd_seatbackcushion_low.dc0c4d5c819c25df.tld,True
level.SCNE,arena_clutchtime_int_master@arena_clutchtime_int_shared_layout@GameObjects@ceiling@clutchtime_ceiling_a:clutchtime_ceiling_a_low,1272,1272,2,2,BC6H_UF16,LINEAR,4044960,clutchtime_ceiling_a_low.4201a4a838039560.tld,False
level.SCNE,arena_clutchtime_int_master@arena_clutchtime_int_shared_layout@GameObjects@balcony_lights@light_ceilinga_round_78:light_ceilinga_round_low_linelightvisibility,16,16,2,1,BC4_UNORM,LINEAR,160,light_ceilinga_round_low_linelightvisibility.bbb5c16588a49e77.tld,True
level.SCNE,arena_clutchtime_int_master@arena_clutchtime_int_shared_layout@GameObjects@ceiling_panelslights@clutchtime_ceilingpanellight_b:clutchtime_ceilingpanellight_b_low_linelightvisibility,1272,1272,2,1,BC4_UNORM,LINEAR,1011240,clutchtime_ceilingpanellight_b_low_linelightvisibility.670587e2458e6b68.tld,False
level.SCNE,arena_clutchtime_int_master@GameObjects@dorna@clutchtime_court_dornacorner:clutchtime_court_dornacorner_low,480,480,2,2,BC6H_UF16,LINEAR,576000,clutchtime_court_dornacorner_low.ec7579984ec413ad.tld,False
level.SCNE,arena_clutchtime_int_master@arena_clutchtime_int_shared_layout@GameObjects@ceiling_panelslights@clutchtime_ceilingpanellight_d_4:clutchtime_ceilingpanellight_d_low_linelightvisibility,1160,1160,2,1,BC4_UNORM,LINEAR,841000,clutchtime_ceilingpanellight_d_low_linelightvisibility.f70e010a922fa5ef.tld,False
level.SCNE,arena_clutchtime_int_master@arena_clutchtime_int_shared_layout@GameObjects@balcony_lights@light_ceilinga_round_39:light_ceilinga_round_low_linelightvisibility,16,16,2,1,BC4_UNORM,LINEAR,160,light_ceilinga_round_low_linelightvisibility.bbb5c16588a49e77.tld,True
level.SCNE,arena_clutchtime_int_master@arena_clutchtime_int_shared_layout@GameObjects@balcony_chairs@chair_arenacrowd_seatbackcushion_123:chair_arenacrowd_seatbackcushion_low,88,88,2,2,BC6H_UF16,LINEAR,19360,chair_arenacrowd_seatbackcushion_low.492201bc3c6e96b2.tld,True
level.SCNE,arena_clutchtime_int_master@arena_clutchtime_int_shared_layout@GameObjects@balcony_lights@light_ceilinga_round_76:light_ceilinga_round_low,16,16,2,2,BC6H_UF16,LINEAR,640,light_ceilinga_round_low.055b86c4ce8d9a23.tld,True
level.SCNE,arena_clutchtime_int_master@arena_clutchtime_int_shared_layout@GameObjects@ceiling_panels@clutchtime_ceilingpanel_c:clutchtime_ceilingpanel_c_low,776,776,2,2,BC6H_UF16,LINEAR,1505440,clutchtime_ceilingpanel_c_low.5d9c57adf648c226.tld,False
level.SCNE,arena_clutchtime_int_master@arena_clutchtime_int_shared_layout@GameObjects@balcony_chairs@chair_arenacrowd_seatbackcushion_154:chair_arenacrowd_seatbackcushion_low_linelightvisibility,88,88,2,1,BC4_UNORM,LINEAR,4840,chair_arenacrowd_seatbackcushion_low_linelightvisibility.e42e2e4af08e380e.tld,True
level.SCNE,arena_clutchtime_int_master@arena_clutchtime_int_shared_layout@GameObjects@balcony_chairs@chair_arenacrowd_seatbackcushion_130:chair_arenacrowd_seatbackcushion_low,88,88,2,2,BC6H_UF16,LINEAR,19360,chair_arenacrowd_seatbackcushion_low.083ced63974904a6.tld,True
level.SCNE,arena_clutchtime_int_master@arena_clutchtime_int_shared_layout@GameObjects@mural@clutchtime_mural_handrail:clutchtime_mural_handrail_low_linelightvisibility,248,248,2,1,BC4_UNORM,LINEAR,38440,clutchtime_mural_handrail_low_linelightvisibility.7d5550aff2b468de.tld,True
level.SCNE,arena_clutchtime_int_master@arena_clutchtime_int_shared_layout@GameObjects@balcony@clutchtime_ceiling_balcony_0:clutchtime_ceiling_balcony_low_linelightvisibility,96,96,2,1,BC4_UNORM,LINEAR,5760,clutchtime_ceiling_balcony_low_linelightvisibility.6ec3ec823d4adbf9.tld,True
level.SCNE,arena_clutchtime_int_master@arena_clutchtime_int_shared_layout@GameObjects@ceiling_panels@clutchtime_ceilingpanel_e_0:clutchtime_ceilingpanel_e_low_linelightvisibility,768,768,2,1,BC4_UNORM,LINEAR,368640,clutchtime_ceilingpanel_e_low_linelightvisibility.33ba47bcda8ec47f.tld,False
level.SCNE,%databuild_art_root%/asset_library/clutchtime_mural_wall/texture/clutchtime_mural_04.png,1024,1024,11,1,BC1_UNORM,,699064,clutchtime_mural_04.bfdbeaf5cc4954d2.tld,False
level.SCNE,arena_clutchtime_int_master@arena_clutchtime_int_shared_layout@GameObjects@balcony_chairs@chair_arenacrowd_seatbackcushion_29:chair_arenacrowd_seatbackcushion_low,88,88,2,2,BC6H_UF16,LINEAR,19360,chair_arenacrowd_seatbackcushion_low.646795eced8359ef.tld,True
level.SCNE,arena_clutchtime_int_master@arena_clutchtime_int_shared_layout@GameObjects@stands@clutchtime_stair_3step_16:clutchtime_stair_3step_low_linelightvisibility,80,80,2,1,BC4_UNORM,LINEAR,4000,clutchtime_stair_3step_low_linelightvisibility.e459a7044e5be3c6.tld,True
level.SCNE,NormalAndRoughMap#56360bdf_1531,1024,1024,11,1,BC7_UNORM,LINEAR,1398128,normalandroughmap.191a4a412aaf5d0c.tld,False
level.SCNE,arena_clutchtime_int_master@arena_clutchtime_int_shared_layout@GameObjects@Prototype_arena_curtains_prototype@Prototype_arena_curtains_prototype_0@curtain100x20_arena_straight500c_144:curtain100x20_arena_straight500c,72,72,2,2,BC6H_UF16,LINEAR,12960,curtain100x20_arena_straight500c.20da4d52ffb32943.tld,True
level.SCNE,arena_clutchtime_int_master@arena_clutchtime_int_shared_layout@GameObjects@walls@clutchtime_wall_d:clutchtime_wall_d_low,768,768,2,2,BC6H_UF16,LINEAR,1474560,clutchtime_wall_d_low.3c694a0de1e2922b.tld,False
level.SCNE,arena_clutchtime_int_master@arena_clutchtime_int_shared_layout@GameObjects@Prototype_arena_curtains_prototype@Prototype_arena@curtain100x20_arena_straight500c_177:curtain100x20_arena_straight500c,72,72,2,2,BC6H_UF16,LINEAR,12960,curtain100x20_arena_straight500c.3cd5b12fbdf3ac7c.tld,True
level.SCNE,arena_clutchtime_int_master@arena_clutchtime_int_shared_layout@GameObjects@Prototype_arena_curtains_prototype@Prototype_arena@curtain100x20_arena_straight500c_178:curtain100x20_arena_straight500c,72,72,2,2,BC6H_UF16,LINEAR,12960,curtain100x20_arena_straight500c.f3609a5d7d061360.tld,True
level.SCNE,arena_clutchtime_int_master@arena_clutchtime_int_shared_layout@GameObjects@Prototype_arena_curtains_prototype@Prototype_arena@curtain100x20_arena_straight500c_119:curtain100x20_arena_straight500c_linelightvisibility,72,72,2,1,BC4_UNORM,LINEAR,3240,curtain100x20_arena_straight500c_linelightvisibility.2ecec2b6370d05ce.tld,True
level.SCNE,arena_clutchtime_int_master@arena_clutchtime_int_shared_layout@GameObjects@doors@door_interiorwindowb_rightdbl_5:door_interiorwindowb_rightdbl_linelightvisibility,112,112,2,1,BC4_UNORM,LINEAR,7840,door_interiorwindowb_rightdbl_linelightvisibility.726f2c08afd99930.tld,True
level.SCNE,arena_clutchtime_int_master@arena_clutchtime_int_shared_layout@GameObjects@balcony@clutchtime_balcony_b:clutchtime_balcony_b_low_linelightvisibility,584,584,2,1,BC4_UNORM,LINEAR,213160,clutchtime_balcony_b_low_linelightvisibility.a9e3bd16c6faf7de.tld,False
level.SCNE,arena_clutchtime_int_master@arena_clutchtime_int_shared_layout@GameObjects@balcony_lights@light_ceilinga_round_0:light_ceilinga_round_low_linelightvisibility,16,16,2,1,BC4_UNORM,LINEAR,160,light_ceilinga_round_low_linelightvisibility.bbb5c16588a49e77.tld,True
level.SCNE,pillibl_2NormalRoughness.d80ab9cb,128,128,1,6,BC7_UNORM,LINEAR,98304,pillibl_2normalroughness.6405083f36117add.tld,False
level.SCNE,arena_clutchtime_int_master@arena_clutchtime_int_shared_layout@GameObjects@Prototype_arena_curtains_prototype@Prototype_arena@curtain100x20_arena_straight500c_118:curtain100x20_arena_straight500c_linelightvisibility,72,72,2,1,BC4_UNORM,LINEAR,3240,curtain100x20_arena_straight500c_linelightvisibility.2ecec2b6370d05ce.tld,True
level.SCNE,arena_clutchtime_int_master@arena_clutchtime_int_shared_layout@GameObjects@ceiling_panelslights@clutchtime_ceilingpanellight_d_5:clutchtime_ceilingpanellight_d_low_linelightvisibility,1160,1160,2,1,BC4_UNORM,LINEAR,841000,clutchtime_ceilingpanellight_d_low_linelightvisibility.f70e010a922fa5ef.tld,False
level.SCNE,arena_clutchtime_int_master@arena_clutchtime_int_shared_layout@GameObjects@balcony_chairs@chair_arenacrowd_seatbackcushion_57:chair_arenacrowd_seatbackcushion_low,88,88,2,2,BC6H_UF16,LINEAR,19360,chair_arenacrowd_seatbackcushion_low.ce8539d62926d0a1.tld,True
level.SCNE,arena_clutchtime_int_master@arena_clutchtime_int_shared_layout@GameObjects@doors@door_interiorwindowb_leftdbl_0:door_interiorwindowb_leftdbl_linelightvisibility,112,112,2,1,BC4_UNORM,LINEAR,7840,door_interiorwindowb_leftdbl_linelightvisibility.726f2c08afd99930.tld,True
level.SCNE,arena_clutchtime_int_master@arena_clutchtime_int_shared_layout@GameObjects@Prototype_arena_curtains_prototype@Prototype_arena_curtains_prototype_0@curtain100x20_arena_straight500c_12:curtain100x20_arena_straight500c,72,72,2,2,BC6H_UF16,LINEAR,12960,curtain100x20_arena_straight500c.fd12424fd6a385a3.tld,True
level.SCNE,arena_clutchtime_int_master@arena_clutchtime_int_shared_layout@GameObjects@balcony_chairs@chair_arenacrowd_seatbackcushion_78:chair_arenacrowd_seatbackcushion_low_linelightvisibility,88,88,2,1,BC4_UNORM,LINEAR,4840,chair_arenacrowd_seatbackcushion_low_linelightvisibility.cdcced57da6d1070.tld,True
level.SCNE,arena_clutchtime_int_master@arena_clutchtime_int_shared_layout@GameObjects@balcony@clutchtime_balcony_column_4:clutchtime_balcony_column_low_linelightvisibility,496,496,2,1,BC4_UNORM,LINEAR,153760,clutchtime_balcony_column_low_linelightvisibility.0baae7826bb05dca.tld,False
level.SCNE,arena_clutchtime_int_master@arena_clutchtime_int_shared_layout@GameObjects@balcony@clutchtime_balcony_railing_6:clutchtime_balcony_railing_low,104,104,2,2,BC6H_UF16,LINEAR,27040,clutchtime_balcony_railing_low.8955dddece7cd838.tld,True
level.SCNE,arena_clutchtime_int_master@arena_clutchtime_int_shared_layout@GameObjects@balcony_chairs@chair_arenacrowd_seatbackcushion_27:chair_arenacrowd_seatbackcushion_low_linelightvisibility,88,88,2,1,BC4_UNORM,LINEAR,4840,chair_arenacrowd_seatbackcushion_low_linelightvisibility.cdcced57da6d1070.tld,True
level.SCNE,arena_clutchtime_int_master@arena_clutchtime_int_shared_layout@GameObjects@doors@electrical_outlet_industrial:electircal_outlet_industrial_linelightvisibility,32,32,2,1,BC4_UNORM,LINEAR,640,electircal_outlet_industrial_linelightvisibility.b4f6e8325a8f6a8d.tld,True
level.SCNE,arena_clutchtime_int_master@arena_clutchtime_int_shared_layout@GameObjects@balcony_chairs@chair_arenacrowd_seatbackcushion_44:chair_arenacrowd_seatbackcushion_low,88,88,2,2,BC6H_UF16,LINEAR,19360,chair_arenacrowd_seatbackcushion_low.2f2af28b4805e22d.tld,True
level.SCNE,arena_clutchtime_int_master@arena_clutchtime_int_shared_layout@GameObjects@balcony@clutchtime_balcony_railing_8:clutchtime_balcony_railing_low_linelightvisibility,104,104,2,1,BC4_UNORM,LINEAR,6760,clutchtime_balcony_railing_low_linelightvisibility.1299d45f5c7014b3.tld,True
level.SCNE,arena_clutchtime_int_master@arena_clutchtime_int_shared_layout@GameObjects@Prototype_arena_curtains_prototype@Prototype_arena_curtains_prototype_0@curtain100x20_arena_straight500c_134:curtain100x20_arena_straight500c,72,72,2,2,BC6H_UF16,LINEAR,12960,curtain100x20_arena_straight500c.7d4a53ac9c36113b.tld,True
level.SCNE,arena_clutchtime_int_master@arena_clutchtime_int_shared_layout@GameObjects@balcony_chairs@chair_arenacrowd_seatbackcushion_12:chair_arenacrowd_seatbackcushion_low_linelightvisibility,88,88,2,1,BC4_UNORM,LINEAR,4840,chair_arenacrowd_seatbackcushion_low_linelightvisibility.7a2ac513f9543f8e.tld,True
level.SCNE,arena_clutchtime_int_master@arena_clutchtime_int_shared_layout@GameObjects@Prototype_arena_curtains_prototype@Prototype_arena@curtain100x20_arena_straight500c_74:curtain100x20_arena_straight500c,72,72,2,2,BC6H_UF16,LINEAR,12960,curtain100x20_arena_straight500c.bc833e201a6496ee.tld,True
level.SCNE,arena_clutchtime_int_master@arena_clutchtime_int_shared_layout@GameObjects@Prototype_arena_curtains_prototype@Prototype_arena@curtain100x20_arena_straight500c_107:curtain100x20_arena_straight500c,72,72,2,2,BC6H_UF16,LINEAR,12960,curtain100x20_arena_straight500c.acfa649f7b549bac.tld,True
level.SCNE,arena_clutchtime_int_master@arena_clutchtime_int_shared_layout@GameObjects@clutchtimecurtainstunnels1@Prototype_arena_curtains_prototype_1@curtain100x20_arena_straight400c_3:curtain100x20_arena_straight400c,88,88,2,2,BC6H_UF16,LINEAR,19360,curtain100x20_arena_straight400c.044c1074a192546f.tld,True
level.SCNE,arena_clutchtime_int_master@arena_clutchtime_int_shared_layout@GameObjects@balcony_chairs@chair_arenacrowd_seatbackcushion_80:chair_arenacrowd_seatbackcushion_low_linelightvisibility,88,88,2,1,BC4_UNORM,LINEAR,4840,chair_arenacrowd_seatbackcushion_low_linelightvisibility.cdcced57da6d1070.tld,True
level.SCNE,arena_clutchtime_int_master@arena_clutchtime_int_shared_layout@GameObjects@ceiling_panelslights@clutchtime_ceilingpanellight_c_2:clutchtime_ceilingpanellight_c_low,1168,1168,2,2,BC6H_UF16,LINEAR,3410560,clutchtime_ceilingpanellight_c_low.af1f82d3a54ec6d2.tld,False
level.SCNE,arena_clutchtime_int_master@arena_clutchtime_int_shared_layout@GameObjects@Prototype_arena_curtains_prototype@Prototype_arena@curtain100x20_arena_straight500c_108:curtain100x20_arena_straight500c,72,72,2,2,BC6H_UF16,LINEAR,12960,curtain100x20_arena_straight500c.f72ddedac4f69f95.tld,True
level.SCNE,arena_clutchtime_int_master@arena_clutchtime_int_shared_layout@GameObjects@mural_lights@lighting_suspendedtrack_metalb_31:lighting_suspendedtrack_metalb_low,120,120,2,2,BC6H_UF16,LINEAR,36000,lighting_suspendedtrack_metalb_low.89a96031677a5fe2.tld,True
level.SCNE,arena_clutchtime_int_master@arena_clutchtime_int_shared_layout@GameObjects@balcony_chairs@chair_arenacrowd_seatbackcushion_62:chair_arenacrowd_seatbackcushion_low,88,88,2,2,BC6H_UF16,LINEAR,19360,chair_arenacrowd_seatbackcushion_low.2b0d12465f6b1be3.tld,True
level.SCNE,arena_clutchtime_int_master@arena_clutchtime_int_shared_layout@GameObjects@ceiling_panels@clutchtime_ceilingpanel_e:clutchtime_ceilingpanel_e_low_linelightvisibility,768,768,2,1,BC4_UNORM,LINEAR,368640,clutchtime_ceilingpanel_e_low_linelightvisibility.33ba47bcda8ec47f.tld,False
level.SCNE,arena_clutchtime_int_master@arena_clutchtime_int_shared_layout@GameObjects@balcony_lights@light_ceilinga_round_6:light_ceilinga_round_low,16,16,2,2,BC6H_UF16,LINEAR,640,light_ceilinga_round_low.56371fe7d307f7ec.tld,True
level.SCNE,arena_clutchtime_int_master@arena_clutchtime_int_shared_layout@GameObjects@scorecube@clutchtime_scorecube_supportring:clutchtime_scorecube_supportring_low,1032,1032,2,2,BC6H_UF16,LINEAR,2662560,clutchtime_scorecube_supportring_low.e6a08981b7fc64e0.tld,False
level.SCNE,arena_clutchtime_int_master@arena_clutchtime_int_shared_layout@GameObjects@balcony@clutchtime_ceiling_balcony_6:clutchtime_ceiling_balcony_low,96,96,2,2,BC6H_UF16,LINEAR,23040,clutchtime_ceiling_balcony_low.a55e535a7a3e4c42.tld,True
level.SCNE,arena_clutchtime_int_master@arena_clutchtime_int_shared_layout@GameObjects@doors@door_interiorwindowb_rightdbl_0:door_interiorwindowb_rightdbl,112,112,2,2,BC6H_UF16,LINEAR,31360,door_interiorwindowb_rightdbl.a9ef3b2d06805444.tld,True
level.SCNE,arena_clutchtime_int_master@arena_clutchtime_int_shared_layout@GameObjects@Prototype_arena_curtains_prototype@Prototype_arena@curtain100x20_arena_straight500c_94:curtain100x20_arena_straight500c,72,72,2,2,BC6H_UF16,LINEAR,12960,curtain100x20_arena_straight500c.4ba3613cbe2ce8f1.tld,True
level.SCNE,pillibl_1NormalRoughness.4103e871,128,128,1,6,BC7_UNORM,LINEAR,98304,pillibl_1normalroughness.1aec8fd5a58549c8.tld,False
level.SCNE,arena_clutchtime_int_master@arena_clutchtime_int_shared_layout@GameObjects@balcony_chairs@chair_arenacrowd_seatbackcushion_112:chair_arenacrowd_seatbackcushion_low_linelightvisibility,88,88,2,1,BC4_UNORM,LINEAR,4840,chair_arenacrowd_seatbackcushion_low_linelightvisibility.cdcced57da6d1070.tld,True
level.SCNE,arena_clutchtime_int_master@arena_clutchtime_int_shared_layout@GameObjects@balcony_lights@light_ceilinga_round_53:light_ceilinga_round_low_linelightvisibility,16,16,2,1,BC4_UNORM,LINEAR,160,light_ceilinga_round_low_linelightvisibility.bbb5c16588a49e77.tld,True
level.SCNE,%databuild_art_root%/substance_library/graphs/metal_aluminium/exports/metal_aluminium_metallic.png,1,1,1,1,BC1_UNORM,LINEAR,8,metal_aluminium_metallic.a826c8daebac5b67.tld,True
level.SCNE,arena_clutchtime_int_master@arena_clutchtime_int_shared_layout@GameObjects@balcony_chairs@chair_arenacrowd_seatbackcushion_4:chair_arenacrowd_seatbackcushion_low_linelightvisibility,88,88,2,1,BC4_UNORM,LINEAR,4840,chair_arenacrowd_seatbackcushion_low_linelightvisibility.52a4de3169bc9ad0.tld,True
level.SCNE,arena_clutchtime_int_master@arena_clutchtime_int_shared_layout@GameObjects@balcony@clutchtime_balcony_a_0:clutchtime_balcony_a_low_linelightvisibility,696,696,2,1,BC4_UNORM,LINEAR,302760,clutchtime_balcony_a_low_linelightvisibility.2f589d455d4e9070.tld,False
level.SCNE,arena_clutchtime_int_master@arena_clutchtime_int_shared_layout@GameObjects@balcony_chairs@chair_arenacrowd_seatbackcushion_127:chair_arenacrowd_seatbackcushion_low_linelightvisibility,88,88,2,1,BC4_UNORM,LINEAR,4840,chair_arenacrowd_seatbackcushion_low_linelightvisibility.cdcced57da6d1070.tld,True
level.SCNE,arena_clutchtime_int_master@arena_clutchtime_int_shared_layout@GameObjects@balcony_lights@light_ceilinga_round_12:light_ceilinga_round_low_linelightvisibility,16,16,2,1,BC4_UNORM,LINEAR,160,light_ceilinga_round_low_linelightvisibility.bbb5c16588a49e77.tld,True
level.SCNE,arena_clutchtime_int_master@arena_clutchtime_int_shared_layout@GameObjects@balcony_chairs@chair_arenacrowd_seatbackcushion_71:chair_arenacrowd_seatbackcushion_low,88,88,2,2,BC6H_UF16,LINEAR,19360,chair_arenacrowd_seatbackcushion_low.a1a457bf442ebaa2.tld,True
level.SCNE,pillibl_0NormalRoughness.3604d8e7,128,128,1,6,BC7_UNORM,LINEAR,98304,pillibl_0normalroughness.fa6c51700ff26140.tld,False
level.SCNE,arena_clutchtime_int_master@arena_clutchtime_int_shared_layout@GameObjects@balcony_lights@light_ceilinga_round_24:light_ceilinga_round_low,16,16,2,2,BC6H_UF16,LINEAR,640,light_ceilinga_round_low.3248a7e26e25cc86.tld,True
level.SCNE,arena_clutchtime_int_master@arena_clutchtime_int_shared_layout@GameObjects@balcony_chairs@chair_arenacrowd_seatbackcushion_137:chair_arenacrowd_seatbackcushion_low,88,88,2,2,BC6H_UF16,LINEAR,19360,chair_arenacrowd_seatbackcushion_low.b2202dbd901ea933.tld,True
level.SCNE,arena_clutchtime_int_master@arena_clutchtime_int_shared_layout@GameObjects@clutchtimecurtainstunnels1@Prototype_arena_curtains_prototype_1@curtain100x20_arena_straight400c:curtain100x20_arena_straight400c,88,88,2,2,BC6H_UF16,LINEAR,19360,curtain100x20_arena_straight400c.26594389ff7c3c07.tld,True
level.SCNE,arena_clutchtime_int_master@arena_clutchtime_int_shared_layout@GameObjects@mural_lights@light_stage_spotlight_0:light_stage_spotlight_low,40,40,2,2,BC6H_UF16,LINEAR,4000,light_stage_spotlight_low.134f32ed714f2ccd.tld,True
level.SCNE,arena_clutchtime_int_master@arena_clutchtime_int_shared_layout@GameObjects@Prototype_arena_curtains_prototype@Prototype_arena@curtain100x20_arena_straight500c_117:curtain100x20_arena_straight500c_linelightvisibility,72,72,2,1,BC4_UNORM,LINEAR,3240,curtain100x20_arena_straight500c_linelightvisibility.2ecec2b6370d05ce.tld,True
level.SCNE,arena_clutchtime_int_master@arena_clutchtime_int_shared_layout@GameObjects@balcony_lights@light_ceilinga_round_74:light_ceilinga_round_low,16,16,2,2,BC6H_UF16,LINEAR,640,light_ceilinga_round_low.02755fb2ff30c2b4.tld,True
level.SCNE,%databuild_art_root%/substance_library/graphs/plastic_rough_base/exports/plastic_rough_base_black_basecolor.png,1,1,1,1,BC1_UNORM,,8,plastic_rough_base_black_basecolor.71bfc48cfc142916.tld,True
level.SCNE,arena_clutchtime_int_master@arena_clutchtime_int_shared_layout@GameObjects@Prototype_arena_curtains_prototype@Prototype_arena@curtain100x20_arena_straight500c_116:curtain100x20_arena_straight500c_linelightvisibility,72,72,2,1,BC4_UNORM,LINEAR,3240,curtain100x20_arena_straight500c_linelightvisibility.2ecec2b6370d05ce.tld,True
level.SCNE,%databuild_art_root%/asset_library/_generic_textures/curtain100x20_arena_straight250a_n.png,1024,1024,11,1,BC7_UNORM,NORMAL,1398128,curtain100x20_arena_straight250a_n.72d8a131fb89304b.tld,False
level.SCNE,arena_clutchtime_int_master@arena_clutchtime_int_shared_layout@GameObjects@Prototype_arena_curtains_prototype@Prototype_arena@curtain100x20_arena_straight500c_114:curtain100x20_arena_straight500c_linelightvisibility,72,72,2,1,BC4_UNORM,LINEAR,3240,curtain100x20_arena_straight500c_linelightvisibility.2ecec2b6370d05ce.tld,True
level.SCNE,arena_clutchtime_int_master@arena_clutchtime_int_shared_layout@GameObjects@balcony_chairs@chair_arenacrowd_seatbackcushion_104:chair_arenacrowd_seatbackcushion_low_linelightvisibility,88,88,2,1,BC4_UNORM,LINEAR,4840,chair_arenacrowd_seatbackcushion_low_linelightvisibility.cdcced57da6d1070.tld,True
level.SCNE,arena_clutchtime_int_master@arena_clutchtime_int_shared_layout@GameObjects@balcony_lights@light_ceilinga_round_69:light_ceilinga_round_low_linelightvisibility,16,16,2,1,BC4_UNORM,LINEAR,160,light_ceilinga_round_low_linelightvisibility.bbb5c16588a49e77.tld,True
level.SCNE,arena_clutchtime_int_master@arena_clutchtime_int_shared_layout@GameObjects@mural_lights@light_stage_spotlight_1:light_stage_spotlight_low_linelightvisibility,40,40,2,1,BC4_UNORM,LINEAR,1000,light_stage_spotlight_low_linelightvisibility.a5ad9723917caec2.tld,True
level.SCNE,arena_clutchtime_int_master@arena_clutchtime_int_shared_layout@GameObjects@Prototype_arena_curtains_prototype@Prototype_arena@curtain100x20_arena_straight500c_115:curtain100x20_arena_straight500c_linelightvisibility,72,72,2,1,BC4_UNORM,LINEAR,3240,curtain100x20_arena_straight500c_linelightvisibility.2ecec2b6370d05ce.tld,True
level.SCNE,arena_clutchtime_int_master@arena_clutchtime_int_shared_layout@GameObjects@balcony@clutchtime_ceiling_balcony_5:clutchtime_ceiling_balcony_low_linelightvisibility,96,96,2,1,BC4_UNORM,LINEAR,5760,clutchtime_ceiling_balcony_low_linelightvisibility.6ec3ec823d4adbf9.tld,True
level.SCNE,arena_clutchtime_int_master@arena_clutchtime_int_shared_layout@GameObjects@balcony_chairs@chair_arenacrowd_seatbackcushion_124:chair_arenacrowd_seatbackcushion_low,88,88,2,2,BC6H_UF16,LINEAR,19360,chair_arenacrowd_seatbackcushion_low.55cfc8d7f2555489.tld,True
level.SCNE,arena_clutchtime_int_master@arena_clutchtime_int_shared_layout@GameObjects@balcony_lights@light_ceilinga_round_28:light_ceilinga_round_low_linelightvisibility,16,16,2,1,BC4_UNORM,LINEAR,160,light_ceilinga_round_low_linelightvisibility.bbb5c16588a49e77.tld,True
level.SCNE,arena_clutchtime_int_master@arena_clutchtime_int_shared_layout@GameObjects@doors@door_interiorwindowb_rightdbl_1:door_interiorwindowb_rightdbl,112,112,2,2,BC6H_UF16,LINEAR,31360,door_interiorwindowb_rightdbl.4cfd9a86ba69fd69.tld,True
level.SCNE,arena_clutchtime_int_master@arena_clutchtime_int_shared_layout@GameObjects@doors@electrical_outlet_industrial:electircal_outlet_industrial,32,32,2,2,BC6H_UF16,LINEAR,2560,electircal_outlet_industrial.c90ec4eeb6923f2b.tld,True
level.SCNE,arena_clutchtime_int_master@arena_clutchtime_int_shared_layout@GameObjects@balcony_chairs@chair_arenacrowd_seatbackcushion_131:chair_arenacrowd_seatbackcushion_low_linelightvisibility,88,88,2,1,BC4_UNORM,LINEAR,4840,chair_arenacrowd_seatbackcushion_low_linelightvisibility.cdcced57da6d1070.tld,True
level.SCNE,arena_clutchtime_int_master@arena_clutchtime_int_shared_layout@GameObjects@balcony@clutchtime_balcony_b_1:clutchtime_balcony_b_low_linelightvisibility,584,584,2,1,BC4_UNORM,LINEAR,213160,clutchtime_balcony_b_low_linelightvisibility.e9d469f467d81ff8.tld,False
level.SCNE,arena_clutchtime_int_master@arena_clutchtime_int_shared_layout@GameObjects@balcony_chairs@chair_arenacrowd_seatbackcushion_3:chair_arenacrowd_seatbackcushion_low,88,88,2,2,BC6H_UF16,LINEAR,19360,chair_arenacrowd_seatbackcushion_low.5b531b2b0245d4ea.tld,True
level.SCNE,arena_clutchtime_int_master@arena_clutchtime_int_shared_layout@GameObjects@Prototype_arena_curtains_prototype@Prototype_arena@curtain100x20_arena_straight500c_110:curtain100x20_arena_straight500c_linelightvisibility,72,72,2,1,BC4_UNORM,LINEAR,3240,curtain100x20_arena_straight500c_linelightvisibility.2ecec2b6370d05ce.tld,True
level.SCNE,arena_clutchtime_int_master@arena_clutchtime_int_shared_layout@GameObjects@balcony@clutchtime_balcony_b_11:clutchtime_balcony_b_low,584,584,2,2,BC6H_UF16,LINEAR,852640,clutchtime_balcony_b_low.9137a37c2bba2e45.tld,False
level.SCNE,arena_clutchtime_int_master@arena_clutchtime_int_shared_layout@GameObjects@Prototype_arena_curtains_prototype@Prototype_arena_curtains_prototype_0@curtain100x20_arena_straight500c_30:curtain100x20_arena_straight500c,72,72,2,2,BC6H_UF16,LINEAR,12960,curtain100x20_arena_straight500c.35d20d3309da78fb.tld,True
level.SCNE,arena_clutchtime_int_master@GameObjects@dorna@clutchtime_court_dorna:clutchtime_court_dorna_low_linelightvisibility,352,352,2,1,BC4_UNORM,LINEAR,77440,clutchtime_court_dorna_low_linelightvisibility.e7b33983d83314a1.tld,False
level.SCNE,arena_clutchtime_int_master@arena_clutchtime_int_shared_layout@GameObjects@scorecube@clutchtime_scorecube_screensupport:clutchtime_scorecube_screensupport_low_linelightvisibility,272,272,2,1,BC4_UNORM,LINEAR,46240,clutchtime_scorecube_screensupport_low_linelightvisibility.706db385da1f0fa0.tld,True
level.SCNE,arena_clutchtime_int_master@arena_clutchtime_int_shared_layout@GameObjects@walls@clutchtime_wall_d:clutchtime_wall_d_low_linelightvisibility,768,768,2,1,BC4_UNORM,LINEAR,368640,clutchtime_wall_d_low_linelightvisibility.f937c9d7022de6d7.tld,False
level.SCNE,arena_clutchtime_int_master@arena_clutchtime_int_shared_layout@GameObjects@balcony_lights@light_ceilinga_round_86:light_ceilinga_round_low,16,16,2,2,BC6H_UF16,LINEAR,640,light_ceilinga_round_low.fc398ac3c6e5217e.tld,True
level.SCNE,arena_clutchtime_int_master@arena_clutchtime_int_shared_layout@GameObjects@balcony@clutchtime_balcony_c_2:clutchtime_balcony_c_low,640,640,2,2,BC6H_UF16,LINEAR,1024000,clutchtime_balcony_c_low.7fe3a952570f3eed.tld,False
level.SCNE,%databuild_art_root%/substance_library/graphs/metal_gold/exports/metal_gold_metallic.png,1,1,1,1,BC1_UNORM,LINEAR,8,metal_gold_metallic.a826c8daebac5b67.tld,True
level.SCNE,arena_clutchtime_int_master@arena_clutchtime_int_shared_layout@GameObjects@balcony_lights@light_ceilinga_round_53:light_ceilinga_round_low,16,16,2,2,BC6H_UF16,LINEAR,640,light_ceilinga_round_low.ca926df9ad4a03f9.tld,True
level.SCNE,arena_clutchtime_int_master@arena_clutchtime_int_shared_layout@GameObjects@Prototype_arena_curtains_prototype@Prototype_arena@curtain100x20_arena_straight500c_111:curtain100x20_arena_straight500c_linelightvisibility,72,72,2,1,BC4_UNORM,LINEAR,3240,curtain100x20_arena_straight500c_linelightvisibility.2ecec2b6370d05ce.tld,True
level.SCNE,arena_clutchtime_int_master@arena_clutchtime_int_shared_layout@GameObjects@balcony_chairs@chair_arenacrowd_seatbackcushion_102:chair_arenacrowd_seatbackcushion_low,88,88,2,2,BC6H_UF16,LINEAR,19360,chair_arenacrowd_seatbackcushion_low.f906c10d6095aead.tld,True
level.SCNE,arena_clutchtime_int_master@arena_clutchtime_int_shared_layout@GameObjects@doors@door_interiorwindowb_leftdbl_4:door_interiorwindowb_leftdbl,112,112,2,2,BC6H_UF16,LINEAR,31360,door_interiorwindowb_leftdbl.b1ac5c84625dc1e8.tld,True
level.SCNE,arena_clutchtime_int_master@arena_clutchtime_int_shared_layout@GameObjects@balcony_lights@light_ceilinga_round_34:light_ceilinga_round_low_linelightvisibility,16,16,2,1,BC4_UNORM,LINEAR,160,light_ceilinga_round_low_linelightvisibility.bbb5c16588a49e77.tld,True
level.SCNE,arena_clutchtime_int_master@arena_clutchtime_int_shared_layout@GameObjects@balcony@clutchtime_balcony_b_4:clutchtime_balcony_b_low,584,584,2,2,BC6H_UF16,LINEAR,852640,clutchtime_balcony_b_low.716941bd897161bc.tld,False
level.SCNE,arena_clutchtime_int_master@arena_clutchtime_int_shared_layout@GameObjects@ceiling_panels@clutchtime_ceilingpanel_d_1:clutchtime_ceilingpanel_d_low_linelightvisibility,768,768,2,1,BC4_UNORM,LINEAR,368640,clutchtime_ceilingpanel_d_low_linelightvisibility.33ba47bcda8ec47f.tld,False
level.SCNE,arena_clutchtime_int_master@arena_clutchtime_int_shared_layout@GameObjects@ceiling_panels@clutchtime_ceilingpanel_a_1:clutchtime_ceilingpanel_a_low_linelightvisibility,776,776,2,1,BC4_UNORM,LINEAR,376360,clutchtime_ceilingpanel_a_low_linelightvisibility.986325f0b2280183.tld,False
level.SCNE,arena_clutchtime_int_master@arena_clutchtime_int_shared_layout@GameObjects@ceiling_panelslights@clutchtime_ceilingpanellight_d:clutchtime_ceilingpanellight_d_low,1160,1160,2,2,BC6H_UF16,LINEAR,3364000,clutchtime_ceilingpanellight_d_low.1a183c2aae8efd93.tld,False
level.SCNE,arena_clutchtime_int_master@arena_clutchtime_int_shared_layout@GameObjects@balcony_chairs@chair_arenacrowd_seatbackcushion_111:chair_arenacrowd_seatbackcushion_low,88,88,2,2,BC6H_UF16,LINEAR,19360,chair_arenacrowd_seatbackcushion_low.9f30da63f9126237.tld,True
level.SCNE,arena_clutchtime_int_master@arena_clutchtime_int_shared_layout@GameObjects@balcony_chairs@chair_arenacrowd_seatbackcushion_31:chair_arenacrowd_seatbackcushion_low_linelightvisibility,88,88,2,1,BC4_UNORM,LINEAR,4840,chair_arenacrowd_seatbackcushion_low_linelightvisibility.cdcced57da6d1070.tld,True
level.SCNE,arena_clutchtime_int_master@arena_clutchtime_int_shared_layout@GameObjects@Prototype_arena_curtains_prototype@Prototype_arena@curtain100x20_arena_straight500c_113:curtain100x20_arena_straight500c_linelightvisibility,72,72,2,1,BC4_UNORM,LINEAR,3240,curtain100x20_arena_straight500c_linelightvisibility.2ecec2b6370d05ce.tld,True
level.SCNE,arena_clutchtime_int_master@GameObjects@dorna@clutchtime_court_dorna_16:clutchtime_court_dorna_low_linelightvisibility,352,352,2,1,BC4_UNORM,LINEAR,77440,clutchtime_court_dorna_low_linelightvisibility.3c7099ec01062c7f.tld,False
level.SCNE,arena_clutchtime_int_master@arena_clutchtime_int_shared_layout@GameObjects@balcony_lights@light_ceilinga_round_75:light_ceilinga_round_low_linelightvisibility,16,16,2,1,BC4_UNORM,LINEAR,160,light_ceilinga_round_low_linelightvisibility.bbb5c16588a49e77.tld,True
level.SCNE,arena_clutchtime_int_master@arena_clutchtime_int_shared_layout@GameObjects@Prototype_arena_curtains_prototype@Prototype_arena@curtain100x20_arena_straight500c_112:curtain100x20_arena_straight500c_linelightvisibility,72,72,2,1,BC4_UNORM,LINEAR,3240,curtain100x20_arena_straight500c_linelightvisibility.2ecec2b6370d05ce.tld,True
level.SCNE,arena_clutchtime_int_master@arena_clutchtime_int_shared_layout@GameObjects@ceiling_panelslights@clutchtime_ceilingpanellight_b_5:clutchtime_ceilingpanellight_b_low_linelightvisibility,1272,1272,2,1,BC4_UNORM,LINEAR,1011240,clutchtime_ceilingpanellight_b_low_linelightvisibility.670587e2458e6b68.tld,False
level.SCNE,arena_clutchtime_int_master@arena_clutchtime_int_shared_layout@GameObjects@mural_lights@lighting_suspendedtrack_metalb_19:lighting_suspendedtrack_metalb_low_linelightvisibility,120,120,2,1,BC4_UNORM,LINEAR,9000,lighting_suspendedtrack_metalb_low_linelightvisibility.4294ff82d381bc41.tld,True
level.SCNE,arena_clutchtime_int_master@arena_clutchtime_int_shared_layout@GameObjects@Prototype_arena_curtains_prototype@Prototype_arena_curtains_prototype_0@curtain100x20_arena_straight500c_40:curtain100x20_arena_straight500c,72,72,2,2,BC6H_UF16,LINEAR,12960,curtain100x20_arena_straight500c.3890309dc37597c4.tld,True
level.SCNE,arena_clutchtime_int_master@arena_clutchtime_int_shared_layout@GameObjects@ceiling_panelslights@clutchtime_ceilingpanellight_a:clutchtime_ceilingpanellight_a_low_linelightvisibility,1200,1200,2,1,BC4_UNORM,LINEAR,900000,clutchtime_ceilingpanellight_a_low_linelightvisibility.3a1373a98a6f9cf0.tld,False
level.SCNE,arena_clutchtime_int_master@arena_clutchtime_int_shared_layout@GameObjects@balcony_chairs@chair_arenacrowd_seatbackcushion_96:chair_arenacrowd_seatbackcushion_low_linelightvisibility,88,88,2,1,BC4_UNORM,LINEAR,4840,chair_arenacrowd_seatbackcushion_low_linelightvisibility.cdcced57da6d1070.tld,True
level.SCNE,arena_clutchtime_int_master@arena_clutchtime_int_shared_layout@GameObjects@Prototype_arena_curtains_prototype@Prototype_arena_curtains_prototype_0@curtain100x20_arena_straight500c_47:curtain100x20_arena_straight500c,72,72,2,2,BC6H_UF16,LINEAR,12960,curtain100x20_arena_straight500c.fb8686151c0abadc.tld,True
level.SCNE,arena_clutchtime_int_master@arena_clutchtime_int_shared_layout@GameObjects@balcony_chairs@chair_arenacrowd_seatbackcushion_36:chair_arenacrowd_seatbackcushion_low,88,88,2,2,BC6H_UF16,LINEAR,19360,chair_arenacrowd_seatbackcushion_low.8e9903648566631c.tld,True
level.SCNE,arena_clutchtime_int_master@arena_clutchtime_int_shared_layout@GameObjects@Prototype_arena_curtains_prototype@Prototype_arena_curtains_prototype_0@curtain100x20_arena_straight500c_48:curtain100x20_arena_straight500c,72,72,2,2,BC6H_UF16,LINEAR,12960,curtain100x20_arena_straight500c.d48737aa4fcb9bed.tld,True
level.SCNE,arena_clutchtime_int_master@arena_clutchtime_int_shared_layout@GameObjects@balcony_lights@light_ceilinga_round_77:light_ceilinga_round_low_linelightvisibility,16,16,2,1,BC4_UNORM,LINEAR,160,light_ceilinga_round_low_linelightvisibility.bbb5c16588a49e77.tld,True
level.SCNE,arena_clutchtime_int_master@arena_clutchtime_int_shared_layout@GameObjects@balcony_chairs@chair_arenacrowd_seatbackcushion_49:chair_arenacrowd_seatbackcushion_low_linelightvisibility,88,88,2,1,BC4_UNORM,LINEAR,4840,chair_arenacrowd_seatbackcushion_low_linelightvisibility.cdcced57da6d1070.tld,True
level.SCNE,arena_clutchtime_int_master@arena_clutchtime_int_shared_layout@GameObjects@doors@sign_exit_generic_8:sign_exit_generic_linelightvisibility,24,24,2,1,BC4_UNORM,LINEAR,360,sign_exit_generic_linelightvisibility.bff29216041431a6.tld,True
level.SCNE,arena_clutchtime_int_master@arena_clutchtime_int_shared_layout@GameObjects@balcony_lights@light_ceilinga_round_36:light_ceilinga_round_low_linelightvisibility,16,16,2,1,BC4_UNORM,LINEAR,160,light_ceilinga_round_low_linelightvisibility.bbb5c16588a49e77.tld,True
level.SCNE,arena_clutchtime_int_master@arena_clutchtime_int_shared_layout@GameObjects@balcony_lights@light_ceilinga_round_39:light_ceilinga_round_low,16,16,2,2,BC6H_UF16,LINEAR,640,light_ceilinga_round_low.8fe59a3452e30f41.tld,True
level.SCNE,arena_clutchtime_int_master@arena_clutchtime_int_shared_layout@GameObjects@mural_lights@lighting_suspendedtrack_metalb_23:lighting_suspendedtrack_metalb_low_linelightvisibility,120,120,2,1,BC4_UNORM,LINEAR,9000,lighting_suspendedtrack_metalb_low_linelightvisibility.4294ff82d381bc41.tld,True
level.SCNE,arena_clutchtime_int_master@arena_clutchtime_int_shared_layout@GameObjects@Prototype_arena_curtains_prototype@Prototype_arena@curtain100x20_arena_straight500c_122:curtain100x20_arena_straight500c,72,72,2,2,BC6H_UF16,LINEAR,12960,curtain100x20_arena_straight500c.1c6ab64535052071.tld,True
level.SCNE,arena_clutchtime_int_master@arena_clutchtime_int_shared_layout@GameObjects@ceiling_panelslights@clutchtime_ceilingpanellight_c_0:clutchtime_ceilingpanellight_c_low,1168,1168,2,2,BC6H_UF16,LINEAR,3410560,clutchtime_ceilingpanellight_c_low.df06e3de4bd8c768.tld,False
level.SCNE,arena_clutchtime_int_master@arena_clutchtime_int_shared_layout@GameObjects@balcony_chairs@chair_arenacrowd_seatbackcushion_23:chair_arenacrowd_seatbackcushion_low_linelightvisibility,88,88,2,1,BC4_UNORM,LINEAR,4840,chair_arenacrowd_seatbackcushion_low_linelightvisibility.30148d02791f09ec.tld,True
level.SCNE,arena_clutchtime_int_master@arena_clutchtime_int_shared_layout@GameObjects@mural_lights@lighting_suspendedtrack_metalb_33:lighting_suspendedtrack_metalb_low,120,120,2,2,BC6H_UF16,LINEAR,36000,lighting_suspendedtrack_metalb_low.b733b1297d9c5881.tld,True
level.SCNE,arena_clutchtime_int_master@arena_clutchtime_int_shared_layout@GameObjects@Prototype_arena_curtains_prototype@Prototype_arena_curtains_prototype_0@curtain100x20_arena_straight500c_37:curtain100x20_arena_straight500c,72,72,2,2,BC6H_UF16,LINEAR,12960,curtain100x20_arena_straight500c.742c7ec2b9aba6a5.tld,True
level.SCNE,arena_clutchtime_int_master@arena_clutchtime_int_shared_layout@GameObjects@balcony_chairs@chair_arenacrowd_seatbackcushion_84:chair_arenacrowd_seatbackcushion_low_linelightvisibility,88,88,2,1,BC4_UNORM,LINEAR,4840,chair_arenacrowd_seatbackcushion_low_linelightvisibility.cdcced57da6d1070.tld,True
level.SCNE,arena_clutchtime_int_master@arena_clutchtime_int_shared_layout@GameObjects@balcony_chairs@chair_arenacrowd_seatbackcushion_25:chair_arenacrowd_seatbackcushion_low,88,88,2,2,BC6H_UF16,LINEAR,19360,chair_arenacrowd_seatbackcushion_low.3414b3d3b991efb3.tld,True
level.SCNE,arena_clutchtime_int_master@arena_clutchtime_int_shared_layout@GameObjects@balcony_chairs@chair_arenacrowd_seatbackcushion_16:chair_arenacrowd_seatbackcushion_low_linelightvisibility,88,88,2,1,BC4_UNORM,LINEAR,4840,chair_arenacrowd_seatbackcushion_low_linelightvisibility.0915194954e6bf53.tld,True
level.SCNE,arena_clutchtime_int_master@arena_clutchtime_int_shared_layout@GameObjects@mural_lights@lighting_suspendedtrack_metalb:lighting_suspendedtrack_metalb_low_linelightvisibility,120,120,2,1,BC4_UNORM,LINEAR,9000,lighting_suspendedtrack_metalb_low_linelightvisibility.4294ff82d381bc41.tld,True
level.SCNE,arena_clutchtime_int_master@arena_clutchtime_int_shared_layout@GameObjects@balcony@clutchtime_balcony_railing_7:clutchtime_balcony_railing_low,104,104,2,2,BC6H_UF16,LINEAR,27040,clutchtime_balcony_railing_low.166a4531a85224ff.tld,True
level.SCNE,arena_clutchtime_int_master@arena_clutchtime_int_shared_layout@GameObjects@mural_lights@lighting_suspendedtrack_metalb_29:lighting_suspendedtrack_metalb_low,120,120,2,2,BC6H_UF16,LINEAR,36000,lighting_suspendedtrack_metalb_low.4e4bef01b9bf0145.tld,True
level.SCNE,arena_clutchtime_int_master@arena_clutchtime_int_shared_layout@GameObjects@ceiling_panelslights@clutchtime_ceilingpanellight_e_4:clutchtime_ceilingpanellight_e_low_linelightvisibility,1168,1168,2,1,BC4_UNORM,LINEAR,852640,clutchtime_ceilingpanellight_e_low_linelightvisibility.505e2605f407e5fa.tld,False
level.SCNE,arena_clutchtime_int_master@arena_clutchtime_int_shared_layout@GameObjects@Prototype_arena_curtains_prototype@Prototype_arena_curtains_prototype_0@curtain100x20_arena_straight500c_38:curtain100x20_arena_straight500c,72,72,2,2,BC6H_UF16,LINEAR,12960,curtain100x20_arena_straight500c.82988d1eb906d5e3.tld,True
level.SCNE,arena_clutchtime_int_master@arena_clutchtime_int_shared_layout@GameObjects@ceiling@clutchtime_ceiling_c:clutchtime_ceiling_c_low_linelightvisibility,1120,1120,2,1,BC4_UNORM,LINEAR,784000,clutchtime_ceiling_c_low_linelightvisibility.51db5252743aaa5a.tld,False
level.SCNE,arena_clutchtime_int_master@arena_clutchtime_int_shared_layout@GameObjects@balcony@clutchtime_balcony_b_3:clutchtime_balcony_b_low_linelightvisibility,584,584,2,1,BC4_UNORM,LINEAR,213160,clutchtime_balcony_b_low_linelightvisibility.a9e3bd16c6faf7de.tld,False
level.SCNE,arena_clutchtime_int_master@arena_clutchtime_int_shared_layout@GameObjects@ceiling@clutchtime_ceiling_c_0:clutchtime_ceiling_c_low,1120,1120,2,2,BC6H_UF16,LINEAR,3136000,clutchtime_ceiling_c_low.ce1cfb658abc2b66.tld,False
level.SCNE,NormalAndRoughMap#8409c4aa_1443,1024,1024,11,1,BC7_UNORM,LINEAR,1398128,normalandroughmap.747e53edfeb25979.tld,False
level.SCNE,arena_clutchtime_int_master@arena_clutchtime_int_shared_layout@GameObjects@mural_lights@lighting_suspendedtrack_metalb_32:lighting_suspendedtrack_metalb_low_linelightvisibility,120,120,2,1,BC4_UNORM,LINEAR,9000,lighting_suspendedtrack_metalb_low_linelightvisibility.4294ff82d381bc41.tld,True
level.SCNE,arena_clutchtime_int_master@arena_clutchtime_int_shared_layout@GameObjects@balcony@clutchtime_balcony_railing_13:clutchtime_balcony_railing_low_linelightvisibility,104,104,2,1,BC4_UNORM,LINEAR,6760,clutchtime_balcony_railing_low_linelightvisibility.415df97535cc75a1.tld,True
level.SCNE,arena_clutchtime_int_master@arena_clutchtime_int_shared_layout@GameObjects@balcony_chairs@chair_arenacrowd_seatbackcushion_149:chair_arenacrowd_seatbackcushion_low_linelightvisibility,88,88,2,1,BC4_UNORM,LINEAR,4840,chair_arenacrowd_seatbackcushion_low_linelightvisibility.8552d467d8a8dae2.tld,True
level.SCNE,arena_clutchtime_int_master@arena_clutchtime_int_shared_layout@GameObjects@doors@doorframe_interiorhingeless_double_0:doorframe_interiorhingeless_double_low,104,104,2,2,BC6H_UF16,LINEAR,27040,doorframe_interiorhingeless_double_low.6d1cdd559775f113.tld,True
level.SCNE,arena_clutchtime_int_master@arena_clutchtime_int_shared_layout@GameObjects@clutchtimecurtainstunnels1@Prototype_arena_curtains_prototype_1@curtain100x20_arena_straight400c:curtain100x20_arena_straight400c_linelightvisibility,88,88,2,1,BC4_UNORM,LINEAR,4840,curtain100x20_arena_straight400c_linelightvisibility.cdcced57da6d1070.tld,True
level.SCNE,arena_clutchtime_int_master@arena_clutchtime_int_shared_layout@GameObjects@balcony_lights@light_ceilinga_round_27:light_ceilinga_round_low,16,16,2,2,BC6H_UF16,LINEAR,640,light_ceilinga_round_low.9887ef373e2089e1.tld,True
level.SCNE,arena_clutchtime_int_master@arena_clutchtime_int_shared_layout@GameObjects@balcony_chairs@chair_arenacrowd_seatbackcushion_116:chair_arenacrowd_seatbackcushion_low_linelightvisibility,88,88,2,1,BC4_UNORM,LINEAR,4840,chair_arenacrowd_seatbackcushion_low_linelightvisibility.cdcced57da6d1070.tld,True
level.SCNE,arena_clutchtime_int_master@arena_clutchtime_int_shared_layout@GameObjects@stands@clutchtime_stands_tunnel:clutchtime_stands_tunnel_low,288,288,2,2,BC6H_UF16,LINEAR,207360,clutchtime_stands_tunnel_low.dddd013e49b05d37.tld,False
level.SCNE,arena_clutchtime_int_master@arena_clutchtime_int_shared_layout@GameObjects@balcony_chairs@chair_arenacrowd_seatbackcushion_10:chair_arenacrowd_seatbackcushion_low,88,88,2,2,BC6H_UF16,LINEAR,19360,chair_arenacrowd_seatbackcushion_low.790d16e416350fec.tld,True
level.SCNE,arena_clutchtime_int_master@arena_clutchtime_int_shared_layout@GameObjects@balcony_chairs@chair_arenacrowd_seatbackcushion_8:chair_arenacrowd_seatbackcushion_low,88,88,2,2,BC6H_UF16,LINEAR,19360,chair_arenacrowd_seatbackcushion_low.94a513e1d1b7bdef.tld,True
level.SCNE,arena_clutchtime_int_master@arena_clutchtime_int_shared_layout@GameObjects@balcony_chairs@chair_arenacrowd_seatbackcushion_0:chair_arenacrowd_seatbackcushion_low_linelightvisibility,88,88,2,1,BC4_UNORM,LINEAR,4840,chair_arenacrowd_seatbackcushion_low_linelightvisibility.e85b75ad9867bac6.tld,True
level.SCNE,arena_clutchtime_int_master@arena_clutchtime_int_shared_layout@GameObjects@stands@clutchtime_stair_3step_12:clutchtime_stair_3step_low_linelightvisibility,80,80,2,1,BC4_UNORM,LINEAR,4000,clutchtime_stair_3step_low_linelightvisibility.e459a7044e5be3c6.tld,True
level.SCNE,arena_clutchtime_int_master@arena_clutchtime_int_shared_layout@GameObjects@balcony_lights@light_ceilinga_round_5:light_ceilinga_round_low,16,16,2,2,BC6H_UF16,LINEAR,640,light_ceilinga_round_low.6671fe0b5eaca880.tld,True
level.SCNE,arena_clutchtime_int_master@arena_clutchtime_int_shared_layout@GameObjects@ceiling_panels@clutchtime_ceilingpanel_b_3:clutchtime_ceilingpanel_b_low_linelightvisibility,776,776,2,1,BC4_UNORM,LINEAR,376360,clutchtime_ceilingpanel_b_low_linelightvisibility.986325f0b2280183.tld,False
level.SCNE,arena_clutchtime_int_master@arena_clutchtime_int_shared_layout@GameObjects@balcony_chairs@chair_arenacrowd_seatbackcushion_109:chair_arenacrowd_seatbackcushion_low,88,88,2,2,BC6H_UF16,LINEAR,19360,chair_arenacrowd_seatbackcushion_low.5e65b5d5b6d96ce4.tld,True
level.SCNE,arena_clutchtime_int_master@arena_clutchtime_int_shared_layout@GameObjects@balcony_chairs@chair_arenacrowd_seatbackcushion_123:chair_arenacrowd_seatbackcushion_low_linelightvisibility,88,88,2,1,BC4_UNORM,LINEAR,4840,chair_arenacrowd_seatbackcushion_low_linelightvisibility.cdcced57da6d1070.tld,True
level.SCNE,arena_clutchtime_int_master@arena_clutchtime_int_shared_layout@GameObjects@stands@clutchtime_stair_3step:clutchtime_stair_3step_low_linelightvisibility,80,80,2,1,BC4_UNORM,LINEAR,4000,clutchtime_stair_3step_low_linelightvisibility.bc6cada6e5709497.tld,True
level.SCNE,arena_clutchtime_int_master@arena_clutchtime_int_shared_layout@GameObjects@ceiling_panelslights@clutchtime_ceilingpanellight_a_4:clutchtime_ceilingpanellight_a_low_linelightvisibility,1200,1200,2,1,BC4_UNORM,LINEAR,900000,clutchtime_ceilingpanellight_a_low_linelightvisibility.3a1373a98a6f9cf0.tld,False
level.SCNE,arena_clutchtime_int_master@GameObjects@dorna@clutchtime_court_dornacorner_0:clutchtime_court_dornacorner_low_linelightvisibility,480,480,2,1,BC4_UNORM,LINEAR,144000,clutchtime_court_dornacorner_low_linelightvisibility.28f14c86e91700ca.tld,False
level.SCNE,arena_clutchtime_int_master@arena_clutchtime_int_shared_layout@GameObjects@balcony@clutchtime_balcony_a_2:clutchtime_balcony_a_low_linelightvisibility,696,696,2,1,BC4_UNORM,LINEAR,302760,clutchtime_balcony_a_low_linelightvisibility.2f589d455d4e9070.tld,False
level.SCNE,arena_clutchtime_int_master@arena_clutchtime_int_shared_layout@GameObjects@balcony_lights@light_ceilinga_round_10:light_ceilinga_round_low_linelightvisibility,16,16,2,1,BC4_UNORM,LINEAR,160,light_ceilinga_round_low_linelightvisibility.bbb5c16588a49e77.tld,True
level.SCNE,arena_clutchtime_int_master@arena_clutchtime_int_shared_layout@GameObjects@doors@door_interiorwindowb_leftdbl_5:door_interiorwindowb_leftdbl_linelightvisibility,112,112,2,1,BC4_UNORM,LINEAR,7840,door_interiorwindowb_leftdbl_linelightvisibility.726f2c08afd99930.tld,True
level.SCNE,arena_clutchtime_int_master@arena_clutchtime_int_shared_layout@GameObjects@balcony_chairs@chair_arenacrowd_seatbackcushion_97:chair_arenacrowd_seatbackcushion_low,88,88,2,2,BC6H_UF16,LINEAR,19360,chair_arenacrowd_seatbackcushion_low.086a4d4fc9bd7e15.tld,True
level.SCNE,arena_clutchtime_int_master@GameObjects@dorna@clutchtime_court_dornacorner_1:clutchtime_court_dornacorner_low_linelightvisibility,480,480,2,1,BC4_UNORM,LINEAR,144000,clutchtime_court_dornacorner_low_linelightvisibility.0aca187e07fc1c8c.tld,False
level.SCNE,arena_clutchtime_int_master@arena_clutchtime_int_shared_layout@GameObjects@Prototype_arena_curtains_prototype@Prototype_arena@curtain100x20_arena_straight500c_190:curtain100x20_arena_straight500c,72,72,2,2,BC6H_UF16,LINEAR,12960,curtain100x20_arena_straight500c.bc640675a4feef50.tld,True
level.SCNE,arena_clutchtime_int_master@arena_clutchtime_int_shared_layout@GameObjects@walls@clutchtime_wall_corner_0:clutchtime_wall_corner_low_linelightvisibility,256,256,2,1,BC4_UNORM,LINEAR,40960,clutchtime_wall_corner_low_linelightvisibility.427b3cf8baddd8ba.tld,True
level.SCNE,arena_clutchtime_int_master@GameObjects@dorna@clutchtime_court_dorna_12:clutchtime_court_dorna_low_linelightvisibility,352,352,2,1,BC4_UNORM,LINEAR,77440,clutchtime_court_dorna_low_linelightvisibility.baf2801d8fe60daa.tld,False
level.SCNE,%databuild_art_root%/substance_library/graphs/cloth_cotton/exports/cloth_cotton_basecolor.png,512,512,10,1,BC1_UNORM,,174776,cloth_cotton_basecolor.7220c03a84340977.tld,False
level.SCNE,arena_clutchtime_int_master@arena_clutchtime_int_shared_layout@GameObjects@balcony_chairs@chair_arenacrowd_seatbackcushion_156:chair_arenacrowd_seatbackcushion_low,88,88,2,2,BC6H_UF16,LINEAR,19360,chair_arenacrowd_seatbackcushion_low.3494b796312ee700.tld,True
level.SCNE,arena_clutchtime_int_master@arena_clutchtime_int_shared_layout@GameObjects@balcony_lights@light_ceilinga_round_51:light_ceilinga_round_low_linelightvisibility,16,16,2,1,BC4_UNORM,LINEAR,160,light_ceilinga_round_low_linelightvisibility.bbb5c16588a49e77.tld,True
level.SCNE,%databuild_art_root%/asset_library/_generic_textures/door_modular_accessories_a.tga,512,512,10,1,BC1_UNORM,,174776,door_modular_accessories_a.927842abcaccf75c.tld,False
level.SCNE,arena_clutchtime_int_master@arena_clutchtime_int_shared_layout@GameObjects@Prototype_arena_curtains_prototype@Prototype_arena@curtain100x20_arena_straight500c_93:curtain100x20_arena_straight500c,72,72,2,2,BC6H_UF16,LINEAR,12960,curtain100x20_arena_straight500c.eaf8a9539bb19099.tld,True
level.SCNE,arena_clutchtime_int_master@arena_clutchtime_int_shared_layout@GameObjects@balcony_lights@light_ceilinga_round_77:light_ceilinga_round_low,16,16,2,2,BC6H_UF16,LINEAR,640,light_ceilinga_round_low.70a3b8904a424a04.tld,True
level.SCNE,arena_clutchtime_int_master@arena_clutchtime_int_shared_layout@GameObjects@balcony_chairs@chair_arenacrowd_seatbackcushion_84:chair_arenacrowd_seatbackcushion_low,88,88,2,2,BC6H_UF16,LINEAR,19360,chair_arenacrowd_seatbackcushion_low.8572ce5a7ca507b2.tld,True
level.SCNE,arena_clutchtime_int_master@arena_clutchtime_int_shared_layout@GameObjects@balcony@clutchtime_balcony_railing_0:clutchtime_balcony_railing_low_linelightvisibility,104,104,2,1,BC4_UNORM,LINEAR,6760,clutchtime_balcony_railing_low_linelightvisibility.415df97535cc75a1.tld,True
level.SCNE,NormalAndRoughMap#c7e2d483_1751,512,512,10,1,BC7_UNORM,LINEAR,349552,normalandroughmap.38208933eaee6b96.tld,False
level.SCNE,arena_clutchtime_int_master@arena_clutchtime_int_shared_layout@GameObjects@balcony_chairs@chair_arenacrowd_seatbackcushion_100:chair_arenacrowd_seatbackcushion_low_linelightvisibility,88,88,2,1,BC4_UNORM,LINEAR,4840,chair_arenacrowd_seatbackcushion_low_linelightvisibility.cdcced57da6d1070.tld,True
level.SCNE,arena_clutchtime_int_master@arena_clutchtime_int_shared_layout@GameObjects@balcony_chairs@chair_arenacrowd_seatbackcushion_145:chair_arenacrowd_seatbackcushion_low,88,88,2,2,BC6H_UF16,LINEAR,19360,chair_arenacrowd_seatbackcushion_low.ebed0585a7dd3067.tld,True
level.SCNE,court_pillibl_1.55b4b6eb,128,128,6,6,BC6H_UF16,LINEAR,131040,court_pillibl_1.a9bcb1c849cab332.tld,False
level.SCNE,arena_clutchtime_int_master@arena_clutchtime_int_shared_layout@GameObjects@ceiling_panelslights@clutchtime_ceilingpanellight_d_5:clutchtime_ceilingpanellight_d_low,1160,1160,2,2,BC6H_UF16,LINEAR,3364000,clutchtime_ceilingpanellight_d_low.0d29d951eb5ec6ea.tld,False
level.SCNE,arena_clutchtime_int_master@arena_clutchtime_int_shared_layout@GameObjects@doors@doorframe_interiorhingeless_double_5:doorframe_interiorhingeless_double_low_linelightvisibility,104,104,2,1,BC4_UNORM,LINEAR,6760,doorframe_interiorhingeless_double_low_linelightvisibility.415df97535cc75a1.tld,True
level.SCNE,arena_clutchtime_int_master@GameObjects@dorna@clutchtime_court_dornacorner_2:clutchtime_court_dornacorner_low_linelightvisibility,480,480,2,1,BC4_UNORM,LINEAR,144000,clutchtime_court_dornacorner_low_linelightvisibility.5febbeeb795a964f.tld,False
level.SCNE,arena_clutchtime_int_master@arena_clutchtime_int_shared_layout@GameObjects@balcony_chairs@chair_arenacrowd_seatbackcushion_135:chair_arenacrowd_seatbackcushion_low_linelightvisibility,88,88,2,1,BC4_UNORM,LINEAR,4840,chair_arenacrowd_seatbackcushion_low_linelightvisibility.c656307f9f703381.tld,True
level.SCNE,arena_clutchtime_int_master@arena_clutchtime_int_shared_layout@GameObjects@balcony@clutchtime_balcony_b_7:clutchtime_balcony_b_low,584,584,2,2,BC6H_UF16,LINEAR,852640,clutchtime_balcony_b_low.79463d360c5ccbe5.tld,False
level.SCNE,%databuild_art_root%/asset_library/electrical_switch_double/texture/eletrical_switch_double_metallic.png,1,1,1,1,BC1_UNORM,LINEAR,8,eletrical_switch_double_metallic.eae93d8a48caf113.tld,True
level.SCNE,arena_clutchtime_int_master@arena_clutchtime_int_shared_layout@GameObjects@doors@door_interiorwindowb_leftdbl_0:door_interiorwindowb_leftdbl,112,112,2,2,BC6H_UF16,LINEAR,31360,door_interiorwindowb_leftdbl.d4f15cf796067a07.tld,True
level.SCNE,arena_clutchtime_int_master@arena_clutchtime_int_shared_layout@GameObjects@Prototype_arena_curtains_prototype@Prototype_arena@curtain100x20_arena_straight500c_73:curtain100x20_arena_straight500c,72,72,2,2,BC6H_UF16,LINEAR,12960,curtain100x20_arena_straight500c.e7b0c03ee6c3d157.tld,True
level.SCNE,arena_clutchtime_int_master@arena_clutchtime_int_shared_layout@GameObjects@Prototype_arena_curtains_prototype@Prototype_arena_curtains_prototype_0@curtain100x20_arena_straight500c_133:curtain100x20_arena_straight500c,72,72,2,2,BC6H_UF16,LINEAR,12960,curtain100x20_arena_straight500c.90f6df582cff344f.tld,True
level.SCNE,arena_clutchtime_int_master@arena_clutchtime_int_shared_layout@GameObjects@clutchtimecurtainstunnels1@Prototype_arena_curtains_prototype_2@curtain100x20_arena_straight400c_10:curtain100x20_arena_straight400c,88,88,2,2,BC6H_UF16,LINEAR,19360,curtain100x20_arena_straight400c.ee9b85f91736d4bc.tld,True
level.SCNE,arena_clutchtime_int_master@arena_clutchtime_int_shared_layout@GameObjects@clutchtimecurtainstunnels1@Prototype_arena_curtains_prototype_1@curtain100x20_arena_straight400c_4:curtain100x20_arena_straight400c,88,88,2,2,BC6H_UF16,LINEAR,19360,curtain100x20_arena_straight400c.a8b4df62620c2f84.tld,True
level.SCNE,arena_clutchtime_int_master@arena_clutchtime_int_shared_layout@GameObjects@Prototype_arena_curtains_prototype@Prototype_arena@curtain100x20_arena_straight500c_100:curtain100x20_arena_straight500c,72,72,2,2,BC6H_UF16,LINEAR,12960,curtain100x20_arena_straight500c.622f2b6801b15c8f.tld,True
level.SCNE,NormalAndRoughMap#3ce35d38_1646,256,256,9,1,BC7_UNORM,LINEAR,87408,normalandroughmap.6ebf5619434f163e.tld,False
level.SCNE,arena_clutchtime_int_master@arena_clutchtime_int_shared_layout@GameObjects@ceiling_panels@clutchtime_ceilingpanel_c_5:clutchtime_ceilingpanel_c_low_linelightvisibility,776,776,2,1,BC4_UNORM,LINEAR,376360,clutchtime_ceilingpanel_c_low_linelightvisibility.986325f0b2280183.tld,False
level.SCNE,arena_clutchtime_int_master@arena_clutchtime_int_shared_layout@GameObjects@ceiling_panels@clutchtime_ceilingpanel_f_5:clutchtime_ceilingpanel_f_low_linelightvisibility,864,864,2,1,BC4_UNORM,LINEAR,466560,clutchtime_ceilingpanel_f_low_linelightvisibility.f3e2eb4adb2bf882.tld,False
level.SCNE,arena_clutchtime_int_master@arena_clutchtime_int_shared_layout@GameObjects@ceiling_panelslights@clutchtime_ceilingpanellight_c_4:clutchtime_ceilingpanellight_c_low_linelightvisibility,1168,1168,2,1,BC4_UNORM,LINEAR,852640,clutchtime_ceilingpanellight_c_low_linelightvisibility.505e2605f407e5fa.tld,False
level.SCNE,arena_clutchtime_int_master@arena_clutchtime_int_shared_layout@GameObjects@balcony@clutchtime_balcony_b_12:clutchtime_balcony_b_low,584,584,2,2,BC6H_UF16,LINEAR,852640,clutchtime_balcony_b_low.c2a4496917937df3.tld,False
level.SCNE,arena_clutchtime_int_master@arena_clutchtime_int_shared_layout@GameObjects@Prototype_arena_curtains_prototype@Prototype_arena_curtains_prototype_0@curtain100x20_arena_straight500c_15:curtain100x20_arena_straight500c,72,72,2,2,BC6H_UF16,LINEAR,12960,curtain100x20_arena_straight500c.7bb9bf7ed9fa00be.tld,True
level.SCNE,arena_clutchtime_int_master@arena_clutchtime_int_shared_layout@GameObjects@balcony_lights@light_ceilinga_round_69:light_ceilinga_round_low,16,16,2,2,BC6H_UF16,LINEAR,640,light_ceilinga_round_low.e83e8824ed0111bd.tld,True
level.SCNE,pillibl_2Emissive.d80ab9cb,128,128,1,6,BC6H_UF16,LINEAR,98304,pillibl_2emissive.4dd9a31a1e0fdd51.tld,False
level.SCNE,arena_clutchtime_int_master@arena_clutchtime_int_shared_layout@GameObjects@mural_lights@lighting_suspendedtrack_metalb_10:lighting_suspendedtrack_metalb_low_linelightvisibility,120,120,2,1,BC4_UNORM,LINEAR,9000,lighting_suspendedtrack_metalb_low_linelightvisibility.4294ff82d381bc41.tld,True
level.SCNE,arena_clutchtime_int_master@arena_clutchtime_int_shared_layout@GameObjects@balcony_chairs@chair_arenacrowd_seatbackcushion_69:chair_arenacrowd_seatbackcushion_low,88,88,2,2,BC6H_UF16,LINEAR,19360,chair_arenacrowd_seatbackcushion_low.7a47850c6f4496ab.tld,True
level.SCNE,arena_clutchtime_int_master@arena_clutchtime_int_shared_layout@GameObjects@balcony_chairs@chair_arenacrowd_seatbackcushion_35:chair_arenacrowd_seatbackcushion_low_linelightvisibility,88,88,2,1,BC4_UNORM,LINEAR,4840,chair_arenacrowd_seatbackcushion_low_linelightvisibility.cdcced57da6d1070.tld,True
level.SCNE,arena_clutchtime_int_master@arena_clutchtime_int_shared_layout@GameObjects@balcony_lights@light_ceilinga_round_85:light_ceilinga_round_low,16,16,2,2,BC6H_UF16,LINEAR,640,light_ceilinga_round_low.2bb31979f973b76b.tld,True
level.SCNE,arena_clutchtime_int_master@arena_clutchtime_int_shared_layout@GameObjects@balcony@clutchtime_balcony_c_1:clutchtime_balcony_c_low,640,640,2,2,BC6H_UF16,LINEAR,1024000,clutchtime_balcony_c_low.9e479d910e390bfc.tld,False
level.SCNE,arena_clutchtime_int_master@arena_clutchtime_int_shared_layout@GameObjects@balcony_lights@light_ceilinga_round_2:light_ceilinga_round_low_linelightvisibility,16,16,2,1,BC4_UNORM,LINEAR,160,light_ceilinga_round_low_linelightvisibility.bbb5c16588a49e77.tld,True
level.SCNE,arena_clutchtime_int_master@arena_clutchtime_int_shared_layout@GameObjects@mural_lights@lighting_suspendedtrack_metalb_7:lighting_suspendedtrack_metalb_low_linelightvisibility,120,120,2,1,BC4_UNORM,LINEAR,9000,lighting_suspendedtrack_metalb_low_linelightvisibility.4294ff82d381bc41.tld,True
level.SCNE,arena_clutchtime_int_master@arena_clutchtime_int_shared_layout@GameObjects@balcony_chairs@chair_arenacrowd_seatbackcushion_92:chair_arenacrowd_seatbackcushion_low_linelightvisibility,88,88,2,1,BC4_UNORM,LINEAR,4840,chair_arenacrowd_seatbackcushion_low_linelightvisibility.cdcced57da6d1070.tld,True
level.SCNE,arena_clutchtime_int_master@GameObjects@dorna@clutchtime_court_dornaend:clutchtime_court_dornaend_low_linelightvisibility,104,104,2,1,BC4_UNORM,LINEAR,6760,clutchtime_court_dornaend_low_linelightvisibility.32c5bf5f8569267d.tld,True
level.SCNE,arena_clutchtime_int_master@arena_clutchtime_int_shared_layout@GameObjects@Prototype_arena_curtains_prototype@Prototype_arena_curtains_prototype_0@curtain100x20_arena_straight500c_143:curtain100x20_arena_straight500c,72,72,2,2,BC6H_UF16,LINEAR,12960,curtain100x20_arena_straight500c.8745842082532c97.tld,True
level.SCNE,%databuild_art_root%/asset_library/box_electrical_commerciala/texture/box_electrical_commerciala_mat_c.png,1024,1024,11,1,BC1_UNORM,,699064,box_electrical_commerciala_mat_c.572899059f999215.tld,False
level.SCNE,arena_clutchtime_int_master@arena_clutchtime_int_shared_layout@GameObjects@Prototype_arena_curtains_prototype@Prototype_arena@curtain100x20_arena_straight500c_170:curtain100x20_arena_straight500c,72,72,2,2,BC6H_UF16,LINEAR,12960,curtain100x20_arena_straight500c.2d3536560a6196d8.tld,True
level.SCNE,arena_clutchtime_int_master@arena_clutchtime_int_shared_layout@GameObjects@balcony_lights@light_ceilinga_round_50:light_ceilinga_round_low,16,16,2,2,BC6H_UF16,LINEAR,640,light_ceilinga_round_low.6571fad944cc229d.tld,True
level.SCNE,arena_clutchtime_int_master@arena_clutchtime_int_shared_layout@GameObjects@ceiling_panelslights@clutchtime_ceilingpanellight_c_5:clutchtime_ceilingpanellight_c_low_linelightvisibility,1168,1168,2,1,BC4_UNORM,LINEAR,852640,clutchtime_ceilingpanellight_c_low_linelightvisibility.505e2605f407e5fa.tld,False
level.SCNE,arena_clutchtime_int_master@arena_clutchtime_int_shared_layout@GameObjects@ceiling_panelslights@clutchtime_ceilingpanellight_c:clutchtime_ceilingpanellight_c_low,1168,1168,2,2,BC6H_UF16,LINEAR,3410560,clutchtime_ceilingpanellight_c_low.9b1fdaeb31de5262.tld,False
level.SCNE,CombinedLayerMaskMap#db2ae958_935,1024,1024,11,1,BC7_UNORM,LINEAR,1398128,combinedlayermaskmap.2f758b670e9b64ca.tld,False
level.SCNE,arena_clutchtime_int_master@arena_clutchtime_int_shared_layout@GameObjects@ceiling_panels@clutchtime_ceilingpanel_f:clutchtime_ceilingpanel_f_low,864,864,2,2,BC6H_UF16,LINEAR,1866240,clutchtime_ceilingpanel_f_low.cf6f0a79bd7d79c2.tld,False
level.SCNE,arena_clutchtime_int_master@arena_clutchtime_int_shared_layout@GameObjects@balcony@clutchtime_balcony_railing_16:clutchtime_balcony_railing_low_linelightvisibility,104,104,2,1,BC4_UNORM,LINEAR,6760,clutchtime_balcony_railing_low_linelightvisibility.415df97535cc75a1.tld,True
level.SCNE,arena_clutchtime_int_master@arena_clutchtime_int_shared_layout@GameObjects@Prototype_arena_curtains_prototype@Prototype_arena@curtain100x20_arena_straight500c_186:curtain100x20_arena_straight500c_linelightvisibility,72,72,2,1,BC4_UNORM,LINEAR,3240,curtain100x20_arena_straight500c_linelightvisibility.2ecec2b6370d05ce.tld,True
level.SCNE,arena_clutchtime_int_master@arena_clutchtime_int_shared_layout@GameObjects@balcony_lights@light_ceilinga_round_25:light_ceilinga_round_low,16,16,2,2,BC6H_UF16,LINEAR,640,light_ceilinga_round_low.39cdc9c52ba6ab27.tld,True
level.SCNE,arena_clutchtime_int_master@arena_clutchtime_int_shared_layout@GameObjects@balcony_chairs@chair_arenacrowd_seatbackcushion_17:chair_arenacrowd_seatbackcushion_low,88,88,2,2,BC6H_UF16,LINEAR,19360,chair_arenacrowd_seatbackcushion_low.bb47c457f3ed11e4.tld,True
level.SCNE,arena_clutchtime_int_master@arena_clutchtime_int_shared_layout@GameObjects@Prototype_arena_curtains_prototype@Prototype_arena@curtain100x20_arena_straight500c_163:curtain100x20_arena_straight500c_linelightvisibility,72,72,2,1,BC4_UNORM,LINEAR,3240,curtain100x20_arena_straight500c_linelightvisibility.2ecec2b6370d05ce.tld,True
level.SCNE,arena_clutchtime_int_master@arena_clutchtime_int_shared_layout@GameObjects@Prototype_arena_curtains_prototype@Prototype_arena@curtain100x20_arena_straight500c_187:curtain100x20_arena_straight500c_linelightvisibility,72,72,2,1,BC4_UNORM,LINEAR,3240,curtain100x20_arena_straight500c_linelightvisibility.2ecec2b6370d05ce.tld,True
level.SCNE,arena_clutchtime_int_master@arena_clutchtime_int_shared_layout@GameObjects@balcony_chairs@chair_arenacrowd_seatbackcushion_146:chair_arenacrowd_seatbackcushion_low_linelightvisibility,88,88,2,1,BC4_UNORM,LINEAR,4840,chair_arenacrowd_seatbackcushion_low_linelightvisibility.8d03afeaca6c445b.tld,True
level.SCNE,arena_clutchtime_int_master@arena_clutchtime_int_shared_layout@GameObjects@mural_lights@lighting_suspendedtrack_metalb_15:lighting_suspendedtrack_metalb_low,120,120,2,2,BC6H_UF16,LINEAR,36000,lighting_suspendedtrack_metalb_low.aff74dc075f3a9c9.tld,True
level.SCNE,%databuild_art_root%/material_library/_generic_textures/patterns/glowing_source_round.png,128,128,8,1,BC1_UNORM,,10936,glowing_source_round.de027a8e785df439.tld,True
level.SCNE,arena_clutchtime_int_master@arena_clutchtime_int_shared_layout@GameObjects@Prototype_arena_curtains_prototype@Prototype_arena@curtain100x20_arena_straight500c_162:curtain100x20_arena_straight500c_linelightvisibility,72,72,2,1,BC4_UNORM,LINEAR,3240,curtain100x20_arena_straight500c_linelightvisibility.2ecec2b6370d05ce.tld,True
level.SCNE,NormalAndRoughMap#4529c4c1_1530,1024,1024,11,1,BC7_UNORM,LINEAR,1398128,normalandroughmap.21a53eb81fca99f9.tld,False
level.SCNE,NormalAndRoughMap#ebee4bc3_1546,1024,1024,11,1,BC7_UNORM,LINEAR,1398128,normalandroughmap.d7830972ae5a3b32.tld,False
level.SCNE,arena_clutchtime_int_master@arena_clutchtime_int_shared_layout@GameObjects@mural_lights@lighting_suspendedtrack_metalb_4:lighting_suspendedtrack_metalb_low,120,120,2,2,BC6H_UF16,LINEAR,36000,lighting_suspendedtrack_metalb_low.f5f155aa4567cbb2.tld,True
level.SCNE,arena_clutchtime_int_master@arena_clutchtime_int_shared_layout@GameObjects@mural_lights@lighting_suspendedtrack_metalb_6:lighting_suspendedtrack_metalb_low_linelightvisibility,120,120,2,1,BC4_UNORM,LINEAR,9000,lighting_suspendedtrack_metalb_low_linelightvisibility.4294ff82d381bc41.tld,True
level.SCNE,arena_clutchtime_int_master@arena_clutchtime_int_shared_layout@GameObjects@Prototype_arena_curtains_prototype@Prototype_arena@curtain100x20_arena_straight500c_185:curtain100x20_arena_straight500c_linelightvisibility,72,72,2,1,BC4_UNORM,LINEAR,3240,curtain100x20_arena_straight500c_linelightvisibility.2ecec2b6370d05ce.tld,True
level.SCNE,arena_clutchtime_int_master@arena_clutchtime_int_shared_layout@GameObjects@balcony_chairs@chair_arenacrowd_seatbackcushion_119:chair_arenacrowd_seatbackcushion_low_linelightvisibility,88,88,2,1,BC4_UNORM,LINEAR,4840,chair_arenacrowd_seatbackcushion_low_linelightvisibility.cdcced57da6d1070.tld,True
level.SCNE,arena_clutchtime_int_master@arena_clutchtime_int_shared_layout@GameObjects@doors@doorframe_interiorhingeless_double_2:doorframe_interiorhingeless_double_low_linelightvisibility,104,104,2,1,BC4_UNORM,LINEAR,6760,doorframe_interiorhingeless_double_low_linelightvisibility.415df97535cc75a1.tld,True
level.SCNE,arena_clutchtime_int_master@arena_clutchtime_int_shared_layout@GameObjects@mural_lights@lighting_suspendedtrack_metalb_11:lighting_suspendedtrack_metalb_low_linelightvisibility,120,120,2,1,BC4_UNORM,LINEAR,9000,lighting_suspendedtrack_metalb_low_linelightvisibility.4294ff82d381bc41.tld,True
level.SCNE,arena_clutchtime_int_master@arena_clutchtime_int_shared_layout@GameObjects@Prototype_arena_curtains_prototype@Prototype_arena@curtain100x20_arena_straight500c_161:curtain100x20_arena_straight500c_linelightvisibility,72,72,2,1,BC4_UNORM,LINEAR,3240,curtain100x20_arena_straight500c_linelightvisibility.2ecec2b6370d05ce.tld,True
level.SCNE,arena_clutchtime_int_master@arena_clutchtime_int_shared_layout@GameObjects@balcony_lights@light_ceilinga_round_7:light_ceilinga_round_low,16,16,2,2,BC6H_UF16,LINEAR,640,light_ceilinga_round_low.351fcb930ec23c5e.tld,True
level.SCNE,arena_clutchtime_int_master@arena_clutchtime_int_shared_layout@GameObjects@Prototype_arena_curtains_prototype@Prototype_arena@curtain100x20_arena_straight500c_184:curtain100x20_arena_straight500c_linelightvisibility,72,72,2,1,BC4_UNORM,LINEAR,3240,curtain100x20_arena_straight500c_linelightvisibility.2ecec2b6370d05ce.tld,True
level.SCNE,arena_clutchtime_int_master@GameObjects@dorna@clutchtime_court_dorna_7:clutchtime_court_dorna_low_linelightvisibility,352,352,2,1,BC4_UNORM,LINEAR,77440,clutchtime_court_dorna_low_linelightvisibility.4c392c0bef62d588.tld,False
level.SCNE,arena_clutchtime_int_master@arena_clutchtime_int_shared_layout@GameObjects@scorecube@clutchtime_scorecube_supportring:clutchtime_scorecube_supportring_low_linelightvisibility,1032,1032,2,1,BC4_UNORM,LINEAR,665640,clutchtime_scorecube_supportring_low_linelightvisibility.ea27ad4f49ad8c0b.tld,False
level.SCNE,arena_clutchtime_int_master@arena_clutchtime_int_shared_layout@GameObjects@balcony_chairs@chair_arenacrowd_seatbackcushion_46:chair_arenacrowd_seatbackcushion_low_linelightvisibility,88,88,2,1,BC4_UNORM,LINEAR,4840,chair_arenacrowd_seatbackcushion_low_linelightvisibility.cdcced57da6d1070.tld,True
level.SCNE,arena_clutchtime_int_master@arena_clutchtime_int_shared_layout@GameObjects@stands@clutchtime_crowd_seating:clutchtime_crowd_seating_low_linelightvisibility,856,856,2,1,BC4_UNORM,LINEAR,457960,clutchtime_crowd_seating_low_linelightvisibility.26c99828d8f03577.tld,False
level.SCNE,arena_clutchtime_int_master@arena_clutchtime_int_shared_layout@GameObjects@Prototype_arena_curtains_prototype@Prototype_arena@curtain100x20_arena_straight500c_164:curtain100x20_arena_straight500c_linelightvisibility,72,72,2,1,BC4_UNORM,LINEAR,3240,curtain100x20_arena_straight500c_linelightvisibility.2ecec2b6370d05ce.tld,True
level.SCNE,arena_clutchtime_int_master@arena_clutchtime_int_shared_layout@GameObjects@Prototype_arena_curtains_prototype@Prototype_arena_curtains_prototype_0@curtain100x20_arena_straight500c_51:curtain100x20_arena_straight500c,72,72,2,2,BC6H_UF16,LINEAR,12960,curtain100x20_arena_straight500c.fd966ff80fcb2740.tld,True
level.SCNE,arena_clutchtime_int_master@arena_clutchtime_int_shared_layout@GameObjects@Prototype_arena_curtains_prototype@Prototype_arena@curtain100x20_arena_straight500c_181:curtain100x20_arena_straight500c_linelightvisibility,72,72,2,1,BC4_UNORM,LINEAR,3240,curtain100x20_arena_straight500c_linelightvisibility.2ecec2b6370d05ce.tld,True
level.SCNE,arena_clutchtime_int_master@arena_clutchtime_int_shared_layout@GameObjects@balcony_chairs@chair_arenacrowd_seatbackcushion_73:chair_arenacrowd_seatbackcushion_low_linelightvisibility,88,88,2,1,BC4_UNORM,LINEAR,4840,chair_arenacrowd_seatbackcushion_low_linelightvisibility.cdcced57da6d1070.tld,True
level.SCNE,arena_clutchtime_int_master@arena_clutchtime_int_shared_layout@GameObjects@Prototype_arena_curtains_prototype@Prototype_arena@curtain100x20_arena_straight500c_165:curtain100x20_arena_straight500c_linelightvisibility,72,72,2,1,BC4_UNORM,LINEAR,3240,curtain100x20_arena_straight500c_linelightvisibility.2ecec2b6370d05ce.tld,True
level.SCNE,arena_clutchtime_int_master@arena_clutchtime_int_shared_layout@GameObjects@Prototype_arena_curtains_prototype@Prototype_arena@curtain100x20_arena_straight500c_180:curtain100x20_arena_straight500c_linelightvisibility,72,72,2,1,BC4_UNORM,LINEAR,3240,curtain100x20_arena_straight500c_linelightvisibility.2ecec2b6370d05ce.tld,True
level.SCNE,arena_clutchtime_int_master@arena_clutchtime_int_shared_layout@GameObjects@balcony_chairs@chair_arenacrowd_seatbackcushion_22:chair_arenacrowd_seatbackcushion_low,88,88,2,2,BC6H_UF16,LINEAR,19360,chair_arenacrowd_seatbackcushion_low.e45cfecfead1dd28.tld,True
level.SCNE,arena_clutchtime_int_master@arena_clutchtime_int_shared_layout@GameObjects@ceiling_panelslights@clutchtime_ceilingpanellight_a_5:clutchtime_ceilingpanellight_a_low,1200,1200,2,2,BC6H_UF16,LINEAR,3600000,clutchtime_ceilingpanellight_a_low.501722f797f37ea7.tld,False
level.SCNE,arena_clutchtime_int_master@arena_clutchtime_int_shared_layout@GameObjects@ceiling_panelslights@clutchtime_ceilingpanellight_a_5:clutchtime_ceilingpanellight_a_low_linelightvisibility,1200,1200,2,1,BC4_UNORM,LINEAR,900000,clutchtime_ceilingpanellight_a_low_linelightvisibility.3a1373a98a6f9cf0.tld,False
level.SCNE,arena_clutchtime_int_master@arena_clutchtime_int_shared_layout@GameObjects@doors@sign_exit_generic_9:sign_exit_generic,24,24,2,2,BC6H_UF16,LINEAR,1440,sign_exit_generic.3093c0c52e4f8ede.tld,True
level.SCNE,arena_clutchtime_int_master@arena_clutchtime_int_shared_layout@GameObjects@mural_lights@lighting_suspendedtrack_metalb_38:lighting_suspendedtrack_metalb_low,120,120,2,2,BC6H_UF16,LINEAR,36000,lighting_suspendedtrack_metalb_low.61b2ea9e9a4814ce.tld,True
level.SCNE,%databuild_art_root%/substance_library/graphs/leather_fine_touch/exports/leather_fine_touch_black_basecolor.png,1024,1024,11,1,BC1_UNORM,,699064,leather_fine_touch_black_basecolor.b1b31f261da12918.tld,False
level.SCNE,arena_clutchtime_int_master@arena_clutchtime_int_shared_layout@GameObjects@balcony_chairs@chair_arenacrowd_seatbackcushion_31:chair_arenacrowd_seatbackcushion_low,88,88,2,2,BC6H_UF16,LINEAR,19360,chair_arenacrowd_seatbackcushion_low.bf3e302307c30f5d.tld,True
level.SCNE,arena_clutchtime_int_master@arena_clutchtime_int_shared_layout@GameObjects@Prototype_arena_curtains_prototype@Prototype_arena@curtain100x20_arena_straight500c_182:curtain100x20_arena_straight500c_linelightvisibility,72,72,2,1,BC4_UNORM,LINEAR,3240,curtain100x20_arena_straight500c_linelightvisibility.2ecec2b6370d05ce.tld,True
level.SCNE,arena_clutchtime_int_master@arena_clutchtime_int_shared_layout@GameObjects@Prototype_arena_curtains_prototype@Prototype_arena@curtain100x20_arena_straight500c_167:curtain100x20_arena_straight500c_linelightvisibility,72,72,2,1,BC4_UNORM,LINEAR,3240,curtain100x20_arena_straight500c_linelightvisibility.2ecec2b6370d05ce.tld,True
level.SCNE,arena_clutchtime_int_master@arena_clutchtime_int_shared_layout@GameObjects@balcony_lights@light_ceilinga_round_66:light_ceilinga_round_low_linelightvisibility,16,16,2,1,BC4_UNORM,LINEAR,160,light_ceilinga_round_low_linelightvisibility.bbb5c16588a49e77.tld,True
level.SCNE,arena_clutchtime_int_master@arena_clutchtime_int_shared_layout@GameObjects@ceiling_panels@clutchtime_ceilingpanel_c_2:clutchtime_ceilingpanel_c_low_linelightvisibility,776,776,2,1,BC4_UNORM,LINEAR,376360,clutchtime_ceilingpanel_c_low_linelightvisibility.986325f0b2280183.tld,False
level.SCNE,arena_clutchtime_int_master@arena_clutchtime_int_shared_layout@GameObjects@ceiling_panels@clutchtime_ceilingpanel_f_2:clutchtime_ceilingpanel_f_low_linelightvisibility,864,864,2,1,BC4_UNORM,LINEAR,466560,clutchtime_ceilingpanel_f_low_linelightvisibility.f3e2eb4adb2bf882.tld,False
level.SCNE,arena_clutchtime_int_master@arena_clutchtime_int_shared_layout@GameObjects@ceiling_panelslights@clutchtime_ceilingpanellight_e_0:clutchtime_ceilingpanellight_e_low,1168,1168,2,2,BC6H_UF16,LINEAR,3410560,clutchtime_ceilingpanellight_e_low.99c5638f9628cdf9.tld,False
level.SCNE,arena_clutchtime_int_master@arena_clutchtime_int_shared_layout@GameObjects@balcony@clutchtime_balcony_railing_16:clutchtime_balcony_railing_low,104,104,2,2,BC6H_UF16,LINEAR,27040,clutchtime_balcony_railing_low.d9fec4a4d73dad5c.tld,True
level.SCNE,arena_clutchtime_int_master@arena_clutchtime_int_shared_layout@GameObjects@stands@clutchtime_stair_3step_3:clutchtime_stair_3step_low_linelightvisibility,80,80,2,1,BC4_UNORM,LINEAR,4000,clutchtime_stair_3step_low_linelightvisibility.e459a7044e5be3c6.tld,True
level.SCNE,arena_clutchtime_int_master@arena_clutchtime_int_shared_layout@GameObjects@balcony_lights@light_ceilinga_round_27:light_ceilinga_round_low_linelightvisibility,16,16,2,1,BC4_UNORM,LINEAR,160,light_ceilinga_round_low_linelightvisibility.bbb5c16588a49e77.tld,True
level.SCNE,%databuild_art_root%/substance_library/graphs/painted_metal_scratched/exports/painted_metal_scratched_normal.png,1024,1024,11,1,BC5_UNORM,NORMAL,1398128,painted_metal_scratched_normal.3868bce3da9340a0.tld,False
level.SCNE,arena_clutchtime_int_master@arena_clutchtime_int_shared_layout@GameObjects@Prototype_arena_curtains_prototype@Prototype_arena@curtain100x20_arena_straight500c_183:curtain100x20_arena_straight500c_linelightvisibility,72,72,2,1,BC4_UNORM,LINEAR,3240,curtain100x20_arena_straight500c_linelightvisibility.2ecec2b6370d05ce.tld,True
level.SCNE,arena_clutchtime_int_master@arena_clutchtime_int_shared_layout@GameObjects@scorecube@clutchtime_scorecube_screen:clutchtime_scorecube_screen_low,808,808,2,2,BC6H_UF16,LINEAR,1632160,clutchtime_scorecube_screen_low.6aafa822bf920d81.tld,False
level.SCNE,arena_clutchtime_int_master@arena_clutchtime_int_shared_layout@GameObjects@Prototype_arena_curtains_prototype@Prototype_arena_curtains_prototype_0@curtain100x20_arena_straight500c_21:curtain100x20_arena_straight500c,72,72,2,2,BC6H_UF16,LINEAR,12960,curtain100x20_arena_straight500c.e0917a42cc5c9436.tld,True
level.SCNE,arena_clutchtime_int_master@arena_clutchtime_int_shared_layout@GameObjects@balcony_chairs@chair_arenacrowd_seatbackcushion_128:chair_arenacrowd_seatbackcushion_low,88,88,2,2,BC6H_UF16,LINEAR,19360,chair_arenacrowd_seatbackcushion_low.8983daf65a55ce9a.tld,True
level.SCNE,ibl1AlbedoMetalness,128,128,1,6,BC7_UNORM,,98304,ibl1albedometalness.7588d6cdabdabe7a.tld,False
level.SCNE,arena_clutchtime_int_master@arena_clutchtime_int_shared_layout@GameObjects@Prototype_arena_curtains_prototype@Prototype_arena@curtain100x20_arena_straight500c_166:curtain100x20_arena_straight500c_linelightvisibility,72,72,2,1,BC4_UNORM,LINEAR,3240,curtain100x20_arena_straight500c_linelightvisibility.2ecec2b6370d05ce.tld,True
level.SCNE,arena_clutchtime_int_master@arena_clutchtime_int_shared_layout@GameObjects@mural_lights@lighting_suspendedtrack_metalb_22:lighting_suspendedtrack_metalb_low,120,120,2,2,BC6H_UF16,LINEAR,36000,lighting_suspendedtrack_metalb_low.f29ccda0605d006e.tld,True
level.SCNE,arena_clutchtime_int_master@arena_clutchtime_int_shared_layout@GameObjects@balcony_chairs@chair_arenacrowd_seatbackcushion_19:chair_arenacrowd_seatbackcushion_low_linelightvisibility,88,88,2,1,BC4_UNORM,LINEAR,4840,chair_arenacrowd_seatbackcushion_low_linelightvisibility.9e346bd13f48b7e8.tld,True
level.SCNE,arena_clutchtime_int_master@arena_clutchtime_int_shared_layout@GameObjects@Prototype_arena_curtains_prototype@Prototype_arena@curtain100x20_arena_straight500c_65:curtain100x20_arena_straight500c,72,72,2,2,BC6H_UF16,LINEAR,12960,curtain100x20_arena_straight500c.d1e12d6094291529.tld,True
level.SCNE,arena_clutchtime_int_master@arena_clutchtime_int_shared_layout@GameObjects@Prototype_arena_curtains_prototype@Prototype_arena_curtains_prototype_0@curtain100x20_arena_straight500c_8:curtain100x20_arena_straight500c,72,72,2,2,BC6H_UF16,LINEAR,12960,curtain100x20_arena_straight500c.4c5b79af3706bc02.tld,True
level.SCNE,arena_clutchtime_int_master@arena_clutchtime_int_shared_layout@GameObjects@Prototype_arena_curtains_prototype@Prototype_arena_curtains_prototype_0@curtain100x20_arena_straight500c_125:curtain100x20_arena_straight500c,72,72,2,2,BC6H_UF16,LINEAR,12960,curtain100x20_arena_straight500c.8aafaa92ffe6fac8.tld,True
level.SCNE,arena_clutchtime_int_master@arena_clutchtime_int_shared_layout@GameObjects@balcony@clutchtime_balcony_b_15:clutchtime_balcony_b_low_linelightvisibility,584,584,2,1,BC4_UNORM,LINEAR,213160,clutchtime_balcony_b_low_linelightvisibility.a9e3bd16c6faf7de.tld,False
level.SCNE,arena_clutchtime_int_master@arena_clutchtime_int_shared_layout@GameObjects@Prototype_arena_curtains_prototype@Prototype_arena@curtain100x20_arena_straight500c_116:curtain100x20_arena_straight500c,72,72,2,2,BC6H_UF16,LINEAR,12960,curtain100x20_arena_straight500c.198930dcc05dbb6d.tld,True
level.SCNE,arena_clutchtime_int_master@GameObjects@dorna@clutchtime_court_dornacorner_1:clutchtime_court_dornacorner_low,480,480,2,2,BC6H_UF16,LINEAR,576000,clutchtime_court_dornacorner_low.572e07ae0bdaefc5.tld,False
level.SCNE,arena_clutchtime_int_master@arena_clutchtime_int_shared_layout@GameObjects@Prototype_arena_curtains_prototype@Prototype_arena@curtain100x20_arena_straight500c_188:curtain100x20_arena_straight500c_linelightvisibility,72,72,2,1,BC4_UNORM,LINEAR,3240,curtain100x20_arena_straight500c_linelightvisibility.2ecec2b6370d05ce.tld,True
level.SCNE,arena_clutchtime_int_master@arena_clutchtime_int_shared_layout@GameObjects@doors@sign_exit_generic_0:sign_exit_generic_linelightvisibility,24,24,2,1,BC4_UNORM,LINEAR,360,sign_exit_generic_linelightvisibility.bff29216041431a6.tld,True
level.SCNE,arena_clutchtime_int_master@arena_clutchtime_int_shared_layout@GameObjects@balcony_chairs@chair_arenacrowd_seatbackcushion_50:chair_arenacrowd_seatbackcushion_low_linelightvisibility,88,88,2,1,BC4_UNORM,LINEAR,4840,chair_arenacrowd_seatbackcushion_low_linelightvisibility.cdcced57da6d1070.tld,True
level.SCNE,arena_clutchtime_int_master@arena_clutchtime_int_shared_layout@GameObjects@Prototype_arena_curtains_prototype@Prototype_arena@curtain100x20_arena_straight500c_119:curtain100x20_arena_straight500c,72,72,2,2,BC6H_UF16,LINEAR,12960,curtain100x20_arena_straight500c.b620759f7249baaf.tld,True
level.SCNE,court_pillibl_6Depth.cbd02348,128,128,1,6,BC6H_UF16,LINEAR,98304,court_pillibl_6depth.3432c7e2fd99b37f.tld,False
level.SCNE,pillibl_1AlbedoMetalness.4103e871,128,128,1,6,BC7_UNORM,,98304,pillibl_1albedometalness.02f5806f5c0235f6.tld,False
level.SCNE,arena_clutchtime_int_master@arena_clutchtime_int_shared_layout@GameObjects@Prototype_arena_curtains_prototype@Prototype_arena_curtains_prototype_0@curtain100x20_arena_straight500c_7:curtain100x20_arena_straight500c,72,72,2,2,BC6H_UF16,LINEAR,12960,curtain100x20_arena_straight500c.b82494d01afbb4b5.tld,True
level.SCNE,%databuild_art_root%/asset_library/sign_exit_generic/texture/exit_sign_green_e.png,512,512,10,1,BC1_UNORM,,174776,exit_sign_green_e.9c530e2b6f19197c.tld,False
level.SCNE,%databuild_art_root%/asset_library/lighting_suspendedtrack_metalb/texture/lighting_suspendedtrack_metalb_mat_m.png,1024,1024,11,1,BC1_UNORM,LINEAR,699064,lighting_suspendedtrack_metalb_mat_m.e8ed6f7574a3824b.tld,False
level.SCNE,pillibl_0AlbedoMetalness.3604d8e7,128,128,1,6,BC7_UNORM,,98304,pillibl_0albedometalness.f4adb3f90a25c692.tld,False
level.SCNE,arena_clutchtime_int_master@arena_clutchtime_int_shared_layout@GameObjects@mural_lights@lighting_suspendedtrack_metalb_33:lighting_suspendedtrack_metalb_low_linelightvisibility,120,120,2,1,BC4_UNORM,LINEAR,9000,lighting_suspendedtrack_metalb_low_linelightvisibility.4294ff82d381bc41.tld,True
level.SCNE,arena_clutchtime_int_master@arena_clutchtime_int_shared_layout@GameObjects@balcony@clutchtime_balcony_b_5:clutchtime_balcony_b_low,584,584,2,2,BC6H_UF16,LINEAR,852640,clutchtime_balcony_b_low.2b3446df6c64f851.tld,False
level.SCNE,arena_clutchtime_int_master@arena_clutchtime_int_shared_layout@GameObjects@balcony_chairs@chair_arenacrowd_seatbackcushion_65:chair_arenacrowd_seatbackcushion_low_linelightvisibility,88,88,2,1,BC4_UNORM,LINEAR,4840,chair_arenacrowd_seatbackcushion_low_linelightvisibility.cdcced57da6d1070.tld,True
level.SCNE,arena_clutchtime_int_master@arena_clutchtime_int_shared_layout@GameObjects@Prototype_arena_curtains_prototype@Prototype_arena@curtain100x20_arena_straight500c_189:curtain100x20_arena_straight500c_linelightvisibility,72,72,2,1,BC4_UNORM,LINEAR,3240,curtain100x20_arena_straight500c_linelightvisibility.2ecec2b6370d05ce.tld,True
level.SCNE,arena_clutchtime_int_master@arena_clutchtime_int_shared_layout@GameObjects@balcony@clutchtime_balcony_c_3:clutchtime_balcony_c_low,640,640,2,2,BC6H_UF16,LINEAR,1024000,clutchtime_balcony_c_low.cf895610ed7d9fb3.tld,False
level.SCNE,arena_clutchtime_int_master@arena_clutchtime_int_shared_layout@GameObjects@balcony_lights@light_ceilinga_round_87:light_ceilinga_round_low,16,16,2,2,BC6H_UF16,LINEAR,640,light_ceilinga_round_low.e1c34786292665ef.tld,True
level.SCNE,arena_clutchtime_int_master@arena_clutchtime_int_shared_layout@GameObjects@balcony_lights@light_ceilinga_round_52:light_ceilinga_round_low,16,16,2,2,BC6H_UF16,LINEAR,640,light_ceilinga_round_low.84cd0303ed53a1aa.tld,True
level.SCNE,arena_clutchtime_int_master@arena_clutchtime_int_shared_layout@GameObjects@Prototype_arena_curtains_prototype@Prototype_arena_curtains_prototype_0@curtain100x20_arena_straight500c_155:curtain100x20_arena_straight500c,72,72,2,2,BC6H_UF16,LINEAR,12960,curtain100x20_arena_straight500c.8877b014685d3c60.tld,True
level.SCNE,arena_clutchtime_int_master@arena_clutchtime_int_shared_layout@GameObjects@balcony@clutchtime_balcony_b_10:clutchtime_balcony_b_low,584,584,2,2,BC6H_UF16,LINEAR,852640,clutchtime_balcony_b_low.98b7ef30ab2af36f.tld,False
level.SCNE,arena_clutchtime_int_master@arena_clutchtime_int_shared_layout@GameObjects@Prototype_arena_curtains_prototype@Prototype_arena@curtain100x20_arena_straight500c_166:curtain100x20_arena_straight500c,72,72,2,2,BC6H_UF16,LINEAR,12960,curtain100x20_arena_straight500c.9d23f7513c5df716.tld,True
level.SCNE,arena_clutchtime_int_master@arena_clutchtime_int_shared_layout@GameObjects@Prototype_arena_curtains_prototype@Prototype_arena@curtain100x20_arena_straight500c_169:curtain100x20_arena_straight500c,72,72,2,2,BC6H_UF16,LINEAR,12960,curtain100x20_arena_straight500c.a7bb5f5b51d2df5c.tld,True
level.SCNE,arena_clutchtime_int_master@arena_clutchtime_int_shared_layout@GameObjects@balcony@clutchtime_balcony_c_0:clutchtime_balcony_c_low_linelightvisibility,640,640,2,1,BC4_UNORM,LINEAR,256000,clutchtime_balcony_c_low_linelightvisibility.c0bdefb2233e72e7.tld,False
level.SCNE,arena_clutchtime_int_master@arena_clutchtime_int_shared_layout@GameObjects@ceiling_panels@clutchtime_ceilingpanel_b_4:clutchtime_ceilingpanel_b_low_linelightvisibility,776,776,2,1,BC4_UNORM,LINEAR,376360,clutchtime_ceilingpanel_b_low_linelightvisibility.986325f0b2280183.tld,False
level.SCNE,arena_clutchtime_int_master@arena_clutchtime_int_shared_layout@GameObjects@balcony_chairs@chair_arenacrowd_seatbackcushion_83:chair_arenacrowd_seatbackcushion_low,88,88,2,2,BC6H_UF16,LINEAR,19360,chair_arenacrowd_seatbackcushion_low.2f4277a1cd7ef71e.tld,True
level.SCNE,arena_clutchtime_int_master@arena_clutchtime_int_shared_layout@GameObjects@doors@sign_exit_generic_1:sign_exit_generic,24,24,2,2,BC6H_UF16,LINEAR,1440,sign_exit_generic.6153fdad0de565ed.tld,True
level.SCNE,arena_clutchtime_int_master@arena_clutchtime_int_shared_layout@GameObjects@mural_lights@lighting_suspendedtrack_metalb_22:lighting_suspendedtrack_metalb_low_linelightvisibility,120,120,2,1,BC4_UNORM,LINEAR,9000,lighting_suspendedtrack_metalb_low_linelightvisibility.4294ff82d381bc41.tld,True
level.SCNE,arena_clutchtime_int_master@arena_clutchtime_int_shared_layout@GameObjects@balcony_lights@light_ceilinga_round_83:light_ceilinga_round_low_linelightvisibility,16,16,2,1,BC4_UNORM,LINEAR,160,light_ceilinga_round_low_linelightvisibility.bbb5c16588a49e77.tld,True
level.SCNE,arena_clutchtime_int_master@arena_clutchtime_int_shared_layout@GameObjects@ceiling_panelslights@clutchtime_ceilingpanellight_f_0:clutchtime_ceilingpanellight_f_low,1440,1440,2,2,BC6H_UF16,LINEAR,5184000,clutchtime_ceilingpanellight_f_low.1d1d168c3a36b051.tld,False
level.SCNE,arena_clutchtime_int_master@arena_clutchtime_int_shared_layout@GameObjects@balcony_chairs@chair_arenacrowd_seatbackcushion_142:chair_arenacrowd_seatbackcushion_low,88,88,2,2,BC6H_UF16,LINEAR,19360,chair_arenacrowd_seatbackcushion_low.6a37a2cb5cfe0cb1.tld,True
level.SCNE,arena_clutchtime_int_master@arena_clutchtime_int_shared_layout@GameObjects@Prototype_arena_curtains_prototype@Prototype_arena@curtain100x20_arena_straight500c_189:curtain100x20_arena_straight500c,72,72,2,2,BC6H_UF16,LINEAR,12960,curtain100x20_arena_straight500c.2ad7127edf6cd865.tld,True
level.SCNE,arena_clutchtime_int_master@arena_clutchtime_int_shared_layout@GameObjects@balcony_chairs@chair_arenacrowd_seatbackcushion_150:chair_arenacrowd_seatbackcushion_low_linelightvisibility,88,88,2,1,BC4_UNORM,LINEAR,4840,chair_arenacrowd_seatbackcushion_low_linelightvisibility.67337b1403b675b6.tld,True
level.SCNE,arena_clutchtime_int_master@arena_clutchtime_int_shared_layout@GameObjects@Prototype_arena_curtains_prototype@Prototype_arena@curtain100x20_arena_straight500c_186:curtain100x20_arena_straight500c,72,72,2,2,BC6H_UF16,LINEAR,12960,curtain100x20_arena_straight500c.8ee04bdd2c20e24a.tld,True
level.SCNE,arena_clutchtime_int_master@arena_clutchtime_int_shared_layout@GameObjects@ceiling_panelslights@clutchtime_ceilingpanellight_e_5:clutchtime_ceilingpanellight_e_low_linelightvisibility,1168,1168,2,1,BC4_UNORM,LINEAR,852640,clutchtime_ceilingpanellight_e_low_linelightvisibility.505e2605f407e5fa.tld,False
level.SCNE,court_pillibl_2Depth.ccbde751,128,128,1,6,BC6H_UF16,LINEAR,98304,court_pillibl_2depth.73a57e2f1fdbb851.tld,False
level.SCNE,arena_clutchtime_int_master@arena_clutchtime_int_shared_layout@GameObjects@balcony_chairs@chair_arenacrowd_seatbackcushion_48:chair_arenacrowd_seatbackcushion_low,88,88,2,2,BC6H_UF16,LINEAR,19360,chair_arenacrowd_seatbackcushion_low.7677d3f5f982b465.tld,True
level.SCNE,arena_clutchtime_int_master@arena_clutchtime_int_shared_layout@GameObjects@Prototype_arena_curtains_prototype@Prototype_arena@curtain100x20_arena_straight500c_85:curtain100x20_arena_straight500c,72,72,2,2,BC6H_UF16,LINEAR,12960,curtain100x20_arena_straight500c.12b81de7bfebb34d.tld,True
level.SCNE,arena_clutchtime_int_master@arena_clutchtime_int_shared_layout@GameObjects@Prototype_arena_curtains_prototype@Prototype_arena@curtain100x20_arena_straight500c_169:curtain100x20_arena_straight500c_linelightvisibility,72,72,2,1,BC4_UNORM,LINEAR,3240,curtain100x20_arena_straight500c_linelightvisibility.b663b59dd363a8e3.tld,True
level.SCNE,arena_clutchtime_int_master@arena_clutchtime_int_shared_layout@GameObjects@Prototype_arena_curtains_prototype@Prototype_arena@curtain100x20_arena_straight500c_168:curtain100x20_arena_straight500c_linelightvisibility,72,72,2,1,BC4_UNORM,LINEAR,3240,curtain100x20_arena_straight500c_linelightvisibility.2ecec2b6370d05ce.tld,True
level.SCNE,arena_clutchtime_int_master@arena_clutchtime_int_shared_layout@GameObjects@balcony_chairs@chair_arenacrowd_seatbackcushion_90:chair_arenacrowd_seatbackcushion_low,88,88,2,2,BC6H_UF16,LINEAR,19360,chair_arenacrowd_seatbackcushion_low.d5317a8c0c79dcfd.tld,True
level.SCNE,arena_clutchtime_int_master@arena_clutchtime_int_shared_layout@GameObjects@balcony_lights@light_ceilinga_round_40:light_ceilinga_round_low_linelightvisibility,16,16,2,1,BC4_UNORM,LINEAR,160,light_ceilinga_round_low_linelightvisibility.bbb5c16588a49e77.tld,True
level.SCNE,arena_clutchtime_int_master@arena_clutchtime_int_shared_layout@GameObjects@balcony_lights@light_ceilinga_round_75:light_ceilinga_round_low,16,16,2,2,BC6H_UF16,LINEAR,640,light_ceilinga_round_low.ac35c55ff3b9da3a.tld,True
level.SCNE,arena_clutchtime_int_master@arena_clutchtime_int_shared_layout@GameObjects@doors@electrical_switch_double_1:light_switch_double_low_linelightvisibility,32,32,2,1,BC4_UNORM,LINEAR,640,light_switch_double_low_linelightvisibility.b4f6e8325a8f6a8d.tld,True
level.SCNE,arena_clutchtime_int_master@arena_clutchtime_int_shared_layout@GameObjects@balcony_chairs@chair_arenacrowd_seatbackcushion_151:chair_arenacrowd_seatbackcushion_low,88,88,2,2,BC6H_UF16,LINEAR,19360,chair_arenacrowd_seatbackcushion_low.b8d68528de9b4aa6.tld,True
level.SCNE,arena_clutchtime_int_master@arena_clutchtime_int_shared_layout@GameObjects@walls@clutchtime_wall_e:clutchtime_wall_e_low_linelightvisibility,1888,1888,2,1,BC4_UNORM,LINEAR,2227840,clutchtime_wall_e_low_linelightvisibility.b1559c6c9f6e0370.tld,False
level.SCNE,arena_clutchtime_int_master@arena_clutchtime_int_shared_layout@GameObjects@stands@clutchtime_stands_tiers:clutchtime_stands_tiers_low_linelightvisibility,992,992,2,1,BC4_UNORM,LINEAR,615040,clutchtime_stands_tiers_low_linelightvisibility.99e9bde164cd3504.tld,False
level.SCNE,arena_clutchtime_int_master@arena_clutchtime_int_shared_layout@GameObjects@ceiling_panelslights@clutchtime_ceilingpanellight_b_5:clutchtime_ceilingpanellight_b_low,1272,1272,2,2,BC6H_UF16,LINEAR,4044960,clutchtime_ceilingpanellight_b_low.39b12770a1432f66.tld,False
level.SCNE,pillibl_2AlbedoMetalness.d80ab9cb,128,128,1,6,BC7_UNORM,,98304,pillibl_2albedometalness.dcc79ee0dedc0087.tld,False
level.SCNE,arena_clutchtime_int_master@arena_clutchtime_int_shared_layout@GameObjects@balcony@clutchtime_balcony_railing_5:clutchtime_balcony_railing_low_linelightvisibility,104,104,2,1,BC4_UNORM,LINEAR,6760,clutchtime_balcony_railing_low_linelightvisibility.a22551388e68ea18.tld,True
level.SCNE,arena_clutchtime_int_master@arena_clutchtime_int_shared_layout@GameObjects@balcony@clutchtime_balcony_b_7:clutchtime_balcony_b_low_linelightvisibility,584,584,2,1,BC4_UNORM,LINEAR,213160,clutchtime_balcony_b_low_linelightvisibility.be202e4c5d0f0186.tld,False
level.SCNE,court_pillibl_4Depth.25de4264,128,128,1,6,BC6H_UF16,LINEAR,98304,court_pillibl_4depth.0a6105f727fc743d.tld,False
level.SCNE,arena_clutchtime_int_master@arena_clutchtime_int_shared_layout@GameObjects@doors@electrical_switch_double_2:light_switch_double_low_linelightvisibility,32,32,2,1,BC4_UNORM,LINEAR,640,light_switch_double_low_linelightvisibility.b4f6e8325a8f6a8d.tld,True
level.SCNE,arena_clutchtime_int_master@arena_clutchtime_int_shared_layout@GameObjects@balcony_chairs@chair_arenacrowd_seatbackcushion_95:chair_arenacrowd_seatbackcushion_low_linelightvisibility,88,88,2,1,BC4_UNORM,LINEAR,4840,chair_arenacrowd_seatbackcushion_low_linelightvisibility.cdcced57da6d1070.tld,True
level.SCNE,arena_clutchtime_int_master@arena_clutchtime_int_shared_layout@GameObjects@balcony_lights@light_ceilinga_round_73:light_ceilinga_round_low,16,16,2,2,BC6H_UF16,LINEAR,640,light_ceilinga_round_low.6bd83ba5ab88236a.tld,True
level.SCNE,arena_clutchtime_int_master@arena_clutchtime_int_shared_layout@GameObjects@ceiling_panels@clutchtime_ceilingpanel_b:clutchtime_ceilingpanel_b_low_linelightvisibility,776,776,2,1,BC4_UNORM,LINEAR,376360,clutchtime_ceilingpanel_b_low_linelightvisibility.986325f0b2280183.tld,False
level.SCNE,arena_clutchtime_int_master@arena_clutchtime_int_shared_layout@GameObjects@balcony_chairs@chair_arenacrowd_seatbackcushion_74:chair_arenacrowd_seatbackcushion_low,88,88,2,2,BC6H_UF16,LINEAR,19360,chair_arenacrowd_seatbackcushion_low.ae88975d696f67d0.tld,True
level.SCNE,arena_clutchtime_int_master@arena_clutchtime_int_shared_layout@GameObjects@balcony_chairs@chair_arenacrowd_seatbackcushion_32:chair_arenacrowd_seatbackcushion_low_linelightvisibility,88,88,2,1,BC4_UNORM,LINEAR,4840,chair_arenacrowd_seatbackcushion_low_linelightvisibility.cdcced57da6d1070.tld,True
level.SCNE,arena_clutchtime_int_master@arena_clutchtime_int_shared_layout@GameObjects@doors@door_interiorwindowb_rightdbl_3:door_interiorwindowb_rightdbl_linelightvisibility,112,112,2,1,BC4_UNORM,LINEAR,7840,door_interiorwindowb_rightdbl_linelightvisibility.726f2c08afd99930.tld,True
level.SCNE,arena_clutchtime_int_master@arena_clutchtime_int_shared_layout@GameObjects@balcony_chairs@chair_arenacrowd_seatbackcushion_67:chair_arenacrowd_seatbackcushion_low,88,88,2,2,BC6H_UF16,LINEAR,19360,chair_arenacrowd_seatbackcushion_low.8b3149151d370c8f.tld,True
level.SCNE,arena_clutchtime_int_master@arena_clutchtime_int_shared_layout@GameObjects@mural_lights@lighting_suspendedtrack_metalb_31:lighting_suspendedtrack_metalb_low_linelightvisibility,120,120,2,1,BC4_UNORM,LINEAR,9000,lighting_suspendedtrack_metalb_low_linelightvisibility.4294ff82d381bc41.tld,True
level.SCNE,arena_clutchtime_int_master@arena_clutchtime_int_shared_layout@GameObjects@doors@door_interiorwindowb_leftdbl_2:door_interiorwindowb_leftdbl_linelightvisibility,112,112,2,1,BC4_UNORM,LINEAR,7840,door_interiorwindowb_leftdbl_linelightvisibility.726f2c08afd99930.tld,True
level.SCNE,arena_clutchtime_int_master@arena_clutchtime_int_shared_layout@GameObjects@walls@clutchtime_wall_a:clutchtime_wall_a_low_linelightvisibility,976,976,2,1,BC4_UNORM,LINEAR,595360,clutchtime_wall_a_low_linelightvisibility.c07ef23a76351466.tld,False
level.SCNE,arena_clutchtime_int_master@arena_clutchtime_int_shared_layout@GameObjects@balcony@clutchtime_balcony_column_2:clutchtime_balcony_column_low_linelightvisibility,496,496,2,1,BC4_UNORM,LINEAR,153760,clutchtime_balcony_column_low_linelightvisibility.7ddfb7305709cabc.tld,False
level.SCNE,arena_clutchtime_int_master@arena_clutchtime_int_shared_layout@GameObjects@balcony_chairs@chair_arenacrowd_seatbackcushion_58:chair_arenacrowd_seatbackcushion_low_linelightvisibility,88,88,2,1,BC4_UNORM,LINEAR,4840,chair_arenacrowd_seatbackcushion_low_linelightvisibility.cdcced57da6d1070.tld,True
level.SCNE,arena_clutchtime_int_master@arena_clutchtime_int_shared_layout@GameObjects@Prototype_arena_curtains_prototype@Prototype_arena_curtains_prototype_0@curtain100x20_arena_straight500c_49:curtain100x20_arena_straight500c,72,72,2,2,BC6H_UF16,LINEAR,12960,curtain100x20_arena_straight500c.3652983b86aea6e6.tld,True
level.SCNE,arena_clutchtime_int_master@arena_clutchtime_int_shared_layout@GameObjects@balcony_lights@light_ceilinga_round_73:light_ceilinga_round_low_linelightvisibility,16,16,2,1,BC4_UNORM,LINEAR,160,light_ceilinga_round_low_linelightvisibility.bbb5c16588a49e77.tld,True
level.SCNE,arena_clutchtime_int_master@arena_clutchtime_int_shared_layout@GameObjects@balcony@clutchtime_balcony_b_16:clutchtime_balcony_b_low,584,584,2,2,BC6H_UF16,LINEAR,852640,clutchtime_balcony_b_low.4c22b352774c8cb3.tld,False
level.SCNE,arena_clutchtime_int_master@arena_clutchtime_int_shared_layout@GameObjects@Prototype_arena_curtains_prototype@Prototype_arena_curtains_prototype_0@curtain100x20_arena_straight500c_46:curtain100x20_arena_straight500c,72,72,2,2,BC6H_UF16,LINEAR,12960,curtain100x20_arena_straight500c.46bfd23ea5946db7.tld,True
level.SCNE,NormalAndRoughMap#6377b8aa_1765,512,512,10,1,BC7_UNORM,LINEAR,349552,normalandroughmap.9f896591228b9184.tld,False
level.SCNE,arena_clutchtime_int_master@arena_clutchtime_int_shared_layout@GameObjects@balcony_chairs@chair_arenacrowd_seatbackcushion_41:chair_arenacrowd_seatbackcushion_low,88,88,2,2,BC6H_UF16,LINEAR,19360,chair_arenacrowd_seatbackcushion_low.41914be8ffca282a.tld,True
level.SCNE,arena_clutchtime_int_master@arena_clutchtime_int_shared_layout@GameObjects@balcony_chairs@chair_arenacrowd_seatbackcushion_132:chair_arenacrowd_seatbackcushion_low_linelightvisibility,88,88,2,1,BC4_UNORM,LINEAR,4840,chair_arenacrowd_seatbackcushion_low_linelightvisibility.cdcced57da6d1070.tld,True
level.SCNE,arena_clutchtime_int_master@arena_clutchtime_int_shared_layout@GameObjects@ceiling_panels@clutchtime_ceilingpanel_e_1:clutchtime_ceilingpanel_e_low_linelightvisibility,768,768,2,1,BC4_UNORM,LINEAR,368640,clutchtime_ceilingpanel_e_low_linelightvisibility.33ba47bcda8ec47f.tld,False
level.SCNE,arena_clutchtime_int_master@arena_clutchtime_int_shared_layout@GameObjects@mural_lights@light_stage_spotlight_2:light_stage_spotlight_low,40,40,2,2,BC6H_UF16,LINEAR,4000,light_stage_spotlight_low.b803a14f30b2eea7.tld,True
level.SCNE,NormalAndRoughMap#f958e0e1_1586,1024,1024,11,1,BC7_UNORM,LINEAR,1398128,normalandroughmap.e1049c8308a8df56.tld,False
level.SCNE,arena_clutchtime_int_master@arena_clutchtime_int_shared_layout@GameObjects@Prototype_arena_curtains_prototype@Prototype_arena@curtain100x20_arena_straight500c_123:curtain100x20_arena_straight500c,72,72,2,2,BC6H_UF16,LINEAR,12960,curtain100x20_arena_straight500c.24e4eee8dcb9f18b.tld,True
level.SCNE,arena_clutchtime_int_master@arena_clutchtime_int_shared_layout@GameObjects@balcony_lights@light_ceilinga_round_54:light_ceilinga_round_low,16,16,2,2,BC6H_UF16,LINEAR,640,light_ceilinga_round_low.ae55c9ba79f76e51.tld,True
level.SCNE,arena_clutchtime_int_master@arena_clutchtime_int_shared_layout@GameObjects@balcony_chairs@chair_arenacrowd_seatbackcushion_158:chair_arenacrowd_seatbackcushion_low,88,88,2,2,BC6H_UF16,LINEAR,19360,chair_arenacrowd_seatbackcushion_low.4f4eb043ec787578.tld,True
level.SCNE,arena_clutchtime_int_master@arena_clutchtime_int_shared_layout@GameObjects@balcony_chairs@chair_arenacrowd_seatbackcushion_107:chair_arenacrowd_seatbackcushion_low_linelightvisibility,88,88,2,1,BC4_UNORM,LINEAR,4840,chair_arenacrowd_seatbackcushion_low_linelightvisibility.cdcced57da6d1070.tld,True
level.SCNE,arena_clutchtime_int_master@arena_clutchtime_int_shared_layout@GameObjects@balcony_lights@light_ceilinga_round_81:light_ceilinga_round_low,16,16,2,2,BC6H_UF16,LINEAR,640,light_ceilinga_round_low.f481e22a1906853a.tld,True
level.SCNE,arena_clutchtime_int_master@arena_clutchtime_int_shared_layout@GameObjects@doors@electical_outlet_common_aluminum_0:eletrical_oulet_common_linelightvisibility,8,8,2,1,BC4_UNORM,LINEAR,40,eletrical_oulet_common_linelightvisibility.db2b52e90fa51341.tld,True
level.SCNE,arena_clutchtime_int_master@arena_clutchtime_int_shared_layout@GameObjects@balcony_chairs@chair_arenacrowd_seatbackcushion_99:chair_arenacrowd_seatbackcushion_low,88,88,2,2,BC6H_UF16,LINEAR,19360,chair_arenacrowd_seatbackcushion_low.5dfc5463f22364c2.tld,True
level.SCNE,arena_clutchtime_int_master@arena_clutchtime_int_shared_layout@GameObjects@balcony_lights@light_ceilinga_round_32:light_ceilinga_round_low_linelightvisibility,16,16,2,1,BC4_UNORM,LINEAR,160,light_ceilinga_round_low_linelightvisibility.bbb5c16588a49e77.tld,True
level.SCNE,arena_clutchtime_int_master@arena_clutchtime_int_shared_layout@GameObjects@Prototype_arena_curtains_prototype@Prototype_arena_curtains_prototype_0@curtain100x20_arena_straight500c_160:curtain100x20_arena_straight500c,72,72,2,2,BC6H_UF16,LINEAR,12960,curtain100x20_arena_straight500c.51a32741421184b2.tld,True
level.SCNE,arena_clutchtime_int_master@arena_clutchtime_int_shared_layout@GameObjects@balcony_chairs@chair_arenacrowd_seatbackcushion_158:chair_arenacrowd_seatbackcushion_low_linelightvisibility,88,88,2,1,BC4_UNORM,LINEAR,4840,chair_arenacrowd_seatbackcushion_low_linelightvisibility.8641754240d65414.tld,True
level.SCNE,arena_clutchtime_int_master@arena_clutchtime_int_shared_layout@GameObjects@balcony@clutchtime_balcony_b_3:clutchtime_balcony_b_low,584,584,2,2,BC6H_UF16,LINEAR,852640,clutchtime_balcony_b_low.0329f80de0e76e5c.tld,False
level.SCNE,arena_clutchtime_int_master@arena_clutchtime_int_shared_layout@GameObjects@doors@door_interiorwindowb_rightdbl:door_interiorwindowb_rightdbl,112,112,2,2,BC6H_UF16,LINEAR,31360,door_interiorwindowb_rightdbl.39f4e1ec60b14e5a.tld,True
level.SCNE,%databuild_art_root%/asset_library/clutchtime_mural_wall/texture/clutchtime_mural_01.png,1024,1024,11,1,BC1_UNORM,,699064,clutchtime_mural_01.101c91b4573a123a.tld,False
level.SCNE,arena_clutchtime_int_master@arena_clutchtime_int_shared_layout@GameObjects@mural_lights@lighting_suspendedtrack_metalb_20:lighting_suspendedtrack_metalb_low_linelightvisibility,120,120,2,1,BC4_UNORM,LINEAR,9000,lighting_suspendedtrack_metalb_low_linelightvisibility.4294ff82d381bc41.tld,True
level.SCNE,arena_clutchtime_int_master@arena_clutchtime_int_shared_layout@GameObjects@Prototype_arena_curtains_prototype@Prototype_arena_curtains_prototype_0@curtain100x20_arena_straight500c_39:curtain100x20_arena_straight500c,72,72,2,2,BC6H_UF16,LINEAR,12960,curtain100x20_arena_straight500c.9f11902476cfae62.tld,True
level.SCNE,arena_clutchtime_int_master@arena_clutchtime_int_shared_layout@GameObjects@Prototype_arena_curtains_prototype@Prototype_arena_curtains_prototype_0@curtain100x20_arena_straight500c_36:curtain100x20_arena_straight500c,72,72,2,2,BC6H_UF16,LINEAR,12960,curtain100x20_arena_straight500c.cb112860a8d2673b.tld,True
level.SCNE,arena_clutchtime_int_master@arena_clutchtime_int_shared_layout@GameObjects@ceiling_panelslights@clutchtime_ceilingpanellight_b_1:clutchtime_ceilingpanellight_b_low,1272,1272,2,2,BC6H_UF16,LINEAR,4044960,clutchtime_ceilingpanellight_b_low.ae2dada356da3a66.tld,False
level.SCNE,arena_clutchtime_int_master@arena_clutchtime_int_shared_layout@GameObjects@balcony_chairs@chair_arenacrowd_seatbackcushion_52:chair_arenacrowd_seatbackcushion_low,88,88,2,2,BC6H_UF16,LINEAR,19360,chair_arenacrowd_seatbackcushion_low.c8cadfe00dc65577.tld,True
level.SCNE,arena_clutchtime_int_master@arena_clutchtime_int_shared_layout@GameObjects@Prototype_arena_curtains_prototype@Prototype_arena@curtain100x20_arena_straight500c_72:curtain100x20_arena_straight500c,72,72,2,2,BC6H_UF16,LINEAR,12960,curtain100x20_arena_straight500c.bcce6b62d89b22de.tld,True
level.SCNE,arena_clutchtime_int_master@arena_clutchtime_int_shared_layout@GameObjects@mural_lights@light_stage_spotlight_3:light_stage_spotlight_low_linelightvisibility,40,40,2,1,BC4_UNORM,LINEAR,1000,light_stage_spotlight_low_linelightvisibility.1a17b143b66a98aa.tld,True
level.SCNE,arena_clutchtime_int_master@arena_clutchtime_int_shared_layout@GameObjects@Prototype_arena_curtains_prototype@Prototype_arena_curtains_prototype_0@curtain100x20_arena_straight500c_132:curtain100x20_arena_straight500c,72,72,2,2,BC6H_UF16,LINEAR,12960,curtain100x20_arena_straight500c.6a629ff1958a6b22.tld,True
level.SCNE,arena_clutchtime_int_master@arena_clutchtime_int_shared_layout@GameObjects@clutchtimecurtainstunnels1@Prototype_arena_curtains_prototype_2@curtain100x20_arena_straight400c_11:curtain100x20_arena_straight400c,88,88,2,2,BC6H_UF16,LINEAR,19360,curtain100x20_arena_straight400c.d54e08d9bd23a166.tld,True
level.SCNE,arena_clutchtime_int_master@arena_clutchtime_int_shared_layout@GameObjects@clutchtimecurtainstunnels1@Prototype_arena_curtains_prototype_1@curtain100x20_arena_straight400c_5:curtain100x20_arena_straight400c,88,88,2,2,BC6H_UF16,LINEAR,19360,curtain100x20_arena_straight400c.18ec7e64c8961e11.tld,True
level.SCNE,arena_clutchtime_int_master@arena_clutchtime_int_shared_layout@GameObjects@mural_lights@lighting_suspendedtrack_metalb_13:lighting_suspendedtrack_metalb_low_linelightvisibility,120,120,2,1,BC4_UNORM,LINEAR,9000,lighting_suspendedtrack_metalb_low_linelightvisibility.4294ff82d381bc41.tld,True
level.SCNE,NormalAndRoughMap#40afdefd_1490,1024,1024,11,1,BC7_UNORM,LINEAR,1398128,normalandroughmap.6ad21b8bcf56e533.tld,False
level.SCNE,arena_clutchtime_int_master@arena_clutchtime_int_shared_layout@GameObjects@Prototype_arena_curtains_prototype@Prototype_arena@curtain100x20_arena_straight500c_101:curtain100x20_arena_straight500c,72,72,2,2,BC6H_UF16,LINEAR,12960,curtain100x20_arena_straight500c.9fbd797d46e853d5.tld,True
level.SCNE,arena_clutchtime_int_master@arena_clutchtime_int_shared_layout@GameObjects@balcony_lights@light_ceilinga_round_49:light_ceilinga_round_low_linelightvisibility,16,16,2,1,BC4_UNORM,LINEAR,160,light_ceilinga_round_low_linelightvisibility.bbb5c16588a49e77.tld,True
level.SCNE,arena_clutchtime_int_master@arena_clutchtime_int_shared_layout@GameObjects@Prototype_arena_curtains_prototype@Prototype_arena_curtains_prototype_0@curtain100x20_arena_straight500c_60:curtain100x20_arena_straight500c_linelightvisibility,72,72,2,1,BC4_UNORM,LINEAR,3240,curtain100x20_arena_straight500c_linelightvisibility.2ecec2b6370d05ce.tld,True
level.SCNE,arena_clutchtime_int_master@arena_clutchtime_int_shared_layout@GameObjects@balcony_chairs@chair_arenacrowd_seatbackcushion_124:chair_arenacrowd_seatbackcushion_low_linelightvisibility,88,88,2,1,BC4_UNORM,LINEAR,4840,chair_arenacrowd_seatbackcushion_low_linelightvisibility.cdcced57da6d1070.tld,True
level.SCNE,arena_clutchtime_int_master@arena_clutchtime_int_shared_layout@GameObjects@balcony_chairs@chair_arenacrowd_seatbackcushion_114:chair_arenacrowd_seatbackcushion_low,88,88,2,2,BC6H_UF16,LINEAR,19360,chair_arenacrowd_seatbackcushion_low.4d484c2f21f89482.tld,True
level.SCNE,arena_clutchtime_int_master@arena_clutchtime_int_shared_layout@GameObjects@balcony_chairs@chair_arenacrowd_seatbackcushion_111:chair_arenacrowd_seatbackcushion_low_linelightvisibility,88,88,2,1,BC4_UNORM,LINEAR,4840,chair_arenacrowd_seatbackcushion_low_linelightvisibility.cdcced57da6d1070.tld,True
level.SCNE,%databuild_art_root%/asset_library/lighting_suspendedtrack_metalb/texture/lighting_suspendedtrack_metalb_mat_e.png,1024,1024,11,1,BC1_UNORM,,699064,lighting_suspendedtrack_metalb_mat_e.dbaef7d178f83d31.tld,False
level.SCNE,%databuild_art_root%/asset_library/chair_arena_kit/texture/chair_arenacrowd_seatbackcushion_mat_normal.png,1024,1024,11,1,BC5_UNORM,NORMAL,1398128,chair_arenacrowd_seatbackcushion_mat_normal.6027212f98fae24e.tld,False
level.SCNE,arena_clutchtime_int_master@arena_clutchtime_int_shared_layout@GameObjects@mural_lights@lighting_suspendedtrack_metalb_4:lighting_suspendedtrack_metalb_low_linelightvisibility,120,120,2,1,BC4_UNORM,LINEAR,9000,lighting_suspendedtrack_metalb_low_linelightvisibility.4294ff82d381bc41.tld,True
level.SCNE,arena_clutchtime_int_master@arena_clutchtime_int_shared_layout@GameObjects@mural_lights@lighting_suspendedtrack_metalb_11:lighting_suspendedtrack_metalb_low,120,120,2,2,BC6H_UF16,LINEAR,36000,lighting_suspendedtrack_metalb_low.b07d3996e54a2527.tld,True
level.SCNE,%databuild_art_root%/asset_library/sign_exit_generic/texture/exit_sign_green_m.png,512,512,10,1,BC1_UNORM,LINEAR,174776,exit_sign_green_m.5847155614b2093d.tld,False
level.SCNE,arena_clutchtime_int_master@arena_clutchtime_int_shared_layout@GameObjects@balcony_chairs@chair_arenacrowd_seatbackcushion_7:chair_arenacrowd_seatbackcushion_low_linelightvisibility,88,88,2,1,BC4_UNORM,LINEAR,4840,chair_arenacrowd_seatbackcushion_low_linelightvisibility.5aa9aedf98152fea.tld,True
level.SCNE,arena_clutchtime_int_master@arena_clutchtime_int_shared_layout@GameObjects@mural_lights@lighting_suspendedtrack_metalb_0:lighting_suspendedtrack_metalb_low,120,120,2,2,BC6H_UF16,LINEAR,36000,lighting_suspendedtrack_metalb_low.6cbe6a0155d09dd8.tld,True
level.SCNE,arena_clutchtime_int_master@GameObjects@dorna@clutchtime_court_dorna_6:clutchtime_court_dorna_low_linelightvisibility,352,352,2,1,BC4_UNORM,LINEAR,77440,clutchtime_court_dorna_low_linelightvisibility.47ec33d725c1bff7.tld,False
level.SCNE,arena_clutchtime_int_master@arena_clutchtime_int_shared_layout@GameObjects@Prototype_arena_curtains_prototype@Prototype_arena_curtains_prototype_0@curtain100x20_arena_straight500c_61:curtain100x20_arena_straight500c_linelightvisibility,72,72,2,1,BC4_UNORM,LINEAR,3240,curtain100x20_arena_straight500c_linelightvisibility.2ecec2b6370d05ce.tld,True
level.SCNE,arena_clutchtime_int_master@arena_clutchtime_int_shared_layout@GameObjects@balcony_chairs@chair_arenacrowd_seatbackcushion_6:chair_arenacrowd_seatbackcushion_low,88,88,2,2,BC6H_UF16,LINEAR,19360,chair_arenacrowd_seatbackcushion_low.18d06dcba4fbbf75.tld,True
level.SCNE,arena_clutchtime_int_master@arena_clutchtime_int_shared_layout@GameObjects@balcony@clutchtime_balcony_c:clutchtime_balcony_c_low_linelightvisibility,640,640,2,1,BC4_UNORM,LINEAR,256000,clutchtime_balcony_c_low_linelightvisibility.ca340fceda18f5f1.tld,False
level.SCNE,arena_clutchtime_int_master@arena_clutchtime_int_shared_layout@GameObjects@Prototype_arena_curtains_prototype@Prototype_arena_curtains_prototype_0@curtain100x20_arena_straight500c_14:curtain100x20_arena_straight500c,72,72,2,2,BC6H_UF16,LINEAR,12960,curtain100x20_arena_straight500c.77bfee65f7ef4884.tld,True
level.SCNE,arena_clutchtime_int_master@arena_clutchtime_int_shared_layout@GameObjects@ceiling@clutchtime_ceiling_ribs_0:clutchtime_ceiling_ribs_low_linelightvisibility,1072,1072,2,1,BC4_UNORM,LINEAR,718240,clutchtime_ceiling_ribs_low_linelightvisibility.7e797a8a7d8e31b7.tld,False
level.SCNE,arena_clutchtime_int_master@arena_clutchtime_int_shared_layout@GameObjects@balcony_lights@light_ceilinga_round_6:light_ceilinga_round_low_linelightvisibility,16,16,2,1,BC4_UNORM,LINEAR,160,light_ceilinga_round_low_linelightvisibility.bbb5c16588a49e77.tld,True
level.SCNE,arena_clutchtime_int_master@arena_clutchtime_int_shared_layout@GameObjects@Prototype_arena_curtains_prototype@Prototype_arena_curtains_prototype_0@curtain100x20_arena_straight500c_142:curtain100x20_arena_straight500c,72,72,2,2,BC6H_UF16,LINEAR,12960,curtain100x20_arena_straight500c.75313b9672fedb5d.tld,True
level.SCNE,arena_clutchtime_int_master@arena_clutchtime_int_shared_layout@GameObjects@Prototype_arena_curtains_prototype@Prototype_arena@curtain100x20_arena_straight500c_171:curtain100x20_arena_straight500c,72,72,2,2,BC6H_UF16,LINEAR,12960,curtain100x20_arena_straight500c.ac9085f183e2730b.tld,True
level.SCNE,arena_clutchtime_int_master@arena_clutchtime_int_shared_layout@GameObjects@stands@clutchtime_stair_3step_2:clutchtime_stair_3step_low_linelightvisibility,80,80,2,1,BC4_UNORM,LINEAR,4000,clutchtime_stair_3step_low_linelightvisibility.e459a7044e5be3c6.tld,True
level.SCNE,arena_clutchtime_int_master@arena_clutchtime_int_shared_layout@GameObjects@balcony_chairs@chair_arenacrowd_seatbackcushion_107:chair_arenacrowd_seatbackcushion_low,88,88,2,2,BC6H_UF16,LINEAR,19360,chair_arenacrowd_seatbackcushion_low.79e76751aa799efb.tld,True
level.SCNE,arena_clutchtime_int_master@arena_clutchtime_int_shared_layout@GameObjects@balcony_chairs@chair_arenacrowd_seatbackcushion_83:chair_arenacrowd_seatbackcushion_low_linelightvisibility,88,88,2,1,BC4_UNORM,LINEAR,4840,chair_arenacrowd_seatbackcushion_low_linelightvisibility.cdcced57da6d1070.tld,True
level.SCNE,arena_clutchtime_int_master@arena_clutchtime_int_shared_layout@GameObjects@balcony_chairs@chair_arenacrowd_seatbackcushion_11:chair_arenacrowd_seatbackcushion_low_linelightvisibility,88,88,2,1,BC4_UNORM,LINEAR,4840,chair_arenacrowd_seatbackcushion_low_linelightvisibility.e9c39eec77596443.tld,True
level.SCNE,arena_clutchtime_int_master@arena_clutchtime_int_shared_layout@GameObjects@balcony_lights@light_ceilinga_round_1:light_ceilinga_round_low,16,16,2,2,BC6H_UF16,LINEAR,640,light_ceilinga_round_low.8926cc029df63fac.tld,True
level.SCNE,arena_clutchtime_int_master@arena_clutchtime_int_shared_layout@GameObjects@balcony_lights@light_ceilinga_round_14:light_ceilinga_round_low_linelightvisibility,16,16,2,1,BC4_UNORM,LINEAR,160,light_ceilinga_round_low_linelightvisibility.bbb5c16588a49e77.tld,True
level.SCNE,arena_clutchtime_int_master@arena_clutchtime_int_shared_layout@GameObjects@balcony_chairs@chair_arenacrowd_seatbackcushion_38:chair_arenacrowd_seatbackcushion_low,88,88,2,2,BC6H_UF16,LINEAR,19360,chair_arenacrowd_seatbackcushion_low.3731c94240538d11.tld,True
level.SCNE,arena_clutchtime_int_master@arena_clutchtime_int_shared_layout@GameObjects@balcony_chairs@chair_arenacrowd_seatbackcushion_24:chair_arenacrowd_seatbackcushion_low_linelightvisibility,88,88,2,1,BC4_UNORM,LINEAR,4840,chair_arenacrowd_seatbackcushion_low_linelightvisibility.69472a0c02732608.tld,True
level.SCNE,arena_clutchtime_int_master@arena_clutchtime_int_shared_layout@GameObjects@balcony_chairs@chair_arenacrowd_seatbackcushion_121:chair_arenacrowd_seatbackcushion_low,88,88,2,2,BC6H_UF16,LINEAR,19360,chair_arenacrowd_seatbackcushion_low.d57a3e96f6477043.tld,True
level.SCNE,arena_clutchtime_int_master@arena_clutchtime_int_shared_layout@GameObjects@balcony_lights@light_ceilinga_round_55:light_ceilinga_round_low_linelightvisibility,16,16,2,1,BC4_UNORM,LINEAR,160,light_ceilinga_round_low_linelightvisibility.bbb5c16588a49e77.tld,True
level.SCNE,arena_clutchtime_int_master@arena_clutchtime_int_shared_layout@GameObjects@ceiling_panelslights@clutchtime_ceilingpanellight_a_1:clutchtime_ceilingpanellight_a_low,1200,1200,2,2,BC6H_UF16,LINEAR,3600000,clutchtime_ceilingpanellight_a_low.fd71b39ab255b43f.tld,False
level.SCNE,arena_clutchtime_int_master@arena_clutchtime_int_shared_layout@GameObjects@Prototype_arena_curtains_prototype@Prototype_arena@curtain100x20_arena_straight500c_191:curtain100x20_arena_straight500c,72,72,2,2,BC6H_UF16,LINEAR,12960,curtain100x20_arena_straight500c.7ada20e869b5525b.tld,True
level.SCNE,arena_clutchtime_int_master@arena_clutchtime_int_shared_layout@GameObjects@balcony_chairs@chair_arenacrowd_seatbackcushion_132:chair_arenacrowd_seatbackcushion_low,88,88,2,2,BC6H_UF16,LINEAR,19360,chair_arenacrowd_seatbackcushion_low.343c93db811ff6ec.tld,True
level.SCNE,arena_clutchtime_int_master@arena_clutchtime_int_shared_layout@GameObjects@balcony@clutchtime_balcony_railing_14:clutchtime_balcony_railing_low,104,104,2,2,BC6H_UF16,LINEAR,27040,clutchtime_balcony_railing_low.afbff3120a2460e8.tld,True
level.SCNE,arena_clutchtime_int_master@arena_clutchtime_int_shared_layout@GameObjects@Prototype_arena_curtains_prototype@Prototype_arena@curtain100x20_arena_straight500c_92:curtain100x20_arena_straight500c,72,72,2,2,BC6H_UF16,LINEAR,12960,curtain100x20_arena_straight500c.f301e4e988ba1104.tld,True
level.SCNE,arena_clutchtime_int_master@arena_clutchtime_int_shared_layout@GameObjects@clutchtimecurtainstunnels1@Prototype_arena_curtains_prototype_1@curtain100x20_arena_straight300c_0:curtain100x20_arena_straight300c_linelightvisibility,56,56,2,1,BC4_UNORM,LINEAR,1960,curtain100x20_arena_straight300c_linelightvisibility.49e70862deee7549.tld,True
level.SCNE,arena_clutchtime_int_master@arena_clutchtime_int_shared_layout@GameObjects@ceiling_panelslights@clutchtime_ceilingpanellight_e_4:clutchtime_ceilingpanellight_e_low,1168,1168,2,2,BC6H_UF16,LINEAR,3410560,clutchtime_ceilingpanellight_e_low.8710a8fc62eb58dd.tld,False
level.SCNE,arena_clutchtime_int_master@GameObjects@dorna@clutchtime_court_dornaend_0:clutchtime_court_dornaend_low_linelightvisibility,104,104,2,1,BC4_UNORM,LINEAR,6760,clutchtime_court_dornaend_low_linelightvisibility.33c2f7bd34dc6c46.tld,True
level.SCNE,arena_clutchtime_int_master@arena_clutchtime_int_shared_layout@GameObjects@doors@doorframe_interiorhingeless_double_3:doorframe_interiorhingeless_double_low,104,104,2,2,BC6H_UF16,LINEAR,27040,doorframe_interiorhingeless_double_low.18aca8e38f81f206.tld,True
level.SCNE,arena_clutchtime_int_master@arena_clutchtime_int_shared_layout@GameObjects@balcony_lights@light_ceilinga_round_23:light_ceilinga_round_low,16,16,2,2,BC6H_UF16,LINEAR,640,light_ceilinga_round_low.8895e2791a42bff0.tld,True
level.SCNE,court_pillibl_3.bbbad7c7,128,128,6,6,BC6H_UF16,LINEAR,131040,court_pillibl_3.1dc6f5498b9d6a49.tld,False
level.SCNE,arena_clutchtime_int_master@arena_clutchtime_int_shared_layout@GameObjects@doors@electrical_switch_double_0:light_switch_double_low,32,32,2,2,BC6H_UF16,LINEAR,2560,light_switch_double_low.df1563f46e02dccc.tld,True
level.SCNE,arena_clutchtime_int_master@arena_clutchtime_int_shared_layout@GameObjects@mural_lights@lighting_suspendedtrack_metalb_26:lighting_suspendedtrack_metalb_low,120,120,2,2,BC6H_UF16,LINEAR,36000,lighting_suspendedtrack_metalb_low.707065113522f5e9.tld,True
level.SCNE,arena_clutchtime_int_master@arena_clutchtime_int_shared_layout@GameObjects@balcony@clutchtime_balcony_a:clutchtime_balcony_a_low,696,696,2,2,BC6H_UF16,LINEAR,1211040,clutchtime_balcony_a_low.9927c8fdccd127a3.tld,False
level.SCNE,arena_clutchtime_int_master@arena_clutchtime_int_shared_layout@GameObjects@doors@door_interiorwindowb_leftdbl_1:door_interiorwindowb_leftdbl,112,112,2,2,BC6H_UF16,LINEAR,31360,door_interiorwindowb_leftdbl.0db4d28d74ea42b0.tld,True
level.SCNE,arena_clutchtime_int_master@arena_clutchtime_int_shared_layout@GameObjects@Prototype_arena_curtains_prototype@Prototype_arena@curtain100x20_arena_straight500c_170:curtain100x20_arena_straight500c_linelightvisibility,72,72,2,1,BC4_UNORM,LINEAR,3240,curtain100x20_arena_straight500c_linelightvisibility.a103d2311a525736.tld,True
level.SCNE,arena_clutchtime_int_master@arena_clutchtime_int_shared_layout@GameObjects@balcony_lights@light_ceilinga_round_56:light_ceilinga_round_low,16,16,2,2,BC6H_UF16,LINEAR,640,light_ceilinga_round_low.aaebcf0f9c072500.tld,True
level.SCNE,court_pillibl_2AlbedoMetalness.ccbde751,128,128,1,6,BC7_UNORM,,98304,court_pillibl_2albedometalness.c7eef7ad243808f7.tld,False
level.SCNE,arena_clutchtime_int_master@arena_clutchtime_int_shared_layout@GameObjects@Prototype_arena_curtains_prototype@Prototype_arena@curtain100x20_arena_straight500c_195:curtain100x20_arena_straight500c_linelightvisibility,72,72,2,1,BC4_UNORM,LINEAR,3240,curtain100x20_arena_straight500c_linelightvisibility.d240ef4863382567.tld,True
level.SCNE,arena_clutchtime_int_master@arena_clutchtime_int_shared_layout@GameObjects@Prototype_arena_curtains_prototype@Prototype_arena_curtains_prototype_0@curtain100x20_arena_straight500c_50:curtain100x20_arena_straight500c,72,72,2,2,BC6H_UF16,LINEAR,12960,curtain100x20_arena_straight500c.ca2190dea4423e81.tld,True
level.SCNE,arena_clutchtime_int_master@arena_clutchtime_int_shared_layout@GameObjects@stands@clutchtime_stair_3step_4:clutchtime_stair_3step_low,80,80,2,2,BC6H_UF16,LINEAR,16000,clutchtime_stair_3step_low.825a9d4fc5deb05f.tld,True
level.SCNE,court_pillibl_1Depth.55b4b6eb,128,128,1,6,BC6H_UF16,LINEAR,98304,court_pillibl_1depth.4a9a3cc595b17d04.tld,False
level.SCNE,arena_clutchtime_int_master@arena_clutchtime_int_shared_layout@GameObjects@balcony_lights@light_ceilinga_round_83:light_ceilinga_round_low,16,16,2,2,BC6H_UF16,LINEAR,640,light_ceilinga_round_low.f9aa3054ca845114.tld,True
level.SCNE,arena_clutchtime_int_master@arena_clutchtime_int_shared_layout@GameObjects@balcony_chairs@chair_arenacrowd_seatbackcushion_108:chair_arenacrowd_seatbackcushion_low_linelightvisibility,88,88,2,1,BC4_UNORM,LINEAR,4840,chair_arenacrowd_seatbackcushion_low_linelightvisibility.cdcced57da6d1070.tld,True
level.SCNE,arena_clutchtime_int_master@arena_clutchtime_int_shared_layout@GameObjects@stands@clutchtime_stair_3step_5:clutchtime_stair_3step_low,80,80,2,2,BC6H_UF16,LINEAR,16000,clutchtime_stair_3step_low.cc5346ef48f63c9b.tld,True
level.SCNE,pillibl_2.d80ab9cb,128,128,6,6,BC6H_UF16,LINEAR,131040,pillibl_2.9f79aec6eb74d75a.tld,False
level.SCNE,arena_clutchtime_int_master@arena_clutchtime_int_shared_layout@GameObjects@clutchtimecurtainstunnels1@Prototype_arena_curtains_prototype_1@curtain100x20_arena_straight300c_0:curtain100x20_arena_straight300c,56,56,2,2,BC6H_UF16,LINEAR,7840,curtain100x20_arena_straight300c.1744fe9027d7e1ea.tld,True
level.SCNE,arena_clutchtime_int_master@arena_clutchtime_int_shared_layout@GameObjects@Prototype_arena_curtains_prototype@Prototype_arena@curtain100x20_arena_straight500c_171:curtain100x20_arena_straight500c_linelightvisibility,72,72,2,1,BC4_UNORM,LINEAR,3240,curtain100x20_arena_straight500c_linelightvisibility.e3bdf388a8a99909.tld,True
level.SCNE,arena_clutchtime_int_master@arena_clutchtime_int_shared_layout@GameObjects@balcony_chairs@chair_arenacrowd_seatbackcushion_55:chair_arenacrowd_seatbackcushion_low,88,88,2,2,BC6H_UF16,LINEAR,19360,chair_arenacrowd_seatbackcushion_low.e05ae33a67d9643c.tld,True
level.SCNE,arena_clutchtime_int_master@arena_clutchtime_int_shared_layout@GameObjects@Prototype_arena_curtains_prototype@Prototype_arena@curtain100x20_arena_straight500c_194:curtain100x20_arena_straight500c_linelightvisibility,72,72,2,1,BC4_UNORM,LINEAR,3240,curtain100x20_arena_straight500c_linelightvisibility.ac9c54e57f06dadf.tld,True
level.SCNE,arena_clutchtime_int_master@arena_clutchtime_int_shared_layout@GameObjects@balcony@clutchtime_balcony_b_14:clutchtime_balcony_b_low,584,584,2,2,BC6H_UF16,LINEAR,852640,clutchtime_balcony_b_low.8848e6ad33e63f73.tld,False
level.SCNE,arena_clutchtime_int_master@arena_clutchtime_int_shared_layout@GameObjects@stands@clutchtime_stair_3step_7:clutchtime_stair_3step_low,80,80,2,2,BC6H_UF16,LINEAR,16000,clutchtime_stair_3step_low.9e599c7fc4546536.tld,True
level.SCNE,arena_clutchtime_int_master@arena_clutchtime_int_shared_layout@GameObjects@ceiling@clutchtime_ceiling_c_0:clutchtime_ceiling_c_low_linelightvisibility,1120,1120,2,1,BC4_UNORM,LINEAR,784000,clutchtime_ceiling_c_low_linelightvisibility.51db5252743aaa5a.tld,False
level.SCNE,arena_clutchtime_int_master@arena_clutchtime_int_shared_layout@GameObjects@balcony_lights@light_ceilinga_round_62:light_ceilinga_round_low_linelightvisibility,16,16,2,1,BC4_UNORM,LINEAR,160,light_ceilinga_round_low_linelightvisibility.bbb5c16588a49e77.tld,True
level.SCNE,arena_clutchtime_int_master@arena_clutchtime_int_shared_layout@GameObjects@balcony_chairs@chair_arenacrowd_seatbackcushion_157:chair_arenacrowd_seatbackcushion_low_linelightvisibility,88,88,2,1,BC4_UNORM,LINEAR,4840,chair_arenacrowd_seatbackcushion_low_linelightvisibility.c58423f4260a61b7.tld,True
level.SCNE,arena_clutchtime_int_master@arena_clutchtime_int_shared_layout@GameObjects@balcony_chairs@chair_arenacrowd_seatbackcushion_46:chair_arenacrowd_seatbackcushion_low,88,88,2,2,BC6H_UF16,LINEAR,19360,chair_arenacrowd_seatbackcushion_low.4e48468766bbb8e5.tld,True
level.SCNE,%databuild_art_root%/material_library/_generic_textures/colors/color_black_000000.png,1,1,1,1,BC1_UNORM,,8,color_black_000000.eae93d8a48caf113.tld,True
level.SCNE,arena_clutchtime_int_master@arena_clutchtime_int_shared_layout@GameObjects@Prototype_arena_curtains_prototype@Prototype_arena@curtain100x20_arena_straight500c_196:curtain100x20_arena_straight500c_linelightvisibility,72,72,2,1,BC4_UNORM,LINEAR,3240,curtain100x20_arena_straight500c_linelightvisibility.9e31c10120968e8c.tld,True
level.SCNE,arena_clutchtime_int_master@arena_clutchtime_int_shared_layout@GameObjects@Prototype_arena_curtains_prototype@Prototype_arena@curtain100x20_arena_straight500c_173:curtain100x20_arena_straight500c_linelightvisibility,72,72,2,1,BC4_UNORM,LINEAR,3240,curtain100x20_arena_straight500c_linelightvisibility.433d3d9f6ab0c1c2.tld,True
level.SCNE,arena_clutchtime_int_master@arena_clutchtime_int_shared_layout@GameObjects@ceiling_panelslights@clutchtime_ceilingpanellight_d_1:clutchtime_ceilingpanellight_d_low,1160,1160,2,2,BC6H_UF16,LINEAR,3364000,clutchtime_ceilingpanellight_d_low.1d7f9ff620150293.tld,False
level.SCNE,arena_clutchtime_int_master@arena_clutchtime_int_shared_layout@GameObjects@stands@clutchtime_stair_4step:clutchtime_stair_4step_low_linelightvisibility,88,88,2,1,BC4_UNORM,LINEAR,4840,clutchtime_stair_4step_low_linelightvisibility.9766b37c4f0daf4a.tld,True
level.SCNE,arena_clutchtime_int_master@arena_clutchtime_int_shared_layout@GameObjects@Prototype_arena_curtains_prototype@Prototype_arena_curtains_prototype_0@curtain100x20_arena_straight500c_20:curtain100x20_arena_straight500c,72,72,2,2,BC6H_UF16,LINEAR,12960,curtain100x20_arena_straight500c.8ab968487f364bee.tld,True
level.SCNE,arena_clutchtime_int_master@arena_clutchtime_int_shared_layout@GameObjects@Prototype_arena_curtains_prototype@Prototype_arena@curtain100x20_arena_straight500c_172:curtain100x20_arena_straight500c_linelightvisibility,72,72,2,1,BC4_UNORM,LINEAR,3240,curtain100x20_arena_straight500c_linelightvisibility.d52edcad6328b888.tld,True
level.SCNE,arena_clutchtime_int_master@arena_clutchtime_int_shared_layout@GameObjects@balcony_lights@light_ceilinga_round_23:light_ceilinga_round_low_linelightvisibility,16,16,2,1,BC4_UNORM,LINEAR,160,light_ceilinga_round_low_linelightvisibility.bbb5c16588a49e77.tld,True
level.SCNE,arena_clutchtime_int_master@arena_clutchtime_int_shared_layout@GameObjects@ceiling_panelslights@clutchtime_ceilingpanellight_a_6:clutchtime_ceilingpanellight_a_low_linelightvisibility,1200,1200,2,1,BC4_UNORM,LINEAR,900000,clutchtime_ceilingpanellight_a_low_linelightvisibility.3a1373a98a6f9cf0.tld,False
level.SCNE,arena_clutchtime_int_master@arena_clutchtime_int_shared_layout@GameObjects@stands@clutchtime_stair_3step_6:clutchtime_stair_3step_low,80,80,2,2,BC6H_UF16,LINEAR,16000,clutchtime_stair_3step_low.8f31bd21cfcbc60e.tld,True
level.SCNE,arena_clutchtime_int_master@arena_clutchtime_int_shared_layout@GameObjects@balcony@clutchtime_balcony_b_1:clutchtime_balcony_b_low,584,584,2,2,BC6H_UF16,LINEAR,852640,clutchtime_balcony_b_low.a761eb9302e0d7a2.tld,False
level.SCNE,arena_clutchtime_int_master@arena_clutchtime_int_shared_layout@GameObjects@walls@clutchtime_wall_corner_1:clutchtime_wall_corner_low_linelightvisibility,256,256,2,1,BC4_UNORM,LINEAR,40960,clutchtime_wall_corner_low_linelightvisibility.04896807165a068c.tld,True
level.SCNE,arena_clutchtime_int_master@arena_clutchtime_int_shared_layout@GameObjects@Prototype_arena_curtains_prototype@Prototype_arena@curtain100x20_arena_straight500c_192:curtain100x20_arena_straight500c_linelightvisibility,72,72,2,1,BC4_UNORM,LINEAR,3240,curtain100x20_arena_straight500c_linelightvisibility.2ecec2b6370d05ce.tld,True
level.SCNE,arena_clutchtime_int_master@arena_clutchtime_int_shared_layout@GameObjects@balcony_chairs@chair_arenacrowd_seatbackcushion_60:chair_arenacrowd_seatbackcushion_low,88,88,2,2,BC6H_UF16,LINEAR,19360,chair_arenacrowd_seatbackcushion_low.0cf5e7566df31281.tld,True
level.SCNE,arena_clutchtime_int_master@arena_clutchtime_int_shared_layout@GameObjects@balcony_lights@light_ceilinga_round_48:light_ceilinga_round_low,16,16,2,2,BC6H_UF16,LINEAR,640,light_ceilinga_round_low.0e06cc23edbd4c60.tld,True
level.SCNE,arena_clutchtime_int_master@arena_clutchtime_int_shared_layout@GameObjects@ceiling_panels@clutchtime_ceilingpanel_d_0:clutchtime_ceilingpanel_d_low_linelightvisibility,768,768,2,1,BC4_UNORM,LINEAR,368640,clutchtime_ceilingpanel_d_low_linelightvisibility.33ba47bcda8ec47f.tld,False
level.SCNE,arena_clutchtime_int_master@arena_clutchtime_int_shared_layout@GameObjects@Prototype_arena_curtains_prototype@Prototype_arena@curtain100x20_arena_straight500c_177:curtain100x20_arena_straight500c_linelightvisibility,72,72,2,1,BC4_UNORM,LINEAR,3240,curtain100x20_arena_straight500c_linelightvisibility.2ecec2b6370d05ce.tld,True
level.SCNE,arena_clutchtime_int_master@GameObjects@dorna@clutchtime_court_dorna_13:clutchtime_court_dorna_low_linelightvisibility,352,352,2,1,BC4_UNORM,LINEAR,77440,clutchtime_court_dorna_low_linelightvisibility.2b981601fbe74246.tld,False
level.SCNE,arena_clutchtime_int_master@arena_clutchtime_int_shared_layout@GameObjects@mural_lights@lighting_suspendedtrack_metalb_5:lighting_suspendedtrack_metalb_low_linelightvisibility,120,120,2,1,BC4_UNORM,LINEAR,9000,lighting_suspendedtrack_metalb_low_linelightvisibility.4294ff82d381bc41.tld,True
level.SCNE,arena_clutchtime_int_master@arena_clutchtime_int_shared_layout@GameObjects@ceiling_panels@clutchtime_ceilingpanel_a_0:clutchtime_ceilingpanel_a_low_linelightvisibility,776,776,2,1,BC4_UNORM,LINEAR,376360,clutchtime_ceilingpanel_a_low_linelightvisibility.986325f0b2280183.tld,False
level.SCNE,ibl1,128,128,6,6,BC6H_UF16,LINEAR,131040,ibl1.1649d8fda430987e.tld,False
level.SCNE,arena_clutchtime_int_master@arena_clutchtime_int_shared_layout@GameObjects@stands@clutchtime_stair_3step_3:clutchtime_stair_3step_low,80,80,2,2,BC6H_UF16,LINEAR,16000,clutchtime_stair_3step_low.cbd717f55852daaf.tld,True
level.SCNE,arena_clutchtime_int_master@arena_clutchtime_int_shared_layout@GameObjects@doors@sign_exit_generic:sign_exit_generic,24,24,2,2,BC6H_UF16,LINEAR,1440,sign_exit_generic.f210c1c0c8085fb6.tld,True
level.SCNE,arena_clutchtime_int_master@arena_clutchtime_int_shared_layout@GameObjects@walls@clutchtime_wall_c:clutchtime_wall_c_low,944,944,2,2,BC6H_UF16,LINEAR,2227840,clutchtime_wall_c_low.e08df2cbd1e72aac.tld,False
level.SCNE,arena_clutchtime_int_master@arena_clutchtime_int_shared_layout@GameObjects@stands@clutchtime_stair_3step_2:clutchtime_stair_3step_low,80,80,2,2,BC6H_UF16,LINEAR,16000,clutchtime_stair_3step_low.3f0bae25c22e9a98.tld,True
level.SCNE,arena_clutchtime_int_master@arena_clutchtime_int_shared_layout@GameObjects@Prototype_arena_curtains_prototype@Prototype_arena@curtain100x20_arena_straight500c_193:curtain100x20_arena_straight500c_linelightvisibility,72,72,2,1,BC4_UNORM,LINEAR,3240,curtain100x20_arena_straight500c_linelightvisibility.3a7844dad898afeb.tld,True
level.SCNE,arena_clutchtime_int_master@arena_clutchtime_int_shared_layout@GameObjects@mural_lights@lighting_suspendedtrack_metalb_12:lighting_suspendedtrack_metalb_low_linelightvisibility,120,120,2,1,BC4_UNORM,LINEAR,9000,lighting_suspendedtrack_metalb_low_linelightvisibility.4294ff82d381bc41.tld,True
level.SCNE,arena_clutchtime_int_master@arena_clutchtime_int_shared_layout@GameObjects@Prototype_arena_curtains_prototype@Prototype_arena@curtain100x20_arena_straight500c_176:curtain100x20_arena_straight500c_linelightvisibility,72,72,2,1,BC4_UNORM,LINEAR,3240,curtain100x20_arena_straight500c_linelightvisibility.21d9e520a6da1bef.tld,True
level.SCNE,arena_clutchtime_int_master@arena_clutchtime_int_shared_layout@GameObjects@balcony_lights@light_ceilinga_round_71:light_ceilinga_round_low,16,16,2,2,BC6H_UF16,LINEAR,640,light_ceilinga_round_low.48622f2c9cc5bf4c.tld,True
level.SCNE,arena_clutchtime_int_master@arena_clutchtime_int_shared_layout@GameObjects@stands@clutchtime_stair_3step_0:clutchtime_stair_3step_low,80,80,2,2,BC6H_UF16,LINEAR,16000,clutchtime_stair_3step_low.293035d9043e7585.tld,True
level.SCNE,arena_clutchtime_int_master@arena_clutchtime_int_shared_layout@GameObjects@Prototype_arena_curtains_prototype@Prototype_arena@curtain100x20_arena_straight500c_174:curtain100x20_arena_straight500c_linelightvisibility,72,72,2,1,BC4_UNORM,LINEAR,3240,curtain100x20_arena_straight500c_linelightvisibility.2aea29e44b9e2579.tld,True
level.SCNE,arena_clutchtime_int_master@arena_clutchtime_int_shared_layout@GameObjects@balcony_chairs@chair_arenacrowd_seatbackcushion_62:chair_arenacrowd_seatbackcushion_low_linelightvisibility,88,88,2,1,BC4_UNORM,LINEAR,4840,chair_arenacrowd_seatbackcushion_low_linelightvisibility.cdcced57da6d1070.tld,True
level.SCNE,arena_clutchtime_int_master@arena_clutchtime_int_shared_layout@GameObjects@Prototype_arena_curtains_prototype@Prototype_arena@curtain100x20_arena_straight500c_191:curtain100x20_arena_straight500c_linelightvisibility,72,72,2,1,BC4_UNORM,LINEAR,3240,curtain100x20_arena_straight500c_linelightvisibility.2ecec2b6370d05ce.tld,True
level.SCNE,arena_clutchtime_int_master@arena_clutchtime_int_shared_layout@GameObjects@balcony_chairs@chair_arenacrowd_seatbackcushion_73:chair_arenacrowd_seatbackcushion_low,88,88,2,2,BC6H_UF16,LINEAR,19360,chair_arenacrowd_seatbackcushion_low.b1419f7d970e2895.tld,True
level.SCNE,arena_clutchtime_int_master@arena_clutchtime_int_shared_layout@GameObjects@Prototype_arena_curtains_prototype@Prototype_arena@curtain100x20_arena_straight500c_175:curtain100x20_arena_straight500c_linelightvisibility,72,72,2,1,BC4_UNORM,LINEAR,3240,curtain100x20_arena_straight500c_linelightvisibility.806566438d5d3752.tld,True
level.SCNE,arena_clutchtime_int_master@arena_clutchtime_int_shared_layout@GameObjects@Prototype_arena_curtains_prototype@Prototype_arena@curtain100x20_arena_straight500c_190:curtain100x20_arena_straight500c_linelightvisibility,72,72,2,1,BC4_UNORM,LINEAR,3240,curtain100x20_arena_straight500c_linelightvisibility.2ecec2b6370d05ce.tld,True
level.SCNE,arena_clutchtime_int_master@arena_clutchtime_int_shared_layout@GameObjects@stands@clutchtime_stair_3step_1:clutchtime_stair_3step_low,80,80,2,2,BC6H_UF16,LINEAR,16000,clutchtime_stair_3step_low.be5bfd9a8b438bf4.tld,True
level.SCNE,arena_clutchtime_int_master@arena_clutchtime_int_shared_layout@GameObjects@balcony_chairs@chair_arenacrowd_seatbackcushion_57:chair_arenacrowd_seatbackcushion_low_linelightvisibility,88,88,2,1,BC4_UNORM,LINEAR,4840,chair_arenacrowd_seatbackcushion_low_linelightvisibility.cdcced57da6d1070.tld,True
level.SCNE,arena_clutchtime_int_master@arena_clutchtime_int_shared_layout@GameObjects@stands@clutchtime_stair_4step:clutchtime_stair_4step_low,88,88,2,2,BC6H_UF16,LINEAR,19360,clutchtime_stair_4step_low.0b02f7fac4ab42a6.tld,True
level.SCNE,%databuild_art_root%/material_library/concrete_dusty/texture/concrete_dusty_ambientocclusion.png,1024,1024,11,1,BC1_UNORM,LINEAR,699064,concrete_dusty_ambientocclusion.939141ec5a058197.tld,False
level.SCNE,arena_clutchtime_int_master@arena_clutchtime_int_shared_layout@GameObjects@balcony@clutchtime_balcony_column_5:clutchtime_balcony_column_low_linelightvisibility,496,496,2,1,BC4_UNORM,LINEAR,153760,clutchtime_balcony_column_low_linelightvisibility.5654e64db08fba80.tld,False
level.SCNE,arena_clutchtime_int_master@arena_clutchtime_int_shared_layout@GameObjects@balcony@clutchtime_balcony_c_4:clutchtime_balcony_c_low_linelightvisibility,640,640,2,1,BC4_UNORM,LINEAR,256000,clutchtime_balcony_c_low_linelightvisibility.0e9a50f485bbc81f.tld,False
level.SCNE,arena_clutchtime_int_master@arena_clutchtime_int_shared_layout@GameObjects@balcony_chairs@chair_arenacrowd_seatbackcushion_135:chair_arenacrowd_seatbackcushion_low,88,88,2,2,BC6H_UF16,LINEAR,19360,chair_arenacrowd_seatbackcushion_low.49f4471451de8c18.tld,True
level.SCNE,arena_clutchtime_int_master@arena_clutchtime_int_shared_layout@GameObjects@ceiling@clutchtime_ceiling_b_0:clutchtime_ceiling_b_low,1688,1688,2,2,BC6H_UF16,LINEAR,7123360,clutchtime_ceiling_b_low.11aebdead537f190.tld,False
level.SCNE,arena_clutchtime_int_master@arena_clutchtime_int_shared_layout@GameObjects@balcony_lights@light_ceilinga_round_87:light_ceilinga_round_low_linelightvisibility,16,16,2,1,BC4_UNORM,LINEAR,160,light_ceilinga_round_low_linelightvisibility.bbb5c16588a49e77.tld,True
level.SCNE,arena_clutchtime_int_master@arena_clutchtime_int_shared_layout@GameObjects@balcony_lights@light_ceilinga_round_3:light_ceilinga_round_low,16,16,2,2,BC6H_UF16,LINEAR,640,light_ceilinga_round_low.2356c0480b389b57.tld,True
level.SCNE,arena_clutchtime_int_master@arena_clutchtime_int_shared_layout@GameObjects@Prototype_arena_curtains_prototype@Prototype_arena@curtain100x20_arena_straight500c_187:curtain100x20_arena_straight500c,72,72,2,2,BC6H_UF16,LINEAR,12960,curtain100x20_arena_straight500c.4bf3b77c2b36889f.tld,True
level.SCNE,arena_clutchtime_int_master@arena_clutchtime_int_shared_layout@GameObjects@Prototype_arena_curtains_prototype@Prototype_arena@curtain100x20_arena_straight500c_188:curtain100x20_arena_straight500c,72,72,2,2,BC6H_UF16,LINEAR,12960,curtain100x20_arena_straight500c.f718b0961492f3be.tld,True
level.SCNE,arena_clutchtime_int_master@arena_clutchtime_int_shared_layout@GameObjects@Prototype_arena_curtains_prototype@Prototype_arena@curtain100x20_arena_straight500c_84:curtain100x20_arena_straight500c,72,72,2,2,BC6H_UF16,LINEAR,12960,curtain100x20_arena_straight500c.c6a6643782161bdb.tld,True
level.SCNE,arena_clutchtime_int_master@arena_clutchtime_int_shared_layout@GameObjects@stands@clutchtime_stair_3step_9:clutchtime_stair_3step_low,80,80,2,2,BC6H_UF16,LINEAR,16000,clutchtime_stair_3step_low.958f079db1578694.tld,True
level.SCNE,%databuild_art_root%/substance_library/graphs/painted_metal_scratched/exports/darkgrey_metal_scratched_basecolor.png,1024,1024,11,1,BC1_UNORM,,699064,darkgrey_metal_scratched_basecolor.9f5b77697c1c3eba.tld,False
level.SCNE,arena_clutchtime_int_master@arena_clutchtime_int_shared_layout@GameObjects@mural_lights@lighting_suspendedtrack_metalb_37:lighting_suspendedtrack_metalb_low,120,120,2,2,BC6H_UF16,LINEAR,36000,lighting_suspendedtrack_metalb_low.c021ff8fd7a61a2a.tld,True
level.SCNE,arena_clutchtime_int_master@arena_clutchtime_int_shared_layout@GameObjects@balcony_chairs@chair_arenacrowd_seatbackcushion_74:chair_arenacrowd_seatbackcushion_low_linelightvisibility,88,88,2,1,BC4_UNORM,LINEAR,4840,chair_arenacrowd_seatbackcushion_low_linelightvisibility.cdcced57da6d1070.tld,True
level.SCNE,court_pillibl_1AlbedoMetalness.55b4b6eb,128,128,1,6,BC7_UNORM,,98304,court_pillibl_1albedometalness.e88768e987b2e52e.tld,False
level.SCNE,arena_clutchtime_int_master@arena_clutchtime_int_shared_layout@GameObjects@balcony_lights@light_ceilinga_round_21:light_ceilinga_round_low,16,16,2,2,BC6H_UF16,LINEAR,640,light_ceilinga_round_low.977bd611f1da569c.tld,True
level.SCNE,arena_clutchtime_int_master@arena_clutchtime_int_shared_layout@GameObjects@ceiling_panelslights@clutchtime_ceilingpanellight_c_4:clutchtime_ceilingpanellight_c_low,1168,1168,2,2,BC6H_UF16,LINEAR,3410560,clutchtime_ceilingpanellight_c_low.0c6ead8ccd09fc5e.tld,False
level.SCNE,arena_clutchtime_int_master@arena_clutchtime_int_shared_layout@GameObjects@doors@door_interiorwindowb_rightdbl_4:door_interiorwindowb_rightdbl_linelightvisibility,112,112,2,1,BC4_UNORM,LINEAR,7840,door_interiorwindowb_rightdbl_linelightvisibility.726f2c08afd99930.tld,True
level.SCNE,arena_clutchtime_int_master@arena_clutchtime_int_shared_layout@GameObjects@mural_lights@lighting_suspendedtrack_metalb_21:lighting_suspendedtrack_metalb_low_linelightvisibility,120,120,2,1,BC4_UNORM,LINEAR,9000,lighting_suspendedtrack_metalb_low_linelightvisibility.4294ff82d381bc41.tld,True
level.SCNE,arena_clutchtime_int_master@arena_clutchtime_int_shared_layout@GameObjects@balcony_lights@light_ceilinga_round_44:light_ceilinga_round_low_linelightvisibility,16,16,2,1,BC4_UNORM,LINEAR,160,light_ceilinga_round_low_linelightvisibility.bbb5c16588a49e77.tld,True
level.SCNE,arena_clutchtime_int_master@arena_clutchtime_int_shared_layout@GameObjects@balcony_chairs@chair_arenacrowd_seatbackcushion_126:chair_arenacrowd_seatbackcushion_low,88,88,2,2,BC6H_UF16,LINEAR,19360,chair_arenacrowd_seatbackcushion_low.f784afd52cecc74e.tld,True
level.SCNE,arena_clutchtime_int_master@arena_clutchtime_int_shared_layout@GameObjects@stands@clutchtime_stands_tiers:clutchtime_stands_tiers_low,992,992,2,2,BC6H_UF16,LINEAR,2460160,clutchtime_stands_tiers_low.e23c3838795abd46.tld,False
level.SCNE,arena_clutchtime_int_master@arena_clutchtime_int_shared_layout@GameObjects@balcony@clutchtime_balcony_railing_5:clutchtime_balcony_railing_low,104,104,2,2,BC6H_UF16,LINEAR,27040,clutchtime_balcony_railing_low.9afbc93ea9f0e97f.tld,True
level.SCNE,arena_clutchtime_int_master@arena_clutchtime_int_shared_layout@GameObjects@balcony_chairs@chair_arenacrowd_seatbackcushion_41:chair_arenacrowd_seatbackcushion_low_linelightvisibility,88,88,2,1,BC4_UNORM,LINEAR,4840,chair_arenacrowd_seatbackcushion_low_linelightvisibility.cdcced57da6d1070.tld,True
level.SCNE,arena_clutchtime_int_master@arena_clutchtime_int_shared_layout@GameObjects@stands@clutchtime_stair_3step_13:clutchtime_stair_3step_low_linelightvisibility,80,80,2,1,BC4_UNORM,LINEAR,4000,clutchtime_stair_3step_low_linelightvisibility.ce11ab281d31416c.tld,True
level.SCNE,arena_clutchtime_int_master@arena_clutchtime_int_shared_layout@GameObjects@balcony_lights@light_ceilinga_round_18:light_ceilinga_round_low,16,16,2,2,BC6H_UF16,LINEAR,640,light_ceilinga_round_low.d8b4cc9680e6cc82.tld,True
level.SCNE,arena_clutchtime_int_master@arena_clutchtime_int_shared_layout@GameObjects@stands@clutchtime_stair_3step_8:clutchtime_stair_3step_low,80,80,2,2,BC6H_UF16,LINEAR,16000,clutchtime_stair_3step_low.4de484d83dde850c.tld,True
level.SCNE,pillibl_4AlbedoMetalness.31691cfe,128,128,1,6,BC7_UNORM,,98304,pillibl_4albedometalness.817fd8e0bb61e3a4.tld,False
level.SCNE,arena_clutchtime_int_master@arena_clutchtime_int_shared_layout@GameObjects@balcony@clutchtime_ceiling_balcony_5:clutchtime_ceiling_balcony_low,96,96,2,2,BC6H_UF16,LINEAR,23040,clutchtime_ceiling_balcony_low.2dcfa0d2510fea3f.tld,True
level.SCNE,arena_clutchtime_int_master@arena_clutchtime_int_shared_layout@GameObjects@Prototype_arena_curtains_prototype@Prototype_arena@curtain100x20_arena_straight500c_118:curtain100x20_arena_straight500c,72,72,2,2,BC6H_UF16,LINEAR,12960,curtain100x20_arena_straight500c.b73d96c390e639ae.tld,True
level.SCNE,%databuild_art_root%/asset_library/_generic_textures/brushed_metal_tileable_r.tga,256,256,9,1,BC1_UNORM,LINEAR,43704,brushed_metal_tileable_r.7e821b2e17f3c8af.tld,True
level.SCNE,arena_clutchtime_int_master@arena_clutchtime_int_shared_layout@GameObjects@balcony_chairs@chair_arenacrowd_seatbackcushion_1:chair_arenacrowd_seatbackcushion_low,88,88,2,2,BC6H_UF16,LINEAR,19360,chair_arenacrowd_seatbackcushion_low.2d74d9b452992010.tld,True
level.SCNE,arena_clutchtime_int_master@arena_clutchtime_int_shared_layout@GameObjects@balcony_chairs@chair_arenacrowd_seatbackcushion_19:chair_arenacrowd_seatbackcushion_low,88,88,2,2,BC6H_UF16,LINEAR,19360,chair_arenacrowd_seatbackcushion_low.46ed27bbcf099c4b.tld,True
level.SCNE,arena_clutchtime_int_master@arena_clutchtime_int_shared_layout@GameObjects@balcony@clutchtime_balcony_b_11:clutchtime_balcony_b_low_linelightvisibility,584,584,2,1,BC4_UNORM,LINEAR,213160,clutchtime_balcony_b_low_linelightvisibility.a9e3bd16c6faf7de.tld,False
level.SCNE,arena_clutchtime_int_master@arena_clutchtime_int_shared_layout@GameObjects@Prototype_arena_curtains_prototype@Prototype_arena_curtains_prototype_0@curtain100x20_arena_straight500c_6:curtain100x20_arena_straight500c,72,72,2,2,BC6H_UF16,LINEAR,12960,curtain100x20_arena_straight500c.3ae0408cf5ba5206.tld,True
level.SCNE,arena_clutchtime_int_master@arena_clutchtime_int_shared_layout@GameObjects@Prototype_arena_curtains_prototype@Prototype_arena@curtain100x20_arena_straight500c_64:curtain100x20_arena_straight500c,72,72,2,2,BC6H_UF16,LINEAR,12960,curtain100x20_arena_straight500c.d192515ffca00966.tld,True
level.SCNE,arena_clutchtime_int_master@arena_clutchtime_int_shared_layout@GameObjects@Prototype_arena_curtains_prototype@Prototype_arena@curtain100x20_arena_straight500c_179:curtain100x20_arena_straight500c_linelightvisibility,72,72,2,1,BC4_UNORM,LINEAR,3240,curtain100x20_arena_straight500c_linelightvisibility.2ecec2b6370d05ce.tld,True
level.SCNE,arena_clutchtime_int_master@arena_clutchtime_int_shared_layout@GameObjects@Prototype_arena_curtains_prototype@Prototype_arena_curtains_prototype_0@curtain100x20_arena_straight500c_9:curtain100x20_arena_straight500c,72,72,2,2,BC6H_UF16,LINEAR,12960,curtain100x20_arena_straight500c.56868f86c75c8b13.tld,True
level.SCNE,arena_clutchtime_int_master@arena_clutchtime_int_shared_layout@GameObjects@Prototype_arena_curtains_prototype@Prototype_arena@curtain100x20_arena_straight500c_117:curtain100x20_arena_straight500c,72,72,2,2,BC6H_UF16,LINEAR,12960,curtain100x20_arena_straight500c.5085967bd0b112e2.tld,True
level.SCNE,arena_clutchtime_int_master@GameObjects@dorna@clutchtime_court_dornacorner_0:clutchtime_court_dornacorner_low,480,480,2,2,BC6H_UF16,LINEAR,576000,clutchtime_court_dornacorner_low.a0dba8766f364e08.tld,False
level.SCNE,arena_clutchtime_int_master@arena_clutchtime_int_shared_layout@GameObjects@balcony_chairs@chair_arenacrowd_seatbackcushion_8:chair_arenacrowd_seatbackcushion_low_linelightvisibility,88,88,2,1,BC4_UNORM,LINEAR,4840,chair_arenacrowd_seatbackcushion_low_linelightvisibility.fa57b81d25e0d445.tld,True
level.SCNE,arena_clutchtime_int_master@arena_clutchtime_int_shared_layout@GameObjects@Prototype_arena_curtains_prototype@Prototype_arena@curtain100x20_arena_straight500c_178:curtain100x20_arena_straight500c_linelightvisibility,72,72,2,1,BC4_UNORM,LINEAR,3240,curtain100x20_arena_straight500c_linelightvisibility.2ecec2b6370d05ce.tld,True
level.SCNE,arena_clutchtime_int_master@arena_clutchtime_int_shared_layout@GameObjects@walls@clutchtime_wall_c:clutchtime_wall_c_low_linelightvisibility,944,944,2,1,BC4_UNORM,LINEAR,556960,clutchtime_wall_c_low_linelightvisibility.21915516805ca160.tld,False
level.SCNE,arena_clutchtime_int_master@arena_clutchtime_int_shared_layout@GameObjects@balcony@clutchtime_ceiling_balcony_2:clutchtime_ceiling_balcony_low_linelightvisibility,96,96,2,1,BC4_UNORM,LINEAR,5760,clutchtime_ceiling_balcony_low_linelightvisibility.6ec3ec823d4adbf9.tld,True
level.SCNE,arena_clutchtime_int_master@arena_clutchtime_int_shared_layout@GameObjects@balcony_chairs@chair_arenacrowd_seatbackcushion_100:chair_arenacrowd_seatbackcushion_low,88,88,2,2,BC6H_UF16,LINEAR,19360,chair_arenacrowd_seatbackcushion_low.2a6990cc349dfbdb.tld,True
level.SCNE,arena_clutchtime_int_master@arena_clutchtime_int_shared_layout@GameObjects@balcony_chairs@chair_arenacrowd_seatbackcushion_141:chair_arenacrowd_seatbackcushion_low_linelightvisibility,88,88,2,1,BC4_UNORM,LINEAR,4840,chair_arenacrowd_seatbackcushion_low_linelightvisibility.87c3765c64f72f25.tld,True
level.SCNE,arena_clutchtime_int_master@arena_clutchtime_int_shared_layout@GameObjects@balcony_lights@light_ceilinga_round_58:light_ceilinga_round_low_linelightvisibility,16,16,2,1,BC4_UNORM,LINEAR,160,light_ceilinga_round_low_linelightvisibility.bbb5c16588a49e77.tld,True
level.SCNE,arena_clutchtime_int_master@arena_clutchtime_int_shared_layout@GameObjects@Prototype_arena_curtains_prototype@Prototype_arena_curtains_prototype_0@curtain100x20_arena_straight500c_160:curtain100x20_arena_straight500c_linelightvisibility,72,72,2,1,BC4_UNORM,LINEAR,3240,curtain100x20_arena_straight500c_linelightvisibility.2ecec2b6370d05ce.tld,True
level.SCNE,arena_clutchtime_int_master@arena_clutchtime_int_shared_layout@GameObjects@balcony_chairs@chair_arenacrowd_seatbackcushion_113:chair_arenacrowd_seatbackcushion_low,88,88,2,2,BC6H_UF16,LINEAR,19360,chair_arenacrowd_seatbackcushion_low.1ae9a708870c2f81.tld,True
level.SCNE,arena_clutchtime_int_master@arena_clutchtime_int_shared_layout@GameObjects@Prototype_arena_curtains_prototype@Prototype_arena@curtain100x20_arena_straight500c_168:curtain100x20_arena_straight500c,72,72,2,2,BC6H_UF16,LINEAR,12960,curtain100x20_arena_straight500c.954fcd12f15304ec.tld,True
level.SCNE,arena_clutchtime_int_master@arena_clutchtime_int_shared_layout@GameObjects@ceiling_panelslights@clutchtime_ceilingpanellight_i:clutchtime_ceilingpanellight_i_low_linelightvisibility,1192,1192,2,1,BC4_UNORM,LINEAR,888040,clutchtime_ceilingpanellight_i_low_linelightvisibility.c3b30903dab04145.tld,False
level.SCNE,arena_clutchtime_int_master@arena_clutchtime_int_shared_layout@GameObjects@mural_lights@lighting_suspendedtrack_metalb_30:lighting_suspendedtrack_metalb_low_linelightvisibility,120,120,2,1,BC4_UNORM,LINEAR,9000,lighting_suspendedtrack_metalb_low_linelightvisibility.4294ff82d381bc41.tld,True
level.SCNE,arena_clutchtime_int_master@arena_clutchtime_int_shared_layout@GameObjects@Prototype_arena_curtains_prototype@Prototype_arena_curtains_prototype_0@curtain100x20_arena_straight500c_154:curtain100x20_arena_straight500c,72,72,2,2,BC6H_UF16,LINEAR,12960,curtain100x20_arena_straight500c.fb0c2b2d5329b444.tld,True
level.SCNE,arena_clutchtime_int_master@arena_clutchtime_int_shared_layout@GameObjects@balcony_lights@light_ceilinga_round_19:light_ceilinga_round_low_linelightvisibility,16,16,2,1,BC4_UNORM,LINEAR,160,light_ceilinga_round_low_linelightvisibility.bbb5c16588a49e77.tld,True
level.SCNE,arena_clutchtime_int_master@arena_clutchtime_int_shared_layout@GameObjects@Prototype_arena_curtains_prototype@Prototype_arena@curtain100x20_arena_straight500c_167:curtain100x20_arena_straight500c,72,72,2,2,BC6H_UF16,LINEAR,12960,curtain100x20_arena_straight500c.65752f9a521cac0e.tld,True
level.SCNE,arena_clutchtime_int_master@arena_clutchtime_int_shared_layout@GameObjects@stands@clutchtime_stair_3step_11:clutchtime_stair_3step_low_linelightvisibility,80,80,2,1,BC4_UNORM,LINEAR,4000,clutchtime_stair_3step_low_linelightvisibility.e459a7044e5be3c6.tld,True
level.SCNE,arena_clutchtime_int_master@arena_clutchtime_int_shared_layout@GameObjects@balcony_lights@light_ceilinga_round_18:light_ceilinga_round_low_linelightvisibility,16,16,2,1,BC4_UNORM,LINEAR,160,light_ceilinga_round_low_linelightvisibility.bbb5c16588a49e77.tld,True
level.SCNE,arena_clutchtime_int_master@arena_clutchtime_int_shared_layout@GameObjects@balcony_chairs@chair_arenacrowd_seatbackcushion_79:chair_arenacrowd_seatbackcushion_low,88,88,2,2,BC6H_UF16,LINEAR,19360,chair_arenacrowd_seatbackcushion_low.8c8fdbf635bd361b.tld,True
level.SCNE,arena_clutchtime_int_master@arena_clutchtime_int_shared_layout@GameObjects@Prototype_arena_curtains_prototype@Prototype_arena@curtain100x20_arena_straight500c_68:curtain100x20_arena_straight500c_linelightvisibility,72,72,2,1,BC4_UNORM,LINEAR,3240,curtain100x20_arena_straight500c_linelightvisibility.2ecec2b6370d05ce.tld,True
level.SCNE,arena_clutchtime_int_master@arena_clutchtime_int_shared_layout@GameObjects@ceiling_panels@clutchtime_ceilingpanel_f_5:clutchtime_ceilingpanel_f_low,864,864,2,2,BC6H_UF16,LINEAR,1866240,clutchtime_ceilingpanel_f_low.9c5d14c3fd5e4e5d.tld,False
level.SCNE,arena_clutchtime_int_master@arena_clutchtime_int_shared_layout@GameObjects@balcony_chairs@chair_arenacrowd_seatbackcushion_101:chair_arenacrowd_seatbackcushion_low_linelightvisibility,88,88,2,1,BC4_UNORM,LINEAR,4840,chair_arenacrowd_seatbackcushion_low_linelightvisibility.cdcced57da6d1070.tld,True
level.SCNE,arena_clutchtime_int_master@arena_clutchtime_int_shared_layout@GameObjects@balcony@clutchtime_balcony_c:clutchtime_balcony_c_low,640,640,2,2,BC6H_UF16,LINEAR,1024000,clutchtime_balcony_c_low.14e1e3b0bf5805c6.tld,False
level.SCNE,arena_clutchtime_int_master@arena_clutchtime_int_shared_layout@GameObjects@Prototype_arena_curtains_prototype@Prototype_arena@curtain100x20_arena_straight500c_192:curtain100x20_arena_straight500c,72,72,2,2,BC6H_UF16,LINEAR,12960,curtain100x20_arena_straight500c.40eff1508365b413.tld,True
level.SCNE,arena_clutchtime_int_master@arena_clutchtime_int_shared_layout@GameObjects@ceiling_panelslights@clutchtime_ceilingpanellight_c_2:clutchtime_ceilingpanellight_c_low_linelightvisibility,1168,1168,2,1,BC4_UNORM,LINEAR,852640,clutchtime_ceilingpanellight_c_low_linelightvisibility.505e2605f407e5fa.tld,False
level.SCNE,arena_clutchtime_int_master@arena_clutchtime_int_shared_layout@GameObjects@balcony_chairs@chair_arenacrowd_seatbackcushion_134:chair_arenacrowd_seatbackcushion_low_linelightvisibility,88,88,2,1,BC4_UNORM,LINEAR,4840,chair_arenacrowd_seatbackcushion_low_linelightvisibility.09ad4099e4d194b4.tld,True
level.SCNE,arena_clutchtime_int_master@arena_clutchtime_int_shared_layout@GameObjects@balcony@clutchtime_ceiling_balcony_6:clutchtime_ceiling_balcony_low_linelightvisibility,96,96,2,1,BC4_UNORM,LINEAR,5760,clutchtime_ceiling_balcony_low_linelightvisibility.6ec3ec823d4adbf9.tld,True
level.SCNE,arena_clutchtime_int_master@arena_clutchtime_int_shared_layout@GameObjects@balcony_lights@light_ceilinga_round_59:light_ceilinga_round_low_linelightvisibility,16,16,2,1,BC4_UNORM,LINEAR,160,light_ceilinga_round_low_linelightvisibility.bbb5c16588a49e77.tld,True
level.SCNE,arena_clutchtime_int_master@arena_clutchtime_int_shared_layout@GameObjects@mural_lights@light_stage_spotlight_2:light_stage_spotlight_low_linelightvisibility,40,40,2,1,BC4_UNORM,LINEAR,1000,light_stage_spotlight_low_linelightvisibility.ca5d51ac45b45435.tld,True
level.SCNE,arena_clutchtime_int_master@arena_clutchtime_int_shared_layout@GameObjects@balcony_chairs@chair_arenacrowd_seatbackcushion_160:chair_arenacrowd_seatbackcushion_low,88,88,2,2,BC6H_UF16,LINEAR,19360,chair_arenacrowd_seatbackcushion_low.8c482f87b4ace6f4.tld,True
level.SCNE,court_pillibl_7Emissive.bcd713de,128,128,1,6,BC6H_UF16,LINEAR,98304,court_pillibl_7emissive.a8419e13b5919378.tld,False
level.SCNE,arena_clutchtime_int_master@arena_clutchtime_int_shared_layout@GameObjects@Prototype_arena_curtains_prototype@Prototype_arena@curtain100x20_arena_straight500c_69:curtain100x20_arena_straight500c_linelightvisibility,72,72,2,1,BC4_UNORM,LINEAR,3240,curtain100x20_arena_straight500c_linelightvisibility.2ecec2b6370d05ce.tld,True
level.SCNE,arena_clutchtime_int_master@arena_clutchtime_int_shared_layout@GameObjects@balcony_lights@light_ceilinga_round_33:light_ceilinga_round_low,16,16,2,2,BC6H_UF16,LINEAR,640,light_ceilinga_round_low.9516f8e0248f7a7e.tld,True
level.SCNE,arena_clutchtime_int_master@arena_clutchtime_int_shared_layout@GameObjects@balcony@clutchtime_balcony_column:clutchtime_balcony_column_low,496,496,2,2,BC6H_UF16,LINEAR,615040,clutchtime_balcony_column_low.195db4d21ce2f1d1.tld,False
level.SCNE,arena_clutchtime_int_master@arena_clutchtime_int_shared_layout@GameObjects@Prototype_arena_curtains_prototype@Prototype_arena_curtains_prototype_0@curtain100x20_arena_straight500c_59:curtain100x20_arena_straight500c_linelightvisibility,72,72,2,1,BC4_UNORM,LINEAR,3240,curtain100x20_arena_straight500c_linelightvisibility.2ecec2b6370d05ce.tld,True
level.SCNE,arena_clutchtime_int_master@arena_clutchtime_int_shared_layout@GameObjects@mural_lights@lighting_suspendedtrack_metalb_1:lighting_suspendedtrack_metalb_low_linelightvisibility,120,120,2,1,BC4_UNORM,LINEAR,9000,lighting_suspendedtrack_metalb_low_linelightvisibility.4294ff82d381bc41.tld,True
level.SCNE,arena_clutchtime_int_master@arena_clutchtime_int_shared_layout@GameObjects@Prototype_arena_curtains_prototype@Prototype_arena@curtain100x20_arena_straight500c_91:curtain100x20_arena_straight500c,72,72,2,2,BC6H_UF16,LINEAR,12960,curtain100x20_arena_straight500c.2d495dae1603fd69.tld,True
level.SCNE,arena_clutchtime_int_master@arena_clutchtime_int_shared_layout@GameObjects@Prototype_arena_curtains_prototype@Prototype_arena_curtains_prototype_0@curtain100x20_arena_straight500c_58:curtain100x20_arena_straight500c_linelightvisibility,72,72,2,1,BC4_UNORM,LINEAR,3240,curtain100x20_arena_straight500c_linelightvisibility.2ecec2b6370d05ce.tld,True
level.SCNE,arena_clutchtime_int_master@arena_clutchtime_int_shared_layout@GameObjects@ceiling_panelslights@clutchtime_ceilingpanellight_b_2:clutchtime_ceilingpanellight_b_low,1272,1272,2,2,BC6H_UF16,LINEAR,4044960,clutchtime_ceilingpanellight_b_low.eed41325f1649a98.tld,False
level.SCNE,arena_clutchtime_int_master@arena_clutchtime_int_shared_layout@GameObjects@balcony@clutchtime_balcony_column_5:clutchtime_balcony_column_low,496,496,2,2,BC6H_UF16,LINEAR,615040,clutchtime_balcony_column_low.1b4d91c6569bf836.tld,False
level.SCNE,arena_clutchtime_int_master@arena_clutchtime_int_shared_layout@GameObjects@balcony@clutchtime_balcony_b_10:clutchtime_balcony_b_low_linelightvisibility,584,584,2,1,BC4_UNORM,LINEAR,213160,clutchtime_balcony_b_low_linelightvisibility.1c43199d005f7b8e.tld,False
level.SCNE,%databuild_art_root%/material_library/_generic_textures/patterns/glowing_source_linear.png,128,128,8,1,BC1_UNORM,,10936,glowing_source_linear.0e26bc35fc924149.tld,True
level.SCNE,arena_clutchtime_int_master@arena_clutchtime_int_shared_layout@GameObjects@mural_lights@lighting_suspendedtrack_metalb_16:lighting_suspendedtrack_metalb_low_linelightvisibility,120,120,2,1,BC4_UNORM,LINEAR,9000,lighting_suspendedtrack_metalb_low_linelightvisibility.4294ff82d381bc41.tld,True
level.SCNE,arena_clutchtime_int_master@arena_clutchtime_int_shared_layout@GameObjects@ceiling_panels@clutchtime_ceilingpanel_c_3:clutchtime_ceilingpanel_c_low,776,776,2,2,BC6H_UF16,LINEAR,1505440,clutchtime_ceilingpanel_c_low.6abe7fd93f7384a0.tld,False
level.SCNE,arena_clutchtime_int_master@arena_clutchtime_int_shared_layout@GameObjects@balcony_lights@light_ceilinga_round_14:light_ceilinga_round_low,16,16,2,2,BC6H_UF16,LINEAR,640,light_ceilinga_round_low.237b769e5b03183b.tld,True
level.SCNE,arena_clutchtime_int_master@arena_clutchtime_int_shared_layout@GameObjects@balcony_chairs@chair_arenacrowd_seatbackcushion_155:chair_arenacrowd_seatbackcushion_low,88,88,2,2,BC6H_UF16,LINEAR,19360,chair_arenacrowd_seatbackcushion_low.59745e230ba6763d.tld,True
level.SCNE,arena_clutchtime_int_master@arena_clutchtime_int_shared_layout@GameObjects@balcony_chairs@chair_arenacrowd_seatbackcushion_34:chair_arenacrowd_seatbackcushion_low_linelightvisibility,88,88,2,1,BC4_UNORM,LINEAR,4840,chair_arenacrowd_seatbackcushion_low_linelightvisibility.cdcced57da6d1070.tld,True
level.SCNE,arena_clutchtime_int_master@arena_clutchtime_int_shared_layout@GameObjects@ceiling_panels@clutchtime_ceilingpanel_f:clutchtime_ceilingpanel_f_low_linelightvisibility,864,864,2,1,BC4_UNORM,LINEAR,466560,clutchtime_ceilingpanel_f_low_linelightvisibility.f3e2eb4adb2bf882.tld,False
level.SCNE,arena_clutchtime_int_master@arena_clutchtime_int_shared_layout@GameObjects@balcony_lights@light_ceilinga_round_45:light_ceilinga_round_low_linelightvisibility,16,16,2,1,BC4_UNORM,LINEAR,160,light_ceilinga_round_low_linelightvisibility.bbb5c16588a49e77.tld,True
level.SCNE,arena_clutchtime_int_master@arena_clutchtime_int_shared_layout@GameObjects@ceiling_panels@clutchtime_ceilingpanel_e:clutchtime_ceilingpanel_e_low,768,768,2,2,BC6H_UF16,LINEAR,1474560,clutchtime_ceilingpanel_e_low.aa63a76677d5e7ae.tld,False
level.SCNE,arena_clutchtime_int_master@arena_clutchtime_int_shared_layout@GameObjects@balcony_chairs@chair_arenacrowd_seatbackcushion_94:chair_arenacrowd_seatbackcushion_low,88,88,2,2,BC6H_UF16,LINEAR,19360,chair_arenacrowd_seatbackcushion_low.cee56c9a61fb2d4c.tld,True
level.SCNE,arena_clutchtime_int_master@arena_clutchtime_int_shared_layout@GameObjects@ceiling_panelslights@clutchtime_ceilingpanellight_a_2:clutchtime_ceilingpanellight_a_low_linelightvisibility,1200,1200,2,1,BC4_UNORM,LINEAR,900000,clutchtime_ceilingpanellight_a_low_linelightvisibility.3a1373a98a6f9cf0.tld,False
level.SCNE,%databuild_art_root%/material_library/_generic_textures/surface_variations/surfacevariation_metal_gold_normal.tga,512,512,10,1,BC7_UNORM,NORMAL,349552,surfacevariation_metal_gold_normal.dc18cf9f91cb1405.tld,False
level.SCNE,arena_clutchtime_int_master@arena_clutchtime_int_shared_layout@GameObjects@balcony_chairs@chair_arenacrowd_seatbackcushion_93:chair_arenacrowd_seatbackcushion_low_linelightvisibility,88,88,2,1,BC4_UNORM,LINEAR,4840,chair_arenacrowd_seatbackcushion_low_linelightvisibility.cdcced57da6d1070.tld,True
level.SCNE,arena_clutchtime_int_master@arena_clutchtime_int_shared_layout@GameObjects@balcony@clutchtime_balcony_a:clutchtime_balcony_a_low_linelightvisibility,696,696,2,1,BC4_UNORM,LINEAR,302760,clutchtime_balcony_a_low_linelightvisibility.2f589d455d4e9070.tld,False
level.SCNE,arena_clutchtime_int_master@arena_clutchtime_int_shared_layout@GameObjects@Prototype_arena_curtains_prototype@Prototype_arena@curtain100x20_arena_straight500c_71:curtain100x20_arena_straight500c,72,72,2,2,BC6H_UF16,LINEAR,12960,curtain100x20_arena_straight500c.cb21a223997b069b.tld,True
level.SCNE,arena_clutchtime_int_master@arena_clutchtime_int_shared_layout@GameObjects@Prototype_arena_curtains_prototype@Prototype_arena_curtains_prototype_0@curtain100x20_arena_straight500c_131:curtain100x20_arena_straight500c,72,72,2,2,BC6H_UF16,LINEAR,12960,curtain100x20_arena_straight500c.7efc513944f479f8.tld,True
level.SCNE,arena_clutchtime_int_master@arena_clutchtime_int_shared_layout@GameObjects@clutchtimecurtainstunnels1@Prototype_arena_curtains_prototype_1@curtain100x20_arena_straight400c_6:curtain100x20_arena_straight400c,88,88,2,2,BC6H_UF16,LINEAR,19360,curtain100x20_arena_straight400c.1d0b4591776486bb.tld,True
level.SCNE,arena_clutchtime_int_master@arena_clutchtime_int_shared_layout@GameObjects@clutchtimecurtainstunnels1@Prototype_arena_curtains_prototype_2@curtain100x20_arena_straight400c_12:curtain100x20_arena_straight400c,88,88,2,2,BC6H_UF16,LINEAR,19360,curtain100x20_arena_straight400c.ee590e64713c497a.tld,True
level.SCNE,arena_clutchtime_int_master@arena_clutchtime_int_shared_layout@GameObjects@Prototype_arena_curtains_prototype@Prototype_arena@curtain100x20_arena_straight500c_102:curtain100x20_arena_straight500c,72,72,2,2,BC6H_UF16,LINEAR,12960,curtain100x20_arena_straight500c.4a9da2593effe561.tld,True
level.SCNE,arena_clutchtime_int_master@GameObjects@dorna@clutchtime_court_dornaend_1:clutchtime_court_dornaend_low,104,104,2,2,BC6H_UF16,LINEAR,27040,clutchtime_court_dornaend_low.83ce176fe3b6f3f5.tld,True
level.SCNE,arena_clutchtime_int_master@arena_clutchtime_int_shared_layout@GameObjects@ceiling@clutchtime_ceiling_ribs:clutchtime_ceiling_ribs_low,1072,1072,2,2,BC6H_UF16,LINEAR,2872960,clutchtime_ceiling_ribs_low.db4e0d470da4cffa.tld,False
level.SCNE,arena_clutchtime_int_master@arena_clutchtime_int_shared_layout@GameObjects@ceiling_panels@clutchtime_ceilingpanel_b_2:clutchtime_ceilingpanel_b_low,776,776,2,2,BC6H_UF16,LINEAR,1505440,clutchtime_ceilingpanel_b_low.263d43f76ca39d45.tld,False
level.SCNE,arena_clutchtime_int_master@arena_clutchtime_int_shared_layout@GameObjects@Prototype_arena_curtains_prototype@Prototype_arena@curtain100x20_arena_straight500c_89:curtain100x20_arena_straight500c_linelightvisibility,72,72,2,1,BC4_UNORM,LINEAR,3240,curtain100x20_arena_straight500c_linelightvisibility.2ecec2b6370d05ce.tld,True
level.SCNE,arena_clutchtime_int_master@arena_clutchtime_int_shared_layout@GameObjects@Prototype_arena_curtains_prototype@Prototype_arena_curtains_prototype_0@curtain100x20_arena_straight500c_141:curtain100x20_arena_straight500c,72,72,2,2,BC6H_UF16,LINEAR,12960,curtain100x20_arena_straight500c.60e59107edc0bc96.tld,True
level.SCNE,arena_clutchtime_int_master@arena_clutchtime_int_shared_layout@GameObjects@Prototype_arena_curtains_prototype@Prototype_arena@curtain100x20_arena_straight500c_172:curtain100x20_arena_straight500c,72,72,2,2,BC6H_UF16,LINEAR,12960,curtain100x20_arena_straight500c.6214dd972ea1206f.tld,True
level.SCNE,AddOn1NormalAndRoughMap#eabf13f5_1440,512,512,10,1,BC7_UNORM,LINEAR,349552,addon1normalandroughmap.66d03b5df5a709de.tld,False
level.SCNE,court_pillibl_4AlbedoMetalness.25de4264,128,128,1,6,BC7_UNORM,,98304,court_pillibl_4albedometalness.e692e94ebf86a0d6.tld,False
level.SCNE,arena_clutchtime_int_master@arena_clutchtime_int_shared_layout@GameObjects@balcony_lights@light_ceilinga_round_86:light_ceilinga_round_low_linelightvisibility,16,16,2,1,BC4_UNORM,LINEAR,160,light_ceilinga_round_low_linelightvisibility.bbb5c16588a49e77.tld,True
level.SCNE,arena_clutchtime_int_master@arena_clutchtime_int_shared_layout@GameObjects@Prototype_arena_curtains_prototype@Prototype_arena@curtain100x20_arena_straight500c_88:curtain100x20_arena_straight500c_linelightvisibility,72,72,2,1,BC4_UNORM,LINEAR,3240,curtain100x20_arena_straight500c_linelightvisibility.2ecec2b6370d05ce.tld,True
level.SCNE,arena_clutchtime_int_master@arena_clutchtime_int_shared_layout@GameObjects@Prototype_arena_curtains_prototype@Prototype_arena_curtains_prototype_0@curtain100x20_arena_straight500c_17:curtain100x20_arena_straight500c,72,72,2,2,BC6H_UF16,LINEAR,12960,curtain100x20_arena_straight500c.e84e9ece31722a0b.tld,True
level.SCNE,arena_clutchtime_int_master@arena_clutchtime_int_shared_layout@GameObjects@balcony_chairs@chair_arenacrowd_seatbackcushion_146:chair_arenacrowd_seatbackcushion_low,88,88,2,2,BC6H_UF16,LINEAR,19360,chair_arenacrowd_seatbackcushion_low.f845756807ba40c0.tld,True
level.SCNE,court_pillibl_6AlbedoMetalness.cbd02348,128,128,1,6,BC7_UNORM,,98304,court_pillibl_6albedometalness.5af6b7aa03f706f7.tld,False
level.SCNE,arena_clutchtime_int_master@arena_clutchtime_int_shared_layout@GameObjects@balcony_chairs@chair_arenacrowd_seatbackcushion_87:chair_arenacrowd_seatbackcushion_low,88,88,2,2,BC6H_UF16,LINEAR,19360,chair_arenacrowd_seatbackcushion_low.c5f365627542c092.tld,True
level.SCNE,arena_clutchtime_int_master@arena_clutchtime_int_shared_layout@GameObjects@Prototype_arena_curtains_prototype@Prototype_arena_curtains_prototype_0@curtain100x20_arena_straight500c_18:curtain100x20_arena_straight500c,72,72,2,2,BC6H_UF16,LINEAR,12960,curtain100x20_arena_straight500c.9f81a3e087dc6240.tld,True
level.SCNE,NormalAndRoughMap#c8105279_1508,512,512,10,1,BC7_UNORM,LINEAR,349552,normalandroughmap.46e2a41a857fed84.tld,False
level.SCNE,arena_clutchtime_int_master@arena_clutchtime_int_shared_layout@GameObjects@ceiling_panels@clutchtime_ceilingpanel_a_0:clutchtime_ceilingpanel_a_low,776,776,2,2,BC6H_UF16,LINEAR,1505440,clutchtime_ceilingpanel_a_low.0e80550865b295ae.tld,False
level.SCNE,arena_clutchtime_int_master@arena_clutchtime_int_shared_layout@GameObjects@ceiling_panels@clutchtime_ceilingpanel_b_1:clutchtime_ceilingpanel_b_low_linelightvisibility,776,776,2,1,BC4_UNORM,LINEAR,376360,clutchtime_ceilingpanel_b_low_linelightvisibility.986325f0b2280183.tld,False
level.SCNE,arena_clutchtime_int_master@arena_clutchtime_int_shared_layout@GameObjects@ceiling_panels@clutchtime_ceilingpanel_b_3:clutchtime_ceilingpanel_b_low,776,776,2,2,BC6H_UF16,LINEAR,1505440,clutchtime_ceilingpanel_b_low.06c0eeb3332d9fc8.tld,False
level.SCNE,arena_clutchtime_int_master@GameObjects@dorna@clutchtime_court_dornaend_0:clutchtime_court_dornaend_low,104,104,2,2,BC6H_UF16,LINEAR,27040,clutchtime_court_dornaend_low.6caaf9497c07fe17.tld,True
level.SCNE,arena_clutchtime_int_master@arena_clutchtime_int_shared_layout@GameObjects@Prototype_arena_curtains_prototype@Prototype_arena@curtain100x20_arena_straight500c_66:curtain100x20_arena_straight500c_linelightvisibility,72,72,2,1,BC4_UNORM,LINEAR,3240,curtain100x20_arena_straight500c_linelightvisibility.2ecec2b6370d05ce.tld,True
level.SCNE,arena_clutchtime_int_master@arena_clutchtime_int_shared_layout@GameObjects@doors@door_interiorwindowb_leftdbl_3:door_interiorwindowb_leftdbl,112,112,2,2,BC6H_UF16,LINEAR,31360,door_interiorwindowb_leftdbl.0e1a5a2abbf6624b.tld,True
level.SCNE,arena_clutchtime_int_master@arena_clutchtime_int_shared_layout@GameObjects@Prototype_arena_curtains_prototype@Prototype_arena_curtains_prototype_0@curtain100x20_arena_straight500c_54:curtain100x20_arena_straight500c_linelightvisibility,72,72,2,1,BC4_UNORM,LINEAR,3240,curtain100x20_arena_straight500c_linelightvisibility.2ecec2b6370d05ce.tld,True
level.SCNE,arena_clutchtime_int_master@arena_clutchtime_int_shared_layout@GameObjects@balcony_chairs@chair_arenacrowd_seatbackcushion_22:chair_arenacrowd_seatbackcushion_low_linelightvisibility,88,88,2,1,BC4_UNORM,LINEAR,4840,chair_arenacrowd_seatbackcushion_low_linelightvisibility.4ee38dbd35bbee7e.tld,True
level.SCNE,arena_clutchtime_int_master@arena_clutchtime_int_shared_layout@GameObjects@Prototype_arena_curtains_prototype@Prototype_arena@curtain100x20_arena_straight500c_120:curtain100x20_arena_straight500c,72,72,2,2,BC6H_UF16,LINEAR,12960,curtain100x20_arena_straight500c.3b479fd46babb1b3.tld,True
level.SCNE,arena_clutchtime_int_master@arena_clutchtime_int_shared_layout@GameObjects@Prototype_arena_curtains_prototype@Prototype_arena@curtain100x20_arena_straight500c_83:curtain100x20_arena_straight500c_linelightvisibility,72,72,2,1,BC4_UNORM,LINEAR,3240,curtain100x20_arena_straight500c_linelightvisibility.2ecec2b6370d05ce.tld,True
level.SCNE,arena_clutchtime_int_master@arena_clutchtime_int_shared_layout@GameObjects@ceiling_panels@clutchtime_ceilingpanel_a_1:clutchtime_ceilingpanel_a_low,776,776,2,2,BC6H_UF16,LINEAR,1505440,clutchtime_ceilingpanel_a_low.22e17e9795ceddb9.tld,False
level.SCNE,arena_clutchtime_int_master@arena_clutchtime_int_shared_layout@GameObjects@Prototype_arena_curtains_prototype@Prototype_arena@curtain100x20_arena_straight500c_67:curtain100x20_arena_straight500c_linelightvisibility,72,72,2,1,BC4_UNORM,LINEAR,3240,curtain100x20_arena_straight500c_linelightvisibility.2ecec2b6370d05ce.tld,True
level.SCNE,arena_clutchtime_int_master@arena_clutchtime_int_shared_layout@GameObjects@ceiling_panelslights@clutchtime_ceilingpanellight_a_2:clutchtime_ceilingpanellight_a_low,1200,1200,2,2,BC6H_UF16,LINEAR,3600000,clutchtime_ceilingpanellight_a_low.dab24f02e7266846.tld,False
level.SCNE,arena_clutchtime_int_master@arena_clutchtime_int_shared_layout@GameObjects@Prototype_arena_curtains_prototype@Prototype_arena_curtains_prototype_0@curtain100x20_arena_straight500c_45:curtain100x20_arena_straight500c,72,72,2,2,BC6H_UF16,LINEAR,12960,curtain100x20_arena_straight500c.4d5e03977ec63701.tld,True
level.SCNE,arena_clutchtime_int_master@arena_clutchtime_int_shared_layout@GameObjects@Prototype_arena_curtains_prototype@Prototype_arena@curtain100x20_arena_straight500c_82:curtain100x20_arena_straight500c_linelightvisibility,72,72,2,1,BC4_UNORM,LINEAR,3240,curtain100x20_arena_straight500c_linelightvisibility.2ecec2b6370d05ce.tld,True
level.SCNE,arena_clutchtime_int_master@arena_clutchtime_int_shared_layout@GameObjects@Prototype_arena_curtains_prototype@Prototype_arena_curtains_prototype_0@curtain100x20_arena_straight500c_55:curtain100x20_arena_straight500c_linelightvisibility,72,72,2,1,BC4_UNORM,LINEAR,3240,curtain100x20_arena_straight500c_linelightvisibility.2ecec2b6370d05ce.tld,True
level.SCNE,arena_clutchtime_int_master@arena_clutchtime_int_shared_layout@GameObjects@Prototype_arena_curtains_prototype@Prototype_arena_curtains_prototype_0@curtain100x20_arena_straight500c:curtain100x20_arena_straight500c,72,72,2,2,BC6H_UF16,LINEAR,12960,curtain100x20_arena_straight500c.968f80cbb8c641ef.tld,True
level.SCNE,%databuild_art_root%/asset_library/electrical_outlet_industrial/texture/practice_gym_socket_set_c.png,512,512,10,1,BC1_UNORM,,174776,practice_gym_socket_set_c.38292e3c3edf20d0.tld,False
level.SCNE,arena_clutchtime_int_master@arena_clutchtime_int_shared_layout@GameObjects@mural_lights@lighting_suspendedtrack_metalb_34:lighting_suspendedtrack_metalb_low_linelightvisibility,120,120,2,1,BC4_UNORM,LINEAR,9000,lighting_suspendedtrack_metalb_low_linelightvisibility.4294ff82d381bc41.tld,True
level.SCNE,arena_clutchtime_int_master@arena_clutchtime_int_shared_layout@GameObjects@balcony_chairs@chair_arenacrowd_seatbackcushion_17:chair_arenacrowd_seatbackcushion_low_linelightvisibility,88,88,2,1,BC4_UNORM,LINEAR,4840,chair_arenacrowd_seatbackcushion_low_linelightvisibility.d7e3432fbe79638b.tld,True
level.SCNE,arena_clutchtime_int_master@arena_clutchtime_int_shared_layout@GameObjects@balcony_chairs@chair_arenacrowd_seatbackcushion_119:chair_arenacrowd_seatbackcushion_low,88,88,2,2,BC6H_UF16,LINEAR,19360,chair_arenacrowd_seatbackcushion_low.095ef2082be66ffe.tld,True
level.SCNE,arena_clutchtime_int_master@arena_clutchtime_int_shared_layout@GameObjects@balcony_chairs@chair_arenacrowd_seatbackcushion_85:chair_arenacrowd_seatbackcushion_low_linelightvisibility,88,88,2,1,BC4_UNORM,LINEAR,4840,chair_arenacrowd_seatbackcushion_low_linelightvisibility.cdcced57da6d1070.tld,True
level.SCNE,pillibl_6AlbedoMetalness.df677dd2,128,128,1,6,BC7_UNORM,,98304,pillibl_6albedometalness.e58cbc276162cc3c.tld,False
level.SCNE,arena_clutchtime_int_master@arena_clutchtime_int_shared_layout@GameObjects@Prototype_arena_curtains_prototype@Prototype_arena_curtains_prototype_0@curtain100x20_arena_straight500c_35:curtain100x20_arena_straight500c,72,72,2,2,BC6H_UF16,LINEAR,12960,curtain100x20_arena_straight500c.09c7b90b1435da79.tld,True
level.SCNE,arena_clutchtime_int_master@arena_clutchtime_int_shared_layout@GameObjects@Prototype_arena_curtains_prototype@Prototype_arena@curtain100x20_arena_straight500c_80:curtain100x20_arena_straight500c_linelightvisibility,72,72,2,1,BC4_UNORM,LINEAR,3240,curtain100x20_arena_straight500c_linelightvisibility.2ecec2b6370d05ce.tld,True
level.SCNE,arena_clutchtime_int_master@arena_clutchtime_int_shared_layout@GameObjects@balcony_chairs@chair_arenacrowd_seatbackcushion_48:chair_arenacrowd_seatbackcushion_low_linelightvisibility,88,88,2,1,BC4_UNORM,LINEAR,4840,chair_arenacrowd_seatbackcushion_low_linelightvisibility.cdcced57da6d1070.tld,True
level.SCNE,arena_clutchtime_int_master@arena_clutchtime_int_shared_layout@GameObjects@Prototype_arena_curtains_prototype@Prototype_arena_curtains_prototype_0@curtain100x20_arena_straight500c_57:curtain100x20_arena_straight500c_linelightvisibility,72,72,2,1,BC4_UNORM,LINEAR,3240,curtain100x20_arena_straight500c_linelightvisibility.2ecec2b6370d05ce.tld,True
level.SCNE,arena_clutchtime_int_master@arena_clutchtime_int_shared_layout@GameObjects@Prototype_arena_curtains_prototype@Prototype_arena@curtain100x20_arena_straight500c_65:curtain100x20_arena_straight500c_linelightvisibility,72,72,2,1,BC4_UNORM,LINEAR,3240,curtain100x20_arena_straight500c_linelightvisibility.2ecec2b6370d05ce.tld,True
level.SCNE,arena_clutchtime_int_master@arena_clutchtime_int_shared_layout@GameObjects@balcony@clutchtime_balcony_railing_1:clutchtime_balcony_railing_low,104,104,2,2,BC6H_UF16,LINEAR,27040,clutchtime_balcony_railing_low.137b58bb9344040c.tld,True
level.SCNE,%databuild_art_root%/material_library/_generic_textures/colors/color_grey_464646.png,1,1,1,1,BC1_UNORM,,8,color_grey_464646.b8db8dd065483c33.tld,True
level.SCNE,arena_clutchtime_int_master@arena_clutchtime_int_shared_layout@GameObjects@stands@clutchtime_stair_3step_18:clutchtime_stair_3step_low_linelightvisibility,80,80,2,1,BC4_UNORM,LINEAR,4000,clutchtime_stair_3step_low_linelightvisibility.e459a7044e5be3c6.tld,True
level.SCNE,arena_clutchtime_int_master@arena_clutchtime_int_shared_layout@GameObjects@doors@door_interiorwindowb_leftdbl:door_interiorwindowb_leftdbl_linelightvisibility,112,112,2,1,BC4_UNORM,LINEAR,7840,door_interiorwindowb_leftdbl_linelightvisibility.726f2c08afd99930.tld,True
level.SCNE,arena_clutchtime_int_master@arena_clutchtime_int_shared_layout@GameObjects@balcony_chairs@chair_arenacrowd_seatbackcushion_13:chair_arenacrowd_seatbackcushion_low,88,88,2,2,BC6H_UF16,LINEAR,19360,chair_arenacrowd_seatbackcushion_low.743f5662adc65dd7.tld,True
level.SCNE,arena_clutchtime_int_master@arena_clutchtime_int_shared_layout@GameObjects@mural_lights@lighting_suspendedtrack_metalb_25:lighting_suspendedtrack_metalb_low,120,120,2,2,BC6H_UF16,LINEAR,36000,lighting_suspendedtrack_metalb_low.a7be9d58a9464ce4.tld,True
level.SCNE,arena_clutchtime_int_master@arena_clutchtime_int_shared_layout@GameObjects@Prototype_arena_curtains_prototype@Prototype_arena_curtains_prototype_0@curtain100x20_arena_straight500c_56:curtain100x20_arena_straight500c_linelightvisibility,72,72,2,1,BC4_UNORM,LINEAR,3240,curtain100x20_arena_straight500c_linelightvisibility.2ecec2b6370d05ce.tld,True
level.SCNE,arena_clutchtime_int_master@arena_clutchtime_int_shared_layout@GameObjects@mural_lights@light_stage_spotlight_3:light_stage_spotlight_low,40,40,2,2,BC6H_UF16,LINEAR,4000,light_stage_spotlight_low.b40bf6a8f453ffed.tld,True
level.SCNE,arena_clutchtime_int_master@arena_clutchtime_int_shared_layout@GameObjects@doors@electrical_switch_double:light_switch_double_low,32,32,2,2,BC6H_UF16,LINEAR,2560,light_switch_double_low.0380fd54d589fe17.tld,True
level.SCNE,arena_clutchtime_int_master@arena_clutchtime_int_shared_layout@GameObjects@Prototype_arena_curtains_prototype@Prototype_arena@curtain100x20_arena_straight500c_81:curtain100x20_arena_straight500c_linelightvisibility,72,72,2,1,BC4_UNORM,LINEAR,3240,curtain100x20_arena_straight500c_linelightvisibility.2ecec2b6370d05ce.tld,True
level.SCNE,arena_clutchtime_int_master@arena_clutchtime_int_shared_layout@GameObjects@Prototype_arena_curtains_prototype@Prototype_arena@curtain100x20_arena_straight500c_64:curtain100x20_arena_straight500c_linelightvisibility,72,72,2,1,BC4_UNORM,LINEAR,3240,curtain100x20_arena_straight500c_linelightvisibility.2ecec2b6370d05ce.tld,True
level.SCNE,arena_clutchtime_int_master@arena_clutchtime_int_shared_layout@GameObjects@balcony_lights@light_ceilinga_round_44:light_ceilinga_round_low,16,16,2,2,BC6H_UF16,LINEAR,640,light_ceilinga_round_low.e38d5632e03d7121.tld,True
level.SCNE,NormalAndRoughMap#b865459e_1561,512,512,10,1,BC7_UNORM,LINEAR,349552,normalandroughmap.31271ec2540e0ea8.tld,False
level.SCNE,arena_clutchtime_int_master@arena_clutchtime_int_shared_layout@GameObjects@balcony_chairs@chair_arenacrowd_seatbackcushion_1:chair_arenacrowd_seatbackcushion_low_linelightvisibility,88,88,2,1,BC4_UNORM,LINEAR,4840,chair_arenacrowd_seatbackcushion_low_linelightvisibility.edbe0f211fc5aa99.tld,True
level.SCNE,arena_clutchtime_int_master@GameObjects@dorna@clutchtime_court_dorna:clutchtime_court_dorna_low,352,352,2,2,BC6H_UF16,LINEAR,309760,clutchtime_court_dorna_low.12b35bd9b22ed503.tld,False
level.SCNE,arena_clutchtime_int_master@arena_clutchtime_int_shared_layout@GameObjects@Prototype_arena_curtains_prototype@Prototype_arena@curtain100x20_arena_straight500c_84:curtain100x20_arena_straight500c_linelightvisibility,72,72,2,1,BC4_UNORM,LINEAR,3240,curtain100x20_arena_straight500c_linelightvisibility.2ecec2b6370d05ce.tld,True
level.SCNE,court_pillibl_2Emissive.ccbde751,128,128,1,6,BC6H_UF16,LINEAR,98304,court_pillibl_2emissive.10c5ec07565c4386.tld,False
level.SCNE,arena_clutchtime_int_master@arena_clutchtime_int_shared_layout@GameObjects@mural_lights@lighting_suspendedtrack_metalb_25:lighting_suspendedtrack_metalb_low_linelightvisibility,120,120,2,1,BC4_UNORM,LINEAR,9000,lighting_suspendedtrack_metalb_low_linelightvisibility.4294ff82d381bc41.tld,True
level.SCNE,arena_clutchtime_int_master@arena_clutchtime_int_shared_layout@GameObjects@balcony_lights@light_ceilinga_round_22:light_ceilinga_round_low_linelightvisibility,16,16,2,1,BC4_UNORM,LINEAR,160,light_ceilinga_round_low_linelightvisibility.bbb5c16588a49e77.tld,True
level.SCNE,arena_clutchtime_int_master@arena_clutchtime_int_shared_layout@GameObjects@Prototype_arena_curtains_prototype@Prototype_arena_curtains_prototype_0@curtain100x20_arena_straight500c_53:curtain100x20_arena_straight500c_linelightvisibility,72,72,2,1,BC4_UNORM,LINEAR,3240,curtain100x20_arena_straight500c_linelightvisibility.2ecec2b6370d05ce.tld,True
level.SCNE,arena_clutchtime_int_master@arena_clutchtime_int_shared_layout@GameObjects@balcony_chairs@chair_arenacrowd_seatbackcushion_117:chair_arenacrowd_seatbackcushion_low_linelightvisibility,88,88,2,1,BC4_UNORM,LINEAR,4840,chair_arenacrowd_seatbackcushion_low_linelightvisibility.cdcced57da6d1070.tld,True
level.SCNE,arena_clutchtime_int_master@arena_clutchtime_int_shared_layout@GameObjects@ceiling_panels@clutchtime_ceilingpanel_c_2:clutchtime_ceilingpanel_c_low,776,776,2,2,BC6H_UF16,LINEAR,1505440,clutchtime_ceilingpanel_c_low.a1873e289d8792a2.tld,False
level.SCNE,arena_clutchtime_int_master@arena_clutchtime_int_shared_layout@GameObjects@Prototype_arena_curtains_prototype@Prototype_arena_curtains_prototype_0@curtain100x20_arena_straight500c_52:curtain100x20_arena_straight500c_linelightvisibility,72,72,2,1,BC4_UNORM,LINEAR,3240,curtain100x20_arena_straight500c_linelightvisibility.2ecec2b6370d05ce.tld,True
level.SCNE,arena_clutchtime_int_master@arena_clutchtime_int_shared_layout@GameObjects@Prototype_arena_curtains_prototype@Prototype_arena@curtain100x20_arena_straight500c_85:curtain100x20_arena_straight500c_linelightvisibility,72,72,2,1,BC4_UNORM,LINEAR,3240,curtain100x20_arena_straight500c_linelightvisibility.2ecec2b6370d05ce.tld,True
level.SCNE,arena_clutchtime_int_master@arena_clutchtime_int_shared_layout@GameObjects@balcony@clutchtime_balcony_column_4:clutchtime_balcony_column_low,496,496,2,2,BC6H_UF16,LINEAR,615040,clutchtime_balcony_column_low.6ae45719e42eaf60.tld,False
level.SCNE,%databuild_art_root%/substance_library/graphs/painted_metal_scratched/exports/painted_metal_scratched_basecolor.png,1024,1024,11,1,BC1_UNORM,,699064,painted_metal_scratched_basecolor.a3a8ba4763f6f3e6.tld,False
level.SCNE,arena_clutchtime_int_master@arena_clutchtime_int_shared_layout@GameObjects@mural_lights@lighting_suspendedtrack_metalb_3:lighting_suspendedtrack_metalb_low,120,120,2,2,BC6H_UF16,LINEAR,36000,lighting_suspendedtrack_metalb_low.63f2b2065485647d.tld,True
level.SCNE,arena_clutchtime_int_master@arena_clutchtime_int_shared_layout@GameObjects@mural_lights@lighting_suspendedtrack_metalb_12:lighting_suspendedtrack_metalb_low,120,120,2,2,BC6H_UF16,LINEAR,36000,lighting_suspendedtrack_metalb_low.01fb304405837c23.tld,True
level.SCNE,arena_clutchtime_int_master@arena_clutchtime_int_shared_layout@GameObjects@balcony_chairs@chair_arenacrowd_seatbackcushion_35:chair_arenacrowd_seatbackcushion_low,88,88,2,2,BC6H_UF16,LINEAR,19360,chair_arenacrowd_seatbackcushion_low.588d7e5204146df1.tld,True
level.SCNE,arena_clutchtime_int_master@arena_clutchtime_int_shared_layout@GameObjects@balcony@clutchtime_ceiling_balcony_1:clutchtime_ceiling_balcony_low,96,96,2,2,BC6H_UF16,LINEAR,23040,clutchtime_ceiling_balcony_low.42a85b4d16e98f52.tld,True
level.SCNE,arena_clutchtime_int_master@arena_clutchtime_int_shared_layout@GameObjects@balcony_chairs@chair_arenacrowd_seatbackcushion_122:chair_arenacrowd_seatbackcushion_low_linelightvisibility,88,88,2,1,BC4_UNORM,LINEAR,4840,chair_arenacrowd_seatbackcushion_low_linelightvisibility.cdcced57da6d1070.tld,True
level.SCNE,arena_clutchtime_int_master@arena_clutchtime_int_shared_layout@GameObjects@balcony_lights@light_ceilinga_round_63:light_ceilinga_round_low_linelightvisibility,16,16,2,1,BC4_UNORM,LINEAR,160,light_ceilinga_round_low_linelightvisibility.bbb5c16588a49e77.tld,True
level.SCNE,arena_clutchtime_int_master@arena_clutchtime_int_shared_layout@GameObjects@balcony_lights@light_ceilinga_round_63:light_ceilinga_round_low,16,16,2,2,BC6H_UF16,LINEAR,640,light_ceilinga_round_low.7ec56af1647998e1.tld,True
level.SCNE,arena_clutchtime_int_master@arena_clutchtime_int_shared_layout@GameObjects@Prototype_arena_curtains_prototype@Prototype_arena@curtain100x20_arena_straight500c_62:curtain100x20_arena_straight500c_linelightvisibility,72,72,2,1,BC4_UNORM,LINEAR,3240,curtain100x20_arena_straight500c_linelightvisibility.2ecec2b6370d05ce.tld,True
level.SCNE,arena_clutchtime_int_master@arena_clutchtime_int_shared_layout@GameObjects@Prototype_arena_curtains_prototype@Prototype_arena_curtains_prototype_0@curtain100x20_arena_straight500c_50:curtain100x20_arena_straight500c_linelightvisibility,72,72,2,1,BC4_UNORM,LINEAR,3240,curtain100x20_arena_straight500c_linelightvisibility.2ecec2b6370d05ce.tld,True
level.SCNE,arena_clutchtime_int_master@arena_clutchtime_int_shared_layout@GameObjects@Prototype_arena_curtains_prototype@Prototype_arena@curtain100x20_arena_straight500c_87:curtain100x20_arena_straight500c_linelightvisibility,72,72,2,1,BC4_UNORM,LINEAR,3240,curtain100x20_arena_straight500c_linelightvisibility.2ecec2b6370d05ce.tld,True
level.SCNE,arena_clutchtime_int_master@arena_clutchtime_int_shared_layout@GameObjects@ceiling_panels@clutchtime_ceilingpanel_f_4:clutchtime_ceilingpanel_f_low,864,864,2,2,BC6H_UF16,LINEAR,1866240,clutchtime_ceilingpanel_f_low.3fe7dc5df50ca29f.tld,False
level.SCNE,arena_clutchtime_int_master@arena_clutchtime_int_shared_layout@GameObjects@ceiling_panels@clutchtime_ceilingpanel_c:clutchtime_ceilingpanel_c_low_linelightvisibility,776,776,2,1,BC4_UNORM,LINEAR,376360,clutchtime_ceilingpanel_c_low_linelightvisibility.986325f0b2280183.tld,False
level.SCNE,arena_clutchtime_int_master@arena_clutchtime_int_shared_layout@GameObjects@balcony_chairs@chair_arenacrowd_seatbackcushion_26:chair_arenacrowd_seatbackcushion_low,88,88,2,2,BC6H_UF16,LINEAR,19360,chair_arenacrowd_seatbackcushion_low.2b7ecdafa51fce89.tld,True
level.SCNE,arena_clutchtime_int_master@arena_clutchtime_int_shared_layout@GameObjects@ceiling_panelslights@clutchtime_ceilingpanellight_e_2:clutchtime_ceilingpanellight_e_low_linelightvisibility,1168,1168,2,1,BC4_UNORM,LINEAR,852640,clutchtime_ceilingpanellight_e_low_linelightvisibility.505e2605f407e5fa.tld,False
level.SCNE,arena_clutchtime_int_master@GameObjects@dorna@clutchtime_court_dorna_11:clutchtime_court_dorna_low_linelightvisibility,352,352,2,1,BC4_UNORM,LINEAR,77440,clutchtime_court_dorna_low_linelightvisibility.59d871effef872e4.tld,False
level.SCNE,pillibl_4Emissive.31691cfe,128,128,1,6,BC6H_UF16,LINEAR,98304,pillibl_4emissive.57ac6c75a5bf75ef.tld,False
level.SCNE,arena_clutchtime_int_master@arena_clutchtime_int_shared_layout@GameObjects@balcony_chairs@chair_arenacrowd_seatbackcushion_148:chair_arenacrowd_seatbackcushion_low_linelightvisibility,88,88,2,1,BC4_UNORM,LINEAR,4840,chair_arenacrowd_seatbackcushion_low_linelightvisibility.09d258aca6441c45.tld,True
level.SCNE,arena_clutchtime_int_master@arena_clutchtime_int_shared_layout@GameObjects@Prototype_arena_curtains_prototype@Prototype_arena@curtain100x20_arena_straight500c_63:curtain100x20_arena_straight500c_linelightvisibility,72,72,2,1,BC4_UNORM,LINEAR,3240,curtain100x20_arena_straight500c_linelightvisibility.2ecec2b6370d05ce.tld,True
level.SCNE,arena_clutchtime_int_master@arena_clutchtime_int_shared_layout@GameObjects@Prototype_arena_curtains_prototype@Prototype_arena@curtain100x20_arena_straight500c_86:curtain100x20_arena_straight500c_linelightvisibility,72,72,2,1,BC4_UNORM,LINEAR,3240,curtain100x20_arena_straight500c_linelightvisibility.2ecec2b6370d05ce.tld,True
level.SCNE,arena_clutchtime_int_master@arena_clutchtime_int_shared_layout@GameObjects@doors@sign_exit_generic_9:sign_exit_generic_linelightvisibility,24,24,2,1,BC4_UNORM,LINEAR,360,sign_exit_generic_linelightvisibility.bff29216041431a6.tld,True
level.SCNE,arena_clutchtime_int_master@arena_clutchtime_int_shared_layout@GameObjects@Prototype_arena_curtains_prototype@Prototype_arena_curtains_prototype_0@curtain100x20_arena_straight500c_51:curtain100x20_arena_straight500c_linelightvisibility,72,72,2,1,BC4_UNORM,LINEAR,3240,curtain100x20_arena_straight500c_linelightvisibility.2ecec2b6370d05ce.tld,True
level.SCNE,arena_clutchtime_int_master@arena_clutchtime_int_shared_layout@GameObjects@stands@clutchtime_stair_3step_0:clutchtime_stair_3step_low_linelightvisibility,80,80,2,1,BC4_UNORM,LINEAR,4000,clutchtime_stair_3step_low_linelightvisibility.e459a7044e5be3c6.tld,True
level.SCNE,arena_clutchtime_int_master@arena_clutchtime_int_shared_layout@GameObjects@Prototype_arena_curtains_prototype@Prototype_arena_curtains_prototype_0@curtain100x20_arena_straight500c_1:curtain100x20_arena_straight500c_linelightvisibility,72,72,2,1,BC4_UNORM,LINEAR,3240,curtain100x20_arena_straight500c_linelightvisibility.2ecec2b6370d05ce.tld,True
level.SCNE,arena_clutchtime_int_master@arena_clutchtime_int_shared_layout@GameObjects@balcony@clutchtime_balcony_column_6:clutchtime_balcony_column_low,496,496,2,2,BC6H_UF16,LINEAR,615040,clutchtime_balcony_column_low.44f01b5540812795.tld,False
level.SCNE,arena_clutchtime_int_master@arena_clutchtime_int_shared_layout@GameObjects@balcony_chairs@chair_arenacrowd_seatbackcushion_58:chair_arenacrowd_seatbackcushion_low,88,88,2,2,BC6H_UF16,LINEAR,19360,chair_arenacrowd_seatbackcushion_low.6c38a8735e452cf1.tld,True
level.SCNE,arena_clutchtime_int_master@arena_clutchtime_int_shared_layout@GameObjects@ceiling_panels@clutchtime_ceilingpanel_c_0:clutchtime_ceilingpanel_c_low,776,776,2,2,BC6H_UF16,LINEAR,1505440,clutchtime_ceilingpanel_c_low.d2dc952959675687.tld,False
level.SCNE,arena_clutchtime_int_master@GameObjects@dorna@clutchtime_court_dorna_7:clutchtime_court_dorna_low,352,352,2,2,BC6H_UF16,LINEAR,309760,clutchtime_court_dorna_low.f5173429ea18eb49.tld,False
level.SCNE,%databuild_art_root%/asset_library/electrical_outleta_dual/texture/sockets_and_lightswitch_01_a.png,256,256,9,1,BC1_UNORM,,43704,sockets_and_lightswitch_01_a.885e928443f6f845.tld,True
level.SCNE,arena_clutchtime_int_master@arena_clutchtime_int_shared_layout@GameObjects@doors@doorframe_interiorhingeless_double_6:doorframe_interiorhingeless_double_low,104,104,2,2,BC6H_UF16,LINEAR,27040,doorframe_interiorhingeless_double_low.92b16defb32e35e5.tld,True
level.SCNE,arena_clutchtime_int_master@arena_clutchtime_int_shared_layout@GameObjects@balcony_chairs@chair_arenacrowd_seatbackcushion_141:chair_arenacrowd_seatbackcushion_low,88,88,2,2,BC6H_UF16,LINEAR,19360,chair_arenacrowd_seatbackcushion_low.28d47f6a4deae520.tld,True
level.SCNE,arena_clutchtime_int_master@arena_clutchtime_int_shared_layout@GameObjects@Prototype_arena_curtains_prototype@Prototype_arena@curtain100x20_arena_straight500c_67:curtain100x20_arena_straight500c,72,72,2,2,BC6H_UF16,LINEAR,12960,curtain100x20_arena_straight500c.ceae13372618eeb5.tld,True
level.SCNE,arena_clutchtime_int_master@arena_clutchtime_int_shared_layout@GameObjects@Prototype_arena_curtains_prototype@Prototype_arena_curtains_prototype_0@curtain100x20_arena_straight500c_127:curtain100x20_arena_straight500c,72,72,2,2,BC6H_UF16,LINEAR,12960,curtain100x20_arena_straight500c.a0c91c3cb5f74ae9.tld,True
level.SCNE,arena_clutchtime_int_master@arena_clutchtime_int_shared_layout@GameObjects@mural_lights@lighting_suspendedtrack_metalb_24:lighting_suspendedtrack_metalb_low_linelightvisibility,120,120,2,1,BC4_UNORM,LINEAR,9000,lighting_suspendedtrack_metalb_low_linelightvisibility.4294ff82d381bc41.tld,True
level.SCNE,arena_clutchtime_int_master@arena_clutchtime_int_shared_layout@GameObjects@Prototype_arena_curtains_prototype@Prototype_arena@curtain100x20_arena_straight500c_114:curtain100x20_arena_straight500c,72,72,2,2,BC6H_UF16,LINEAR,12960,curtain100x20_arena_straight500c.a029a304118ba5f8.tld,True
level.SCNE,arena_clutchtime_int_master@arena_clutchtime_int_shared_layout@GameObjects@balcony_lights@light_ceilinga_round_16:light_ceilinga_round_low,16,16,2,2,BC6H_UF16,LINEAR,640,light_ceilinga_round_low.097fbeb4e067924e.tld,True
level.SCNE,arena_clutchtime_int_master@GameObjects@dorna@clutchtime_court_dorna_6:clutchtime_court_dorna_low,352,352,2,2,BC6H_UF16,LINEAR,309760,clutchtime_court_dorna_low.6fa0d5b27f3446f8.tld,False
level.SCNE,arena_clutchtime_int_master@arena_clutchtime_int_shared_layout@GameObjects@Prototype_arena_curtains_prototype@Prototype_arena_curtains_prototype_0@curtain100x20_arena_straight500c_0:curtain100x20_arena_straight500c_linelightvisibility,72,72,2,1,BC4_UNORM,LINEAR,3240,curtain100x20_arena_straight500c_linelightvisibility.2ecec2b6370d05ce.tld,True
level.SCNE,arena_clutchtime_int_master@arena_clutchtime_int_shared_layout@GameObjects@balcony_chairs@chair_arenacrowd_seatbackcushion_80:chair_arenacrowd_seatbackcushion_low,88,88,2,2,BC6H_UF16,LINEAR,19360,chair_arenacrowd_seatbackcushion_low.c670d6094733fcf3.tld,True
level.SCNE,arena_clutchtime_int_master@arena_clutchtime_int_shared_layout@GameObjects@Prototype_arena_curtains_prototype@Prototype_arena_curtains_prototype_0@curtain100x20_arena_straight500c_128:curtain100x20_arena_straight500c,72,72,2,2,BC6H_UF16,LINEAR,12960,curtain100x20_arena_straight500c.2e73abbfacc8009d.tld,True
level.SCNE,arena_clutchtime_int_master@arena_clutchtime_int_shared_layout@GameObjects@clutchtimecurtainstunnels1@Prototype_arena_curtains_prototype_1@curtain100x20_arena_straight300c:curtain100x20_arena_straight300c,56,56,2,2,BC6H_UF16,LINEAR,7840,curtain100x20_arena_straight300c.cd458959a6d8009d.tld,True
level.SCNE,arena_clutchtime_int_master@arena_clutchtime_int_shared_layout@GameObjects@Prototype_arena_curtains_prototype@Prototype_arena@curtain100x20_arena_straight500c_68:curtain100x20_arena_straight500c,72,72,2,2,BC6H_UF16,LINEAR,12960,curtain100x20_arena_straight500c.10ddf672ff7cb667.tld,True
level.SCNE,arena_clutchtime_int_master@arena_clutchtime_int_shared_layout@GameObjects@Prototype_arena_curtains_prototype@Prototype_arena_curtains_prototype_0@curtain100x20_arena_straight500c_5:curtain100x20_arena_straight500c,72,72,2,2,BC6H_UF16,LINEAR,12960,curtain100x20_arena_straight500c.cf6d24a1779d9f85.tld,True
level.SCNE,court_pillibl_5.52d972f2,128,128,6,6,BC6H_UF16,LINEAR,131040,court_pillibl_5.b7d162388ec5468a.tld,False
level.SCNE,arena_clutchtime_int_master@arena_clutchtime_int_shared_layout@GameObjects@balcony_chairs@chair_arenacrowd_seatbackcushion_51:chair_arenacrowd_seatbackcushion_low_linelightvisibility,88,88,2,1,BC4_UNORM,LINEAR,4840,chair_arenacrowd_seatbackcushion_low_linelightvisibility.cdcced57da6d1070.tld,True
level.SCNE,arena_clutchtime_int_master@GameObjects@dorna@clutchtime_court_dorna_4:clutchtime_court_dorna_low,352,352,2,2,BC6H_UF16,LINEAR,309760,clutchtime_court_dorna_low.4fcd9e41e81bf832.tld,False
level.SCNE,arena_clutchtime_int_master@arena_clutchtime_int_shared_layout@GameObjects@ceiling_panels@clutchtime_ceilingpanel_e_4:clutchtime_ceilingpanel_e_low,768,768,2,2,BC6H_UF16,LINEAR,1474560,clutchtime_ceilingpanel_e_low.18325974a095910f.tld,False
level.SCNE,arena_clutchtime_int_master@arena_clutchtime_int_shared_layout@GameObjects@Prototype_arena_curtains_prototype@Prototype_arena_curtains_prototype_0@curtain100x20_arena_straight500c_157:curtain100x20_arena_straight500c,72,72,2,2,BC6H_UF16,LINEAR,12960,curtain100x20_arena_straight500c.9557ba79643858d7.tld,True
level.SCNE,arena_clutchtime_int_master@arena_clutchtime_int_shared_layout@GameObjects@balcony_chairs@chair_arenacrowd_seatbackcushion_152:chair_arenacrowd_seatbackcushion_low,88,88,2,2,BC6H_UF16,LINEAR,19360,chair_arenacrowd_seatbackcushion_low.48f104195ea5c449.tld,True
level.SCNE,arena_clutchtime_int_master@arena_clutchtime_int_shared_layout@GameObjects@balcony_lights@light_ceilinga_round_54:light_ceilinga_round_low_linelightvisibility,16,16,2,1,BC4_UNORM,LINEAR,160,light_ceilinga_round_low_linelightvisibility.bbb5c16588a49e77.tld,True
level.SCNE,arena_clutchtime_int_master@arena_clutchtime_int_shared_layout@GameObjects@Prototype_arena_curtains_prototype@Prototype_arena@curtain100x20_arena_straight500c_164:curtain100x20_arena_straight500c,72,72,2,2,BC6H_UF16,LINEAR,12960,curtain100x20_arena_straight500c.27da6d788bbc16b4.tld,True
level.SCNE,LIGHT_BRICK_MAP_GRID_RUNTIME_DATA,1,97597,1,1,R8G8B8A8_UNORM,LINEAR,390388,light_brick_map_grid_runtime_data.99205f5314268fd7.gz,False
level.SCNE,arena_clutchtime_int_master@arena_clutchtime_int_shared_layout@GameObjects@Prototype_arena_curtains_prototype@Prototype_arena_curtains_prototype_0@curtain100x20_arena_straight500c_2:curtain100x20_arena_straight500c_linelightvisibility,72,72,2,1,BC4_UNORM,LINEAR,3240,curtain100x20_arena_straight500c_linelightvisibility.2ecec2b6370d05ce.tld,True
level.SCNE,arena_clutchtime_int_master@arena_clutchtime_int_shared_layout@GameObjects@mural_lights@lighting_suspendedtrack_metalb_40:lighting_suspendedtrack_metalb_low,120,120,2,2,BC6H_UF16,LINEAR,36000,lighting_suspendedtrack_metalb_low.35e0eda120e8c8ed.tld,True
level.SCNE,arena_clutchtime_int_master@arena_clutchtime_int_shared_layout@GameObjects@balcony_chairs@chair_arenacrowd_seatbackcushion_93:chair_arenacrowd_seatbackcushion_low,88,88,2,2,BC6H_UF16,LINEAR,19360,chair_arenacrowd_seatbackcushion_low.3ed085a80be22cc1.tld,True
level.SCNE,arena_clutchtime_int_master@arena_clutchtime_int_shared_layout@GameObjects@Prototype_arena_curtains_prototype@Prototype_arena_curtains_prototype_0@curtain100x20_arena_straight500c_158:curtain100x20_arena_straight500c,72,72,2,2,BC6H_UF16,LINEAR,12960,curtain100x20_arena_straight500c.9cbe002701e87827.tld,True
level.SCNE,arena_clutchtime_int_master@GameObjects@dorna@clutchtime_court_dorna_4:clutchtime_court_dorna_low_linelightvisibility,352,352,2,1,BC4_UNORM,LINEAR,77440,clutchtime_court_dorna_low_linelightvisibility.faef969ff5d5f2e5.tld,False
level.SCNE,arena_clutchtime_int_master@arena_clutchtime_int_shared_layout@GameObjects@Prototype_arena_curtains_prototype@Prototype_arena_curtains_prototype_0@curtain100x20_arena_straight500c_3:curtain100x20_arena_straight500c_linelightvisibility,72,72,2,1,BC4_UNORM,LINEAR,3240,curtain100x20_arena_straight500c_linelightvisibility.2ecec2b6370d05ce.tld,True
level.SCNE,arena_clutchtime_int_master@arena_clutchtime_int_shared_layout@GameObjects@balcony_lights@light_ceilinga_round_15:light_ceilinga_round_low_linelightvisibility,16,16,2,1,BC4_UNORM,LINEAR,160,light_ceilinga_round_low_linelightvisibility.bbb5c16588a49e77.tld,True
level.SCNE,arena_clutchtime_int_master@arena_clutchtime_int_shared_layout@GameObjects@ceiling_panels@clutchtime_ceilingpanel_b_6:clutchtime_ceilingpanel_b_low_linelightvisibility,776,776,2,1,BC4_UNORM,LINEAR,376360,clutchtime_ceilingpanel_b_low_linelightvisibility.986325f0b2280183.tld,False
level.SCNE,arena_clutchtime_int_master@arena_clutchtime_int_shared_layout@GameObjects@ceiling_panelslights@clutchtime_ceilingpanellight_e_3:clutchtime_ceilingpanellight_e_low_linelightvisibility,1168,1168,2,1,BC4_UNORM,LINEAR,852640,clutchtime_ceilingpanellight_e_low_linelightvisibility.505e2605f407e5fa.tld,False
level.SCNE,arena_clutchtime_int_master@arena_clutchtime_int_shared_layout@GameObjects@balcony_chairs@chair_arenacrowd_seatbackcushion_64:chair_arenacrowd_seatbackcushion_low_linelightvisibility,88,88,2,1,BC4_UNORM,LINEAR,4840,chair_arenacrowd_seatbackcushion_low_linelightvisibility.cdcced57da6d1070.tld,True
level.SCNE,arena_clutchtime_int_master@GameObjects@dorna@clutchtime_court_dorna_5:clutchtime_court_dorna_low,352,352,2,2,BC6H_UF16,LINEAR,309760,clutchtime_court_dorna_low.02b2c3d36d721144.tld,False
level.SCNE,arena_clutchtime_int_master@arena_clutchtime_int_shared_layout@GameObjects@doors@electical_outlet_common_aluminum_0:eletrical_oulet_common,8,8,2,2,BC6H_UF16,LINEAR,160,eletrical_oulet_common.42bda7a599f6d159.tld,True
level.SCNE,arena_clutchtime_int_master@arena_clutchtime_int_shared_layout@GameObjects@mural_lights@lighting_suspendedtrack_metalb_35:lighting_suspendedtrack_metalb_low_linelightvisibility,120,120,2,1,BC4_UNORM,LINEAR,9000,lighting_suspendedtrack_metalb_low_linelightvisibility.4294ff82d381bc41.tld,True
level.SCNE,arena_clutchtime_int_master@arena_clutchtime_int_shared_layout@GameObjects@Prototype_arena_curtains_prototype@Prototype_arena_curtains_prototype_0@curtain100x20_arena_straight500c_6:curtain100x20_arena_straight500c_linelightvisibility,72,72,2,1,BC4_UNORM,LINEAR,3240,curtain100x20_arena_straight500c_linelightvisibility.2ecec2b6370d05ce.tld,True
level.SCNE,arena_clutchtime_int_master@arena_clutchtime_int_shared_layout@GameObjects@Prototype_arena_curtains_prototype@Prototype_arena_curtains_prototype_0@curtain100x20_arena_straight500c_159:curtain100x20_arena_straight500c_linelightvisibility,72,72,2,1,BC4_UNORM,LINEAR,3240,curtain100x20_arena_straight500c_linelightvisibility.2ecec2b6370d05ce.tld,True
level.SCNE,arena_clutchtime_int_master@arena_clutchtime_int_shared_layout@GameObjects@balcony@clutchtime_ceiling_balcony_3:clutchtime_ceiling_balcony_low_linelightvisibility,96,96,2,1,BC4_UNORM,LINEAR,5760,clutchtime_ceiling_balcony_low_linelightvisibility.6ec3ec823d4adbf9.tld,True
level.SCNE,arena_clutchtime_int_master@arena_clutchtime_int_shared_layout@GameObjects@ceiling_panelslights@clutchtime_ceilingpanellight_c:clutchtime_ceilingpanellight_c_low_linelightvisibility,1168,1168,2,1,BC4_UNORM,LINEAR,852640,clutchtime_ceilingpanellight_c_low_linelightvisibility.505e2605f407e5fa.tld,False
level.SCNE,arena_clutchtime_int_master@arena_clutchtime_int_shared_layout@GameObjects@balcony_lights@light_ceilinga_round_31:light_ceilinga_round_low,16,16,2,2,BC6H_UF16,LINEAR,640,light_ceilinga_round_low.176f5cb052a185f9.tld,True
level.SCNE,arena_clutchtime_int_master@arena_clutchtime_int_shared_layout@GameObjects@ceiling_panels@clutchtime_ceilingpanel_a_3:clutchtime_ceilingpanel_a_low,776,776,2,2,BC6H_UF16,LINEAR,1505440,clutchtime_ceilingpanel_a_low.1b4fd35be1fcca67.tld,False
level.SCNE,arena_clutchtime_int_master@GameObjects@dorna@clutchtime_court_dorna_0:clutchtime_court_dorna_low,352,352,2,2,BC6H_UF16,LINEAR,309760,clutchtime_court_dorna_low.549efcf97165c4c7.tld,False
level.SCNE,arena_clutchtime_int_master@arena_clutchtime_int_shared_layout@GameObjects@Prototype_arena_curtains_prototype@Prototype_arena@curtain100x20_arena_straight500c_184:curtain100x20_arena_straight500c,72,72,2,2,BC6H_UF16,LINEAR,12960,curtain100x20_arena_straight500c.15b542976f823618.tld,True
level.SCNE,%databuild_art_root%/substance_library/graphs/leather_fine_touch/exports/leather_fine_touch_ambientocclusion.png,1024,1024,11,1,BC1_UNORM,LINEAR,699064,leather_fine_touch_ambientocclusion.a43d82f6470db03d.tld,False
level.SCNE,arena_clutchtime_int_master@arena_clutchtime_int_shared_layout@GameObjects@balcony_lights@light_ceilinga_round_7:light_ceilinga_round_low_linelightvisibility,16,16,2,1,BC4_UNORM,LINEAR,160,light_ceilinga_round_low_linelightvisibility.bbb5c16588a49e77.tld,True
level.SCNE,arena_clutchtime_int_master@GameObjects@dorna@clutchtime_court_dornaend_2:clutchtime_court_dornaend_low,104,104,2,2,BC6H_UF16,LINEAR,27040,clutchtime_court_dornaend_low.bc81dd632cac4582.tld,True
level.SCNE,arena_clutchtime_int_master@GameObjects@dorna@clutchtime_court_dorna_1:clutchtime_court_dorna_low,352,352,2,2,BC6H_UF16,LINEAR,309760,clutchtime_court_dorna_low.b7daee446e45133e.tld,False
level.SCNE,arena_clutchtime_int_master@arena_clutchtime_int_shared_layout@GameObjects@Prototype_arena_curtains_prototype@Prototype_arena_curtains_prototype_0@curtain100x20_arena_straight500c_158:curtain100x20_arena_straight500c_linelightvisibility,72,72,2,1,BC4_UNORM,LINEAR,3240,curtain100x20_arena_straight500c_linelightvisibility.2ecec2b6370d05ce.tld,True
level.SCNE,arena_clutchtime_int_master@arena_clutchtime_int_shared_layout@GameObjects@ceiling_panels@clutchtime_ceilingpanel_b_1:clutchtime_ceilingpanel_b_low,776,776,2,2,BC6H_UF16,LINEAR,1505440,clutchtime_ceilingpanel_b_low.a6f8cf6f2c407c41.tld,False
level.SCNE,arena_clutchtime_int_master@arena_clutchtime_int_shared_layout@GameObjects@Prototype_arena_curtains_prototype@Prototype_arena_curtains_prototype_0@curtain100x20_arena_straight500c_7:curtain100x20_arena_straight500c_linelightvisibility,72,72,2,1,BC4_UNORM,LINEAR,3240,curtain100x20_arena_straight500c_linelightvisibility.2ecec2b6370d05ce.tld,True
level.SCNE,%databuild_art_root%/substance_library/graphs/concrete_spotted/exports/concrete_spotted_basecolor.png,1024,1024,11,1,BC1_UNORM,,699064,concrete_spotted_basecolor.1b01a16ad6730bef.tld,False
level.SCNE,arena_clutchtime_int_master@GameObjects@dorna@clutchtime_court_dorna_3:clutchtime_court_dorna_low,352,352,2,2,BC6H_UF16,LINEAR,309760,clutchtime_court_dorna_low.78acc0c521dabb9f.tld,False
level.SCNE,arena_clutchtime_int_master@arena_clutchtime_int_shared_layout@GameObjects@doors@sign_exit_generic_1:sign_exit_generic_linelightvisibility,24,24,2,1,BC4_UNORM,LINEAR,360,sign_exit_generic_linelightvisibility.bff29216041431a6.tld,True
level.SCNE,arena_clutchtime_int_master@arena_clutchtime_int_shared_layout@GameObjects@walls@clutchtime_wall_e:clutchtime_wall_e_low,1888,1888,2,2,BC6H_UF16,LINEAR,8911360,clutchtime_wall_e_low.10c8208cbdf6cf63.tld,False
level.SCNE,arena_clutchtime_int_master@arena_clutchtime_int_shared_layout@GameObjects@ceiling_panelslights@clutchtime_ceilingpanellight_e:clutchtime_ceilingpanellight_e_low,1168,1168,2,2,BC6H_UF16,LINEAR,3410560,clutchtime_ceilingpanellight_e_low.df1c02088651d0bb.tld,False
level.SCNE,arena_clutchtime_int_master@arena_clutchtime_int_shared_layout@GameObjects@ceiling@clutchtime_ceiling_ribs_0:clutchtime_ceiling_ribs_low,1072,1072,2,2,BC6H_UF16,LINEAR,2872960,clutchtime_ceiling_ribs_low.ecd47024714b3883.tld,False
level.SCNE,arena_clutchtime_int_master@arena_clutchtime_int_shared_layout@GameObjects@Prototype_arena_curtains_prototype@Prototype_arena_curtains_prototype_0@curtain100x20_arena_straight500c_5:curtain100x20_arena_straight500c_linelightvisibility,72,72,2,1,BC4_UNORM,LINEAR,3240,curtain100x20_arena_straight500c_linelightvisibility.2ecec2b6370d05ce.tld,True
level.SCNE,arena_clutchtime_int_master@arena_clutchtime_int_shared_layout@GameObjects@ceiling_panels@clutchtime_ceilingpanel_d_5:clutchtime_ceilingpanel_d_low,768,768,2,2,BC6H_UF16,LINEAR,1474560,clutchtime_ceilingpanel_d_low.0a43f3322971be57.tld,False
level.SCNE,arena_clutchtime_int_master@arena_clutchtime_int_shared_layout@GameObjects@Prototype_arena_curtains_prototype@Prototype_arena_curtains_prototype_0@curtain100x20_arena_straight500c_4:curtain100x20_arena_straight500c_linelightvisibility,72,72,2,1,BC4_UNORM,LINEAR,3240,curtain100x20_arena_straight500c_linelightvisibility.2ecec2b6370d05ce.tld,True
level.SCNE,arena_clutchtime_int_master@arena_clutchtime_int_shared_layout@GameObjects@balcony_chairs@chair_arenacrowd_seatbackcushion_151:chair_arenacrowd_seatbackcushion_low_linelightvisibility,88,88,2,1,BC4_UNORM,LINEAR,4840,chair_arenacrowd_seatbackcushion_low_linelightvisibility.d0bfc942857fac39.tld,True
level.SCNE,arena_clutchtime_int_master@arena_clutchtime_int_shared_layout@GameObjects@Prototype_arena_curtains_prototype@Prototype_arena@curtain100x20_arena_straight500c_88:curtain100x20_arena_straight500c,72,72,2,2,BC6H_UF16,LINEAR,12960,curtain100x20_arena_straight500c.850d6ba7a4d52f25.tld,True
level.SCNE,arena_clutchtime_int_master@arena_clutchtime_int_shared_layout@GameObjects@Prototype_arena_curtains_prototype@Prototype_arena@curtain100x20_arena_straight500c_87:curtain100x20_arena_straight500c,72,72,2,2,BC6H_UF16,LINEAR,12960,curtain100x20_arena_straight500c.b948bb42f31a4070.tld,True
level.SCNE,arena_clutchtime_int_master@GameObjects@dorna@clutchtime_court_dorna_2:clutchtime_court_dorna_low,352,352,2,2,BC6H_UF16,LINEAR,309760,clutchtime_court_dorna_low.5b373cdc28bacdb5.tld,False
level.SCNE,arena_clutchtime_int_master@arena_clutchtime_int_shared_layout@GameObjects@ceiling_panelslights@clutchtime_ceilingpanellight_d_2:clutchtime_ceilingpanellight_d_low,1160,1160,2,2,BC6H_UF16,LINEAR,3364000,clutchtime_ceilingpanellight_d_low.d0d4ccb741bacf19.tld,False
level.SCNE,arena_clutchtime_int_master@arena_clutchtime_int_shared_layout@GameObjects@balcony_lights@light_ceilinga_round_48:light_ceilinga_round_low_linelightvisibility,16,16,2,1,BC4_UNORM,LINEAR,160,light_ceilinga_round_low_linelightvisibility.bbb5c16588a49e77.tld,True
level.SCNE,arena_clutchtime_int_master@arena_clutchtime_int_shared_layout@GameObjects@balcony@clutchtime_balcony_railing_8:clutchtime_balcony_railing_low,104,104,2,2,BC6H_UF16,LINEAR,27040,clutchtime_balcony_railing_low.7782e4a0d1cb7cf6.tld,True
level.SCNE,NormalAndRoughMap#cbd66d98_1616,256,256,9,1,BC7_UNORM,LINEAR,87408,normalandroughmap.0dd130a6c262d625.tld,False
level.SCNE,arena_clutchtime_int_master@arena_clutchtime_int_shared_layout@GameObjects@balcony_chairs@chair_arenacrowd_seatbackcushion_118:chair_arenacrowd_seatbackcushion_low_linelightvisibility,88,88,2,1,BC4_UNORM,LINEAR,4840,chair_arenacrowd_seatbackcushion_low_linelightvisibility.cdcced57da6d1070.tld,True
level.SCNE,arena_clutchtime_int_master@arena_clutchtime_int_shared_layout@GameObjects@balcony_chairs@chair_arenacrowd_seatbackcushion_21:chair_arenacrowd_seatbackcushion_low,88,88,2,2,BC6H_UF16,LINEAR,19360,chair_arenacrowd_seatbackcushion_low.6fd21a390106851d.tld,True
level.SCNE,arena_clutchtime_int_master@arena_clutchtime_int_shared_layout@GameObjects@ceiling_panelslights@clutchtime_ceilingpanellight_a_3:clutchtime_ceilingpanellight_a_low_linelightvisibility,1200,1200,2,1,BC4_UNORM,LINEAR,900000,clutchtime_ceilingpanellight_a_low_linelightvisibility.3a1373a98a6f9cf0.tld,False
level.SCNE,arena_clutchtime_int_master@arena_clutchtime_int_shared_layout@GameObjects@Prototype_arena_curtains_prototype@Prototype_arena_curtains_prototype_0@curtain100x20_arena_straight500c_150:curtain100x20_arena_straight500c_linelightvisibility,72,72,2,1,BC4_UNORM,LINEAR,3240,curtain100x20_arena_straight500c_linelightvisibility.2ecec2b6370d05ce.tld,True
level.SCNE,arena_clutchtime_int_master@arena_clutchtime_int_shared_layout@GameObjects@scorecube@clutchtime_scorecube_screen:clutchtime_scorecube_screen_low_linelightvisibility,808,808,2,1,BC4_UNORM,LINEAR,408040,clutchtime_scorecube_screen_low_linelightvisibility.bb41b45940a26d8c.tld,False
level.SCNE,arena_clutchtime_int_master@GameObjects@dorna@clutchtime_court_dorna_9:clutchtime_court_dorna_low,352,352,2,2,BC6H_UF16,LINEAR,309760,clutchtime_court_dorna_low.68c9518ba2f7aa5c.tld,False
level.SCNE,arena_clutchtime_int_master@arena_clutchtime_int_shared_layout@GameObjects@Prototype_arena_curtains_prototype@Prototype_arena_curtains_prototype_0@curtain100x20_arena_straight500c_151:curtain100x20_arena_straight500c_linelightvisibility,72,72,2,1,BC4_UNORM,LINEAR,3240,curtain100x20_arena_straight500c_linelightvisibility.2ecec2b6370d05ce.tld,True
level.SCNE,arena_clutchtime_int_master@arena_clutchtime_int_shared_layout@GameObjects@balcony_chairs@chair_arenacrowd_seatbackcushion_138:chair_arenacrowd_seatbackcushion_low,88,88,2,2,BC6H_UF16,LINEAR,19360,chair_arenacrowd_seatbackcushion_low.817e82ac865a2aad.tld,True
level.SCNE,arena_clutchtime_int_master@arena_clutchtime_int_shared_layout@GameObjects@mural_lights@lighting_suspendedtrack_metalb_8:lighting_suspendedtrack_metalb_low,120,120,2,2,BC6H_UF16,LINEAR,36000,lighting_suspendedtrack_metalb_low.9025eedfab5e9d67.tld,True
level.SCNE,NormalAndRoughMap#e8190bc7_1466,1024,1024,11,1,BC7_UNORM,LINEAR,1398128,normalandroughmap.5dd9cb691ab5020a.tld,False
level.SCNE,arena_clutchtime_int_master@GameObjects@dorna@clutchtime_court_dorna_8:clutchtime_court_dorna_low,352,352,2,2,BC6H_UF16,LINEAR,309760,clutchtime_court_dorna_low.1a1e844013fbb308.tld,False
level.SCNE,arena_clutchtime_int_master@arena_clutchtime_int_shared_layout@GameObjects@ceiling_panels@clutchtime_ceilingpanel_c_0:clutchtime_ceilingpanel_c_low_linelightvisibility,776,776,2,1,BC4_UNORM,LINEAR,376360,clutchtime_ceilingpanel_c_low_linelightvisibility.986325f0b2280183.tld,False
level.SCNE,arena_clutchtime_int_master@arena_clutchtime_int_shared_layout@GameObjects@ceiling_panels@clutchtime_ceilingpanel_f_0:clutchtime_ceilingpanel_f_low_linelightvisibility,864,864,2,1,BC4_UNORM,LINEAR,466560,clutchtime_ceilingpanel_f_low_linelightvisibility.f3e2eb4adb2bf882.tld,False
level.SCNE,arena_clutchtime_int_master@arena_clutchtime_int_shared_layout@GameObjects@ceiling@clutchtime_ceiling_b:clutchtime_ceiling_b_low,1688,1688,2,2,BC6H_UF16,LINEAR,7123360,clutchtime_ceiling_b_low.eeaf0e5ac91ed26a.tld,False
level.SCNE,arena_clutchtime_int_master@arena_clutchtime_int_shared_layout@GameObjects@ceiling_panels@clutchtime_ceilingpanel_d_4:clutchtime_ceilingpanel_d_low,768,768,2,2,BC6H_UF16,LINEAR,1474560,clutchtime_ceilingpanel_d_low.c1e246ea3c33e112.tld,False
level.SCNE,arena_clutchtime_int_master@arena_clutchtime_int_shared_layout@GameObjects@doors@sign_exit_generic:sign_exit_generic_linelightvisibility,24,24,2,1,BC4_UNORM,LINEAR,360,sign_exit_generic_linelightvisibility.bff29216041431a6.tld,True
level.SCNE,arena_clutchtime_int_master@arena_clutchtime_int_shared_layout@GameObjects@mural_lights@lighting_suspendedtrack_metalb_19:lighting_suspendedtrack_metalb_low,120,120,2,2,BC6H_UF16,LINEAR,36000,lighting_suspendedtrack_metalb_low.b8a14b8d74b0f28b.tld,True
level.SCNE,arena_clutchtime_int_master@arena_clutchtime_int_shared_layout@GameObjects@balcony_lights@light_ceilinga_round_33:light_ceilinga_round_low_linelightvisibility,16,16,2,1,BC4_UNORM,LINEAR,160,light_ceilinga_round_low_linelightvisibility.bbb5c16588a49e77.tld,True
level.SCNE,arena_clutchtime_int_master@arena_clutchtime_int_shared_layout@GameObjects@ceiling_panels@clutchtime_ceilingpanel_a_2:clutchtime_ceilingpanel_a_low,776,776,2,2,BC6H_UF16,LINEAR,1505440,clutchtime_ceilingpanel_a_low.451d20d498b0a557.tld,False
level.SCNE,arena_clutchtime_int_master@arena_clutchtime_int_shared_layout@GameObjects@Prototype_arena_curtains_prototype@Prototype_arena_curtains_prototype_0@curtain100x20_arena_straight500c_153:curtain100x20_arena_straight500c_linelightvisibility,72,72,2,1,BC4_UNORM,LINEAR,3240,curtain100x20_arena_straight500c_linelightvisibility.2ecec2b6370d05ce.tld,True
level.SCNE,arena_clutchtime_int_master@arena_clutchtime_int_shared_layout@GameObjects@balcony_lights@light_ceilinga_round_58:light_ceilinga_round_low,16,16,2,2,BC6H_UF16,LINEAR,640,light_ceilinga_round_low.099d8de636e8a2d6.tld,True
level.SCNE,court_pillibl_6.cbd02348,128,128,6,6,BC6H_UF16,LINEAR,131040,court_pillibl_6.19945b0586a9846e.tld,False
level.SCNE,arena_clutchtime_int_master@arena_clutchtime_int_shared_layout@GameObjects@balcony_lights@light_ceilinga_round_72:light_ceilinga_round_low_linelightvisibility,16,16,2,1,BC4_UNORM,LINEAR,160,light_ceilinga_round_low_linelightvisibility.bbb5c16588a49e77.tld,True
level.SCNE,arena_clutchtime_int_master@arena_clutchtime_int_shared_layout@GameObjects@stands@clutchtime_stair_3step_9:clutchtime_stair_3step_low_linelightvisibility,80,80,2,1,BC4_UNORM,LINEAR,4000,clutchtime_stair_3step_low_linelightvisibility.e459a7044e5be3c6.tld,True
level.SCNE,arena_clutchtime_int_master@arena_clutchtime_int_shared_layout@GameObjects@ceiling_panels@clutchtime_ceilingpanel_b_0:clutchtime_ceilingpanel_b_low,776,776,2,2,BC6H_UF16,LINEAR,1505440,clutchtime_ceilingpanel_b_low.d148f5c08e19a761.tld,False
level.SCNE,arena_clutchtime_int_master@arena_clutchtime_int_shared_layout@GameObjects@balcony_lights@light_ceilinga_round_61:light_ceilinga_round_low,16,16,2,2,BC6H_UF16,LINEAR,640,light_ceilinga_round_low.ff20eb2f1209a612.tld,True
level.SCNE,arena_clutchtime_int_master@arena_clutchtime_int_shared_layout@GameObjects@scorecube@clutchtime_scorecube_supportpipes:clutchtime_scorecube_supportpipes_low_linelightvisibility,328,328,2,1,BC4_UNORM,LINEAR,67240,clutchtime_scorecube_supportpipes_low_linelightvisibility.2d0202ac0b7042e2.tld,False
level.SCNE,arena_clutchtime_int_master@arena_clutchtime_int_shared_layout@GameObjects@balcony_chairs@chair_arenacrowd_seatbackcushion_147:chair_arenacrowd_seatbackcushion_low_linelightvisibility,88,88,2,1,BC4_UNORM,LINEAR,4840,chair_arenacrowd_seatbackcushion_low_linelightvisibility.467aa7ca6a07d116.tld,True
level.SCNE,arena_clutchtime_int_master@arena_clutchtime_int_shared_layout@GameObjects@Prototype_arena_curtains_prototype@Prototype_arena_curtains_prototype_0@curtain100x20_arena_straight500c_152:curtain100x20_arena_straight500c_linelightvisibility,72,72,2,1,BC4_UNORM,LINEAR,3240,curtain100x20_arena_straight500c_linelightvisibility.2ecec2b6370d05ce.tld,True
level.SCNE,arena_clutchtime_int_master@arena_clutchtime_int_shared_layout@GameObjects@balcony_chairs@chair_arenacrowd_seatbackcushion_32:chair_arenacrowd_seatbackcushion_low,88,88,2,2,BC6H_UF16,LINEAR,19360,chair_arenacrowd_seatbackcushion_low.844c162028f904f4.tld,True
level.SCNE,arena_clutchtime_int_master@arena_clutchtime_int_shared_layout@GameObjects@doors@doorframe_interiorhingeless_double_0:doorframe_interiorhingeless_double_low_linelightvisibility,104,104,2,1,BC4_UNORM,LINEAR,6760,doorframe_interiorhingeless_double_low_linelightvisibility.415df97535cc75a1.tld,True
level.SCNE,NormalAndRoughMap#dc3a6a54_1457,1024,1024,11,1,BC7_UNORM,LINEAR,1398128,normalandroughmap.47fa77374c9457a5.tld,False
level.SCNE,arena_clutchtime_int_master@arena_clutchtime_int_shared_layout@GameObjects@ceiling_panels@clutchtime_ceilingpanel_e_5:clutchtime_ceilingpanel_e_low,768,768,2,2,BC6H_UF16,LINEAR,1474560,clutchtime_ceilingpanel_e_low.f727d8e62220754d.tld,False
level.SCNE,arena_clutchtime_int_master@arena_clutchtime_int_shared_layout@GameObjects@Prototype_arena_curtains_prototype@Prototype_arena_curtains_prototype_0@curtain100x20_arena_straight500c_157:curtain100x20_arena_straight500c_linelightvisibility,72,72,2,1,BC4_UNORM,LINEAR,3240,curtain100x20_arena_straight500c_linelightvisibility.2ecec2b6370d05ce.tld,True
level.SCNE,arena_clutchtime_int_master@arena_clutchtime_int_shared_layout@GameObjects@Prototype_arena_curtains_prototype@Prototype_arena_curtains_prototype_0@curtain100x20_arena_straight500c_8:curtain100x20_arena_straight500c_linelightvisibility,72,72,2,1,BC4_UNORM,LINEAR,3240,curtain100x20_arena_straight500c_linelightvisibility.2ecec2b6370d05ce.tld,True
level.SCNE,NormalAndRoughMap#6b90f47c_1274,512,512,10,1,BC7_UNORM,LINEAR,349552,normalandroughmap.a2941d4952be0916.tld,False
level.SCNE,arena_clutchtime_int_master@arena_clutchtime_int_shared_layout@GameObjects@balcony_chairs@chair_arenacrowd_seatbackcushion_18:chair_arenacrowd_seatbackcushion_low_linelightvisibility,88,88,2,1,BC4_UNORM,LINEAR,4840,chair_arenacrowd_seatbackcushion_low_linelightvisibility.4203ed552a5035d2.tld,True
level.SCNE,arena_clutchtime_int_master@arena_clutchtime_int_shared_layout@GameObjects@balcony_chairs@chair_arenacrowd_seatbackcushion_14:chair_arenacrowd_seatbackcushion_low,88,88,2,2,BC6H_UF16,LINEAR,19360,chair_arenacrowd_seatbackcushion_low.24330671c240f9b7.tld,True
level.SCNE,arena_clutchtime_int_master@arena_clutchtime_int_shared_layout@GameObjects@Prototype_arena_curtains_prototype@Prototype_arena_curtains_prototype_0@curtain100x20_arena_straight500c_9:curtain100x20_arena_straight500c_linelightvisibility,72,72,2,1,BC4_UNORM,LINEAR,3240,curtain100x20_arena_straight500c_linelightvisibility.2ecec2b6370d05ce.tld,True
level.SCNE,arena_clutchtime_int_master@arena_clutchtime_int_shared_layout@GameObjects@ceiling_panelslights@clutchtime_ceilingpanellight_c_3:clutchtime_ceilingpanellight_c_low_linelightvisibility,1168,1168,2,1,BC4_UNORM,LINEAR,852640,clutchtime_ceilingpanellight_c_low_linelightvisibility.505e2605f407e5fa.tld,False
level.SCNE,arena_clutchtime_int_master@arena_clutchtime_int_shared_layout@GameObjects@Prototype_arena_curtains_prototype@Prototype_arena_curtains_prototype_0@curtain100x20_arena_straight500c_156:curtain100x20_arena_straight500c_linelightvisibility,72,72,2,1,BC4_UNORM,LINEAR,3240,curtain100x20_arena_straight500c_linelightvisibility.2ecec2b6370d05ce.tld,True
level.SCNE,%databuild_art_root%/asset_library/clutchtime_mural_wall/texture/clutchtime_mural_03.png,1024,1024,11,1,BC1_UNORM,,699064,clutchtime_mural_03.6717c1cc9f5faa97.tld,False
level.SCNE,%databuild_art_root%/asset_library/_generic_textures/arena_chairseatback_s_albedo_mask.png,256,256,9,1,BC7_UNORM,,87408,arena_chairseatback_s_albedo_mask.4f054d3890401cc9.tld,False
level.SCNE,arena_clutchtime_int_master@arena_clutchtime_int_shared_layout@GameObjects@balcony@clutchtime_balcony_column:clutchtime_balcony_column_low_linelightvisibility,496,496,2,1,BC4_UNORM,LINEAR,153760,clutchtime_balcony_column_low_linelightvisibility.0ae8843c41eb854c.tld,False
level.SCNE,arena_clutchtime_int_master@arena_clutchtime_int_shared_layout@GameObjects@Prototype_arena_curtains_prototype@Prototype_arena_curtains_prototype_0@curtain100x20_arena_straight500c_53:curtain100x20_arena_straight500c,72,72,2,2,BC6H_UF16,LINEAR,12960,curtain100x20_arena_straight500c.dd38e554dcc2e97a.tld,True
level.SCNE,arena_clutchtime_int_master@arena_clutchtime_int_shared_layout@GameObjects@ceiling_panels@clutchtime_ceilingpanel_c_1:clutchtime_ceilingpanel_c_low,776,776,2,2,BC6H_UF16,LINEAR,1505440,clutchtime_ceilingpanel_c_low.aa3e7a29f55f0605.tld,False
level.SCNE,arena_clutchtime_int_master@arena_clutchtime_int_shared_layout@GameObjects@Prototype_arena_curtains_prototype@Prototype_arena_curtains_prototype_0@curtain100x20_arena_straight500c_154:curtain100x20_arena_straight500c_linelightvisibility,72,72,2,1,BC4_UNORM,LINEAR,3240,curtain100x20_arena_straight500c_linelightvisibility.2ecec2b6370d05ce.tld,True
level.SCNE,arena_clutchtime_int_master@arena_clutchtime_int_shared_layout@GameObjects@mural_lights@lighting_suspendedtrack_metalb_17:lighting_suspendedtrack_metalb_low_linelightvisibility,120,120,2,1,BC4_UNORM,LINEAR,9000,lighting_suspendedtrack_metalb_low_linelightvisibility.4294ff82d381bc41.tld,True
level.SCNE,court_pillibl_4Emissive.25de4264,128,128,1,6,BC6H_UF16,LINEAR,98304,court_pillibl_4emissive.873289cf89c61e66.tld,False
level.SCNE,arena_clutchtime_int_master@arena_clutchtime_int_shared_layout@GameObjects@Prototype_arena_curtains_prototype@Prototype_arena_curtains_prototype_0@curtain100x20_arena_straight500c_23:curtain100x20_arena_straight500c,72,72,2,2,BC6H_UF16,LINEAR,12960,curtain100x20_arena_straight500c.7e4bfedb9c8b4e7d.tld,True
level.SCNE,arena_clutchtime_int_master@arena_clutchtime_int_shared_layout@GameObjects@balcony_lights@light_ceilinga_round_46:light_ceilinga_round_low,16,16,2,2,BC6H_UF16,LINEAR,640,light_ceilinga_round_low.07be79f69b252b7b.tld,True
level.SCNE,arena_clutchtime_int_master@arena_clutchtime_int_shared_layout@GameObjects@balcony_chairs@chair_arenacrowd_seatbackcushion_47:chair_arenacrowd_seatbackcushion_low_linelightvisibility,88,88,2,1,BC4_UNORM,LINEAR,4840,chair_arenacrowd_seatbackcushion_low_linelightvisibility.cdcced57da6d1070.tld,True
level.SCNE,LAYER0_NormalAndRoughMap#fb56a21f_1474,1024,1024,11,1,BC7_UNORM,LINEAR,1398128,layer0_normalandroughmap.0f76aeac888551dd.tld,False
level.SCNE,arena_clutchtime_int_master@arena_clutchtime_int_shared_layout@GameObjects@mural_lights@lighting_suspendedtrack_metalb_34:lighting_suspendedtrack_metalb_low,120,120,2,2,BC6H_UF16,LINEAR,36000,lighting_suspendedtrack_metalb_low.10d0eb25aaa643c4.tld,True
level.SCNE,arena_clutchtime_int_master@arena_clutchtime_int_shared_layout@GameObjects@mural_lights@lighting_suspendedtrack_metalb_0:lighting_suspendedtrack_metalb_low_linelightvisibility,120,120,2,1,BC4_UNORM,LINEAR,9000,lighting_suspendedtrack_metalb_low_linelightvisibility.4294ff82d381bc41.tld,True
level.SCNE,arena_clutchtime_int_master@arena_clutchtime_int_shared_layout@GameObjects@Prototype_arena_curtains_prototype@Prototype_arena_curtains_prototype_0@curtain100x20_arena_straight500c_155:curtain100x20_arena_straight500c_linelightvisibility,72,72,2,1,BC4_UNORM,LINEAR,3240,curtain100x20_arena_straight500c_linelightvisibility.2ecec2b6370d05ce.tld,True
level.SCNE,arena_clutchtime_int_master@arena_clutchtime_int_shared_layout@GameObjects@balcony_chairs@chair_arenacrowd_seatbackcushion_72:chair_arenacrowd_seatbackcushion_low_linelightvisibility,88,88,2,1,BC4_UNORM,LINEAR,4840,chair_arenacrowd_seatbackcushion_low_linelightvisibility.cdcced57da6d1070.tld,True
level.SCNE,%databuild_art_root%/material_library/_generic_textures/colors/color_blue_00ffff.png,1,1,1,1,BC1_UNORM,,8,color_blue_00ffff.cd6178af06ebeee7.tld,True
level.SCNE,arena_clutchtime_int_master@arena_clutchtime_int_shared_layout@GameObjects@balcony@clutchtime_balcony_railing_10:clutchtime_balcony_railing_low,104,104,2,2,BC6H_UF16,LINEAR,27040,clutchtime_balcony_railing_low.63b5c2c4084f9966.tld,True
level.SCNE,arena_clutchtime_int_master@arena_clutchtime_int_shared_layout@GameObjects@doors@door_interiorwindowb_leftdbl_6:door_interiorwindowb_leftdbl_linelightvisibility,112,112,2,1,BC4_UNORM,LINEAR,7840,door_interiorwindowb_leftdbl_linelightvisibility.726f2c08afd99930.tld,True
level.SCNE,arena_clutchtime_int_master@arena_clutchtime_int_shared_layout@GameObjects@balcony@clutchtime_balcony_b_6:clutchtime_balcony_b_low_linelightvisibility,584,584,2,1,BC4_UNORM,LINEAR,213160,clutchtime_balcony_b_low_linelightvisibility.a9e3bd16c6faf7de.tld,False
level.SCNE,%databuild_art_root%/asset_library/lighting_suspendedtrack_metalb/texture/lighting_suspendedtrack_metalb_mat_ao.png,1024,1024,11,1,BC1_UNORM,LINEAR,699064,lighting_suspendedtrack_metalb_mat_ao.438c47690e4821d4.tld,False
level.SCNE,arena_clutchtime_int_master@arena_clutchtime_int_shared_layout@GameObjects@ceiling_panels@clutchtime_ceilingpanel_d_5:clutchtime_ceilingpanel_d_low_linelightvisibility,768,768,2,1,BC4_UNORM,LINEAR,368640,clutchtime_ceilingpanel_d_low_linelightvisibility.33ba47bcda8ec47f.tld,False
level.SCNE,arena_clutchtime_int_master@arena_clutchtime_int_shared_layout@GameObjects@ceiling_panels@clutchtime_ceilingpanel_a_5:clutchtime_ceilingpanel_a_low_linelightvisibility,776,776,2,1,BC4_UNORM,LINEAR,376360,clutchtime_ceilingpanel_a_low_linelightvisibility.986325f0b2280183.tld,False
level.SCNE,arena_clutchtime_int_master@arena_clutchtime_int_shared_layout@GameObjects@balcony_lights@light_ceilinga_round_41:light_ceilinga_round_low_linelightvisibility,16,16,2,1,BC4_UNORM,LINEAR,160,light_ceilinga_round_low_linelightvisibility.bbb5c16588a49e77.tld,True
level.SCNE,arena_clutchtime_int_master@arena_clutchtime_int_shared_layout@GameObjects@balcony_chairs@chair_arenacrowd_seatbackcushion_122:chair_arenacrowd_seatbackcushion_low,88,88,2,2,BC6H_UF16,LINEAR,19360,chair_arenacrowd_seatbackcushion_low.3370f8b0e01f7039.tld,True
level.SCNE,arena_clutchtime_int_master@arena_clutchtime_int_shared_layout@GameObjects@ceiling_panels@clutchtime_ceilingpanel_b_4:clutchtime_ceilingpanel_b_low,776,776,2,2,BC6H_UF16,LINEAR,1505440,clutchtime_ceilingpanel_b_low.9607fe952abf0718.tld,False
level.SCNE,arena_clutchtime_int_master@arena_clutchtime_int_shared_layout@GameObjects@Prototype_arena_curtains_prototype@Prototype_arena_curtains_prototype_0@curtain100x20_arena_straight500c_49:curtain100x20_arena_straight500c_linelightvisibility,72,72,2,1,BC4_UNORM,LINEAR,3240,curtain100x20_arena_straight500c_linelightvisibility.2ecec2b6370d05ce.tld,True
level.SCNE,arena_clutchtime_int_master@arena_clutchtime_int_shared_layout@GameObjects@balcony_lights@light_ceilinga_round_79:light_ceilinga_round_low,16,16,2,2,BC6H_UF16,LINEAR,640,light_ceilinga_round_low.656efb8fca3ebb79.tld,True
level.SCNE,%databuild_art_root%/substance_library/graphs/painted_metal_scratched/exports/painted_metal_scratched_metallic.png,1024,1024,11,1,BC1_UNORM,LINEAR,699064,painted_metal_scratched_metallic.0dd52201db51363b.tld,False
level.SCNE,%databuild_art_root%/asset_library/clutchtime_mural_wall/texture/clutchtime_mural_02.png,1024,1024,11,1,BC1_UNORM,,699064,clutchtime_mural_02.98d8f8c108947937.tld,False
level.SCNE,arena_clutchtime_int_master@arena_clutchtime_int_shared_layout@GameObjects@Prototype_arena_curtains_prototype@Prototype_arena@curtain100x20_arena_straight500c_70:curtain100x20_arena_straight500c,72,72,2,2,BC6H_UF16,LINEAR,12960,curtain100x20_arena_straight500c.b5158336a7c740c5.tld,True
level.SCNE,arena_clutchtime_int_master@arena_clutchtime_int_shared_layout@GameObjects@Prototype_arena_curtains_prototype@Prototype_arena_curtains_prototype_0@curtain100x20_arena_straight500c_130:curtain100x20_arena_straight500c,72,72,2,2,BC6H_UF16,LINEAR,12960,curtain100x20_arena_straight500c.4b735db358fa81b6.tld,True
level.SCNE,arena_clutchtime_int_master@arena_clutchtime_int_shared_layout@GameObjects@clutchtimecurtainstunnels1@Prototype_arena_curtains_prototype_2@curtain100x20_arena_straight400c_13:curtain100x20_arena_straight400c,88,88,2,2,BC6H_UF16,LINEAR,19360,curtain100x20_arena_straight400c.98d81c030ca4215e.tld,True
level.SCNE,arena_clutchtime_int_master@arena_clutchtime_int_shared_layout@GameObjects@Prototype_arena_curtains_prototype@Prototype_arena@curtain100x20_arena_straight500c_103:curtain100x20_arena_straight500c,72,72,2,2,BC6H_UF16,LINEAR,12960,curtain100x20_arena_straight500c.69a697af1e097cae.tld,True
level.SCNE,arena_clutchtime_int_master@arena_clutchtime_int_shared_layout@GameObjects@ceiling_panelslights@clutchtime_ceilingpanellight_f:clutchtime_ceilingpanellight_f_low_linelightvisibility,1440,1440,2,1,BC4_UNORM,LINEAR,1296000,clutchtime_ceilingpanellight_f_low_linelightvisibility.efc8714c08a1b121.tld,False
level.SCNE,arena_clutchtime_int_master@arena_clutchtime_int_shared_layout@GameObjects@Prototype_arena_curtains_prototype@Prototype_arena_curtains_prototype_0@curtain100x20_arena_straight500c_48:curtain100x20_arena_straight500c_linelightvisibility,72,72,2,1,BC4_UNORM,LINEAR,3240,curtain100x20_arena_straight500c_linelightvisibility.2ecec2b6370d05ce.tld,True
level.SCNE,arena_clutchtime_int_master@arena_clutchtime_int_shared_layout@GameObjects@balcony_lights@light_ceilinga_round_40:light_ceilinga_round_low,16,16,2,2,BC6H_UF16,LINEAR,640,light_ceilinga_round_low.ba7fb98f25edf40f.tld,True
level.SCNE,arena_clutchtime_int_master@arena_clutchtime_int_shared_layout@GameObjects@ceiling_panels@clutchtime_ceilingpanel_a_6:clutchtime_ceilingpanel_a_low,776,776,2,2,BC6H_UF16,LINEAR,1505440,clutchtime_ceilingpanel_a_low.8aa3767617cdcea2.tld,False
level.SCNE,arena_clutchtime_int_master@GameObjects@dorna@clutchtime_court_dornaend_2:clutchtime_court_dornaend_low_linelightvisibility,104,104,2,1,BC4_UNORM,LINEAR,6760,clutchtime_court_dornaend_low_linelightvisibility.87d37457e4ed53a7.tld,True
level.SCNE,%databuild_art_root%/asset_library/light_stage_spotlight/texture/spotlight_fresnel_r.png,512,512,10,1,BC1_UNORM,,174776,spotlight_fresnel_r.6bd9bc8ed0657e57.tld,False
level.SCNE,arena_clutchtime_int_master@arena_clutchtime_int_shared_layout@GameObjects@ceiling_panels@clutchtime_ceilingpanel_d_0:clutchtime_ceilingpanel_d_low,768,768,2,2,BC6H_UF16,LINEAR,1474560,clutchtime_ceilingpanel_d_low.e75579d079c28fd7.tld,False
level.SCNE,arena_clutchtime_int_master@arena_clutchtime_int_shared_layout@GameObjects@Prototype_arena_curtains_prototype@Prototype_arena_curtains_prototype_0@curtain100x20_arena_straight500c_140:curtain100x20_arena_straight500c,72,72,2,2,BC6H_UF16,LINEAR,12960,curtain100x20_arena_straight500c.9e40a114814119ed.tld,True
level.SCNE,arena_clutchtime_int_master@arena_clutchtime_int_shared_layout@GameObjects@Prototype_arena_curtains_prototype@Prototype_arena@curtain100x20_arena_straight500c_78:curtain100x20_arena_straight500c_linelightvisibility,72,72,2,1,BC4_UNORM,LINEAR,3240,curtain100x20_arena_straight500c_linelightvisibility.2ecec2b6370d05ce.tld,True
level.SCNE,arena_clutchtime_int_master@arena_clutchtime_int_shared_layout@GameObjects@Prototype_arena_curtains_prototype@Prototype_arena@curtain100x20_arena_straight500c_173:curtain100x20_arena_straight500c,72,72,2,2,BC6H_UF16,LINEAR,12960,curtain100x20_arena_straight500c.d3a76abaaeba9a46.tld,True
level.SCNE,arena_clutchtime_int_master@arena_clutchtime_int_shared_layout@GameObjects@balcony_chairs@chair_arenacrowd_seatbackcushion_28:chair_arenacrowd_seatbackcushion_low,88,88,2,2,BC6H_UF16,LINEAR,19360,chair_arenacrowd_seatbackcushion_low.931b7f0d1e9275a9.tld,True
level.SCNE,arena_clutchtime_int_master@arena_clutchtime_int_shared_layout@GameObjects@balcony_chairs@chair_arenacrowd_seatbackcushion_125:chair_arenacrowd_seatbackcushion_low_linelightvisibility,88,88,2,1,BC4_UNORM,LINEAR,4840,chair_arenacrowd_seatbackcushion_low_linelightvisibility.cdcced57da6d1070.tld,True
level.SCNE,arena_clutchtime_int_master@arena_clutchtime_int_shared_layout@GameObjects@Prototype_arena_curtains_prototype@Prototype_arena_curtains_prototype_0@curtain100x20_arena_straight500c_19:curtain100x20_arena_straight500c,72,72,2,2,BC6H_UF16,LINEAR,12960,curtain100x20_arena_straight500c.5f7cd1146f071fc9.tld,True
level.SCNE,arena_clutchtime_int_master@arena_clutchtime_int_shared_layout@GameObjects@balcony_chairs@chair_arenacrowd_seatbackcushion_6:chair_arenacrowd_seatbackcushion_low_linelightvisibility,88,88,2,1,BC4_UNORM,LINEAR,4840,chair_arenacrowd_seatbackcushion_low_linelightvisibility.1d16b04c46d5b577.tld,True
level.SCNE,%databuild_art_root%/substance_library/graphs/carpet_twisted_ridges/exports/carpet_twisted_ridges_violet_basecolor.png,1024,1024,11,1,BC1_UNORM,,699064,carpet_twisted_ridges_violet_basecolor.9259e677f978f855.tld,False
level.SCNE,arena_clutchtime_int_master@arena_clutchtime_int_shared_layout@GameObjects@balcony_lights@light_ceilinga_round_82:light_ceilinga_round_low_linelightvisibility,16,16,2,1,BC4_UNORM,LINEAR,160,light_ceilinga_round_low_linelightvisibility.bbb5c16588a49e77.tld,True
level.SCNE,arena_clutchtime_int_master@arena_clutchtime_int_shared_layout@GameObjects@ceiling_panelslights@clutchtime_ceilingpanellight_a_1:clutchtime_ceilingpanellight_a_low_linelightvisibility,1200,1200,2,1,BC4_UNORM,LINEAR,900000,clutchtime_ceilingpanellight_a_low_linelightvisibility.3a1373a98a6f9cf0.tld,False
level.SCNE,arena_clutchtime_int_master@arena_clutchtime_int_shared_layout@GameObjects@balcony@clutchtime_balcony_railing_1:clutchtime_balcony_railing_low_linelightvisibility,104,104,2,1,BC4_UNORM,LINEAR,6760,clutchtime_balcony_railing_low_linelightvisibility.415df97535cc75a1.tld,True
level.SCNE,arena_clutchtime_int_master@arena_clutchtime_int_shared_layout@GameObjects@Prototype_arena_curtains_prototype@Prototype_arena_curtains_prototype_0@curtain100x20_arena_straight500c_16:curtain100x20_arena_straight500c,72,72,2,2,BC6H_UF16,LINEAR,12960,curtain100x20_arena_straight500c.0381068ec2cbe019.tld,True
level.SCNE,arena_clutchtime_int_master@arena_clutchtime_int_shared_layout@GameObjects@balcony_chairs@chair_arenacrowd_seatbackcushion_131:chair_arenacrowd_seatbackcushion_low,88,88,2,2,BC6H_UF16,LINEAR,19360,chair_arenacrowd_seatbackcushion_low.f144e1d294f5fe4f.tld,True
level.SCNE,arena_clutchtime_int_master@arena_clutchtime_int_shared_layout@GameObjects@balcony@clutchtime_balcony_c_1:clutchtime_balcony_c_low_linelightvisibility,640,640,2,1,BC4_UNORM,LINEAR,256000,clutchtime_balcony_c_low_linelightvisibility.1ad7f85137e753b4.tld,False
level.SCNE,arena_clutchtime_int_master@arena_clutchtime_int_shared_layout@GameObjects@balcony@clutchtime_balcony_a_3:clutchtime_balcony_a_low,696,696,2,2,BC6H_UF16,LINEAR,1211040,clutchtime_balcony_a_low.70b1436754ece7df.tld,False
level.SCNE,arena_clutchtime_int_master@arena_clutchtime_int_shared_layout@GameObjects@balcony_chairs@chair_arenacrowd_seatbackcushion_110:chair_arenacrowd_seatbackcushion_low_linelightvisibility,88,88,2,1,BC4_UNORM,LINEAR,4840,chair_arenacrowd_seatbackcushion_low_linelightvisibility.cdcced57da6d1070.tld,True
level.SCNE,arena_clutchtime_int_master@arena_clutchtime_int_shared_layout@GameObjects@Prototype_arena_curtains_prototype@Prototype_arena@curtain100x20_arena_straight500c_79:curtain100x20_arena_straight500c_linelightvisibility,72,72,2,1,BC4_UNORM,LINEAR,3240,curtain100x20_arena_straight500c_linelightvisibility.2ecec2b6370d05ce.tld,True
level.SCNE,court_pillibl_3NormalRoughness.bbbad7c7,128,128,1,6,BC7_UNORM,LINEAR,98304,court_pillibl_3normalroughness.723890bea6182da7.tld,False
level.SCNE,arena_clutchtime_int_master@arena_clutchtime_int_shared_layout@GameObjects@mural_lights@lighting_suspendedtrack_metalb_2:lighting_suspendedtrack_metalb_low_linelightvisibility,120,120,2,1,BC4_UNORM,LINEAR,9000,lighting_suspendedtrack_metalb_low_linelightvisibility.4294ff82d381bc41.tld,True
level.SCNE,%databuild_art_root%/substance_library/graphs/cast_concrete_blocks_wood/exports/concrete_tiles_wood002_basecolor.png,1024,1024,11,1,BC1_UNORM,,699064,concrete_tiles_wood002_basecolor.f544592b09b3f8ea.tld,False
level.SCNE,arena_clutchtime_int_master@arena_clutchtime_int_shared_layout@GameObjects@Prototype_arena_curtains_prototype@Prototype_arena@curtain100x20_arena_straight500c_99:curtain100x20_arena_straight500c_linelightvisibility,72,72,2,1,BC4_UNORM,LINEAR,3240,curtain100x20_arena_straight500c_linelightvisibility.2ecec2b6370d05ce.tld,True
level.SCNE,arena_clutchtime_int_master@arena_clutchtime_int_shared_layout@GameObjects@balcony_lights@light_ceilinga_round_67:light_ceilinga_round_low,16,16,2,2,BC6H_UF16,LINEAR,640,light_ceilinga_round_low.df0fa54f54a74860.tld,True
level.SCNE,arena_clutchtime_int_master@arena_clutchtime_int_shared_layout@GameObjects@Prototype_arena_curtains_prototype@Prototype_arena@curtain100x20_arena_straight500c_193:curtain100x20_arena_straight500c,72,72,2,2,BC6H_UF16,LINEAR,12960,curtain100x20_arena_straight500c.81634afc2d2b4c59.tld,True
level.SCNE,arena_clutchtime_int_master@arena_clutchtime_int_shared_layout@GameObjects@balcony_chairs@chair_arenacrowd_seatbackcushion_117:chair_arenacrowd_seatbackcushion_low,88,88,2,2,BC6H_UF16,LINEAR,19360,chair_arenacrowd_seatbackcushion_low.51fb42f03180ecba.tld,True
level.SCNE,arena_clutchtime_int_master@arena_clutchtime_int_shared_layout@GameObjects@Prototype_arena_curtains_prototype@Prototype_arena@curtain100x20_arena_straight500c_98:curtain100x20_arena_straight500c_linelightvisibility,72,72,2,1,BC4_UNORM,LINEAR,3240,curtain100x20_arena_straight500c_linelightvisibility.2ecec2b6370d05ce.tld,True
level.SCNE,NormalAndRoughMap#c96ee863_1538,1024,1024,11,1,BC7_UNORM,LINEAR,1398128,normalandroughmap.e9c3bc64976294e3.tld,False
level.SCNE,arena_clutchtime_int_master@arena_clutchtime_int_shared_layout@GameObjects@mural_lights@lighting_suspendedtrack_metalb_15:lighting_suspendedtrack_metalb_low_linelightvisibility,120,120,2,1,BC4_UNORM,LINEAR,9000,lighting_suspendedtrack_metalb_low_linelightvisibility.4294ff82d381bc41.tld,True
level.SCNE,arena_clutchtime_int_master@arena_clutchtime_int_shared_layout@GameObjects@ceiling_panels@clutchtime_ceilingpanel_c_5:clutchtime_ceilingpanel_c_low,776,776,2,2,BC6H_UF16,LINEAR,1505440,clutchtime_ceilingpanel_c_low.9c861e33ca5ba177.tld,False
level.SCNE,arena_clutchtime_int_master@arena_clutchtime_int_shared_layout@GameObjects@balcony@clutchtime_balcony_column_3:clutchtime_balcony_column_low,496,496,2,2,BC6H_UF16,LINEAR,615040,clutchtime_balcony_column_low.e56d214710a809d6.tld,False
level.SCNE,arena_clutchtime_int_master@arena_clutchtime_int_shared_layout@GameObjects@ceiling_panels@clutchtime_ceilingpanel_f_3:clutchtime_ceilingpanel_f_low,864,864,2,2,BC6H_UF16,LINEAR,1866240,clutchtime_ceilingpanel_f_low.fb6730bde9b59933.tld,False
level.SCNE,arena_clutchtime_int_master@arena_clutchtime_int_shared_layout@GameObjects@balcony_chairs@chair_arenacrowd_seatbackcushion_104:chair_arenacrowd_seatbackcushion_low,88,88,2,2,BC6H_UF16,LINEAR,19360,chair_arenacrowd_seatbackcushion_low.6ecb5e9e2e8db76a.tld,True
level.SCNE,arena_clutchtime_int_master@arena_clutchtime_int_shared_layout@GameObjects@ceiling_panelslights@clutchtime_ceilingpanellight_c_1:clutchtime_ceilingpanellight_c_low_linelightvisibility,1168,1168,2,1,BC4_UNORM,LINEAR,852640,clutchtime_ceilingpanellight_c_low_linelightvisibility.505e2605f407e5fa.tld,False
level.SCNE,arena_clutchtime_int_master@arena_clutchtime_int_shared_layout@GameObjects@balcony_chairs@chair_arenacrowd_seatbackcushion_10:chair_arenacrowd_seatbackcushion_low_linelightvisibility,88,88,2,1,BC4_UNORM,LINEAR,4840,chair_arenacrowd_seatbackcushion_low_linelightvisibility.40178dd741d2c27e.tld,True
level.SCNE,arena_clutchtime_int_master@arena_clutchtime_int_shared_layout@GameObjects@mural_lights@lighting_suspendedtrack_metalb_30:lighting_suspendedtrack_metalb_low,120,120,2,2,BC6H_UF16,LINEAR,36000,lighting_suspendedtrack_metalb_low.ba160ec781d1117b.tld,True
level.SCNE,arena_clutchtime_int_master@arena_clutchtime_int_shared_layout@GameObjects@balcony@clutchtime_balcony_b_9:clutchtime_balcony_b_low,584,584,2,2,BC6H_UF16,LINEAR,852640,clutchtime_balcony_b_low.b4b58373cbe3700b.tld,False
level.SCNE,arena_clutchtime_int_master@arena_clutchtime_int_shared_layout@GameObjects@balcony_chairs@chair_arenacrowd_seatbackcushion_82:chair_arenacrowd_seatbackcushion_low_linelightvisibility,88,88,2,1,BC4_UNORM,LINEAR,4840,chair_arenacrowd_seatbackcushion_low_linelightvisibility.cdcced57da6d1070.tld,True
level.SCNE,arena_clutchtime_int_master@arena_clutchtime_int_shared_layout@GameObjects@ceiling_panelslights@clutchtime_ceilingpanellight_c_3:clutchtime_ceilingpanellight_c_low,1168,1168,2,2,BC6H_UF16,LINEAR,3410560,clutchtime_ceilingpanellight_c_low.df285b59d21f299a.tld,False
level.SCNE,arena_clutchtime_int_master@arena_clutchtime_int_shared_layout@GameObjects@stands@clutchtime_stair_3step_8:clutchtime_stair_3step_low_linelightvisibility,80,80,2,1,BC4_UNORM,LINEAR,4000,clutchtime_stair_3step_low_linelightvisibility.e459a7044e5be3c6.tld,True
level.SCNE,arena_clutchtime_int_master@arena_clutchtime_int_shared_layout@GameObjects@balcony@clutchtime_balcony_railing_12:clutchtime_balcony_railing_low,104,104,2,2,BC6H_UF16,LINEAR,27040,clutchtime_balcony_railing_low.d335c3b49cc777e1.tld,True
level.SCNE,arena_clutchtime_int_master@arena_clutchtime_int_shared_layout@GameObjects@walls@clutchtime_wall_f:clutchtime_wall_f_low,1760,1760,2,2,BC6H_UF16,LINEAR,7744000,clutchtime_wall_f_low.4803d3b1ce3322af.tld,False
level.SCNE,arena_clutchtime_int_master@arena_clutchtime_int_shared_layout@GameObjects@ceiling_panels@clutchtime_ceilingpanel_e_1:clutchtime_ceilingpanel_e_low,768,768,2,2,BC6H_UF16,LINEAR,1474560,clutchtime_ceilingpanel_e_low.357b1f8efd2e204b.tld,False
level.SCNE,arena_clutchtime_int_master@arena_clutchtime_int_shared_layout@GameObjects@Prototype_arena_curtains_prototype@Prototype_arena@curtain100x20_arena_straight500c_90:curtain100x20_arena_straight500c,72,72,2,2,BC6H_UF16,LINEAR,12960,curtain100x20_arena_straight500c.788fc301c42a070a.tld,True
level.SCNE,arena_clutchtime_int_master@arena_clutchtime_int_shared_layout@GameObjects@balcony_chairs@chair_arenacrowd_seatbackcushion_5:chair_arenacrowd_seatbackcushion_low,88,88,2,2,BC6H_UF16,LINEAR,19360,chair_arenacrowd_seatbackcushion_low.8956e3d353f96d0c.tld,True
level.SCNE,arena_clutchtime_int_master@arena_clutchtime_int_shared_layout@GameObjects@balcony@clutchtime_balcony_b_14:clutchtime_balcony_b_low_linelightvisibility,584,584,2,1,BC4_UNORM,LINEAR,213160,clutchtime_balcony_b_low_linelightvisibility.a9e3bd16c6faf7de.tld,False
level.SCNE,arena_clutchtime_int_master@arena_clutchtime_int_shared_layout@GameObjects@balcony_chairs@chair_arenacrowd_seatbackcushion_25:chair_arenacrowd_seatbackcushion_low_linelightvisibility,88,88,2,1,BC4_UNORM,LINEAR,4840,chair_arenacrowd_seatbackcushion_low_linelightvisibility.e761b5eff5a82710.tld,True
level.SCNE,arena_clutchtime_int_master@arena_clutchtime_int_shared_layout@GameObjects@Prototype_arena_curtains_prototype@Prototype_arena@curtain100x20_arena_straight500c_90:curtain100x20_arena_straight500c_linelightvisibility,72,72,2,1,BC4_UNORM,LINEAR,3240,curtain100x20_arena_straight500c_linelightvisibility.2ecec2b6370d05ce.tld,True
level.SCNE,arena_clutchtime_int_master@arena_clutchtime_int_shared_layout@GameObjects@Prototype_arena_curtains_prototype@Prototype_arena_curtains_prototype_0@curtain100x20_arena_straight500c_47:curtain100x20_arena_straight500c_linelightvisibility,72,72,2,1,BC4_UNORM,LINEAR,3240,curtain100x20_arena_straight500c_linelightvisibility.2ecec2b6370d05ce.tld,True
level.SCNE,arena_clutchtime_int_master@arena_clutchtime_int_shared_layout@GameObjects@Prototype_arena_curtains_prototype@Prototype_arena@curtain100x20_arena_straight500c_75:curtain100x20_arena_straight500c_linelightvisibility,72,72,2,1,BC4_UNORM,LINEAR,3240,curtain100x20_arena_straight500c_linelightvisibility.2ecec2b6370d05ce.tld,True
level.SCNE,arena_clutchtime_int_master@arena_clutchtime_int_shared_layout@GameObjects@ceiling_panelslights@clutchtime_ceilingpanellight_e_1:clutchtime_ceilingpanellight_e_low_linelightvisibility,1168,1168,2,1,BC4_UNORM,LINEAR,852640,clutchtime_ceilingpanellight_e_low_linelightvisibility.505e2605f407e5fa.tld,False
level.SCNE,arena_clutchtime_int_master@arena_clutchtime_int_shared_layout@GameObjects@doors@box_electrical_commerciala:box_electrical_commerciala_low_linelightvisibility,40,40,2,1,BC4_UNORM,LINEAR,1000,box_electrical_commerciala_low_linelightvisibility.0c9094f3f155a0ff.tld,True
level.SCNE,arena_clutchtime_int_master@arena_clutchtime_int_shared_layout@GameObjects@ceiling_panels@clutchtime_ceilingpanel_f_2:clutchtime_ceilingpanel_f_low,864,864,2,2,BC6H_UF16,LINEAR,1866240,clutchtime_ceilingpanel_f_low.dd4eb52de04a36ba.tld,False
level.SCNE,arena_clutchtime_int_master@arena_clutchtime_int_shared_layout@GameObjects@balcony_lights@light_ceilinga_round_26:light_ceilinga_round_low_linelightvisibility,16,16,2,1,BC4_UNORM,LINEAR,160,light_ceilinga_round_low_linelightvisibility.bbb5c16588a49e77.tld,True
level.SCNE,arena_clutchtime_int_master@arena_clutchtime_int_shared_layout@GameObjects@doors@sign_exit_generic_3:sign_exit_generic,24,24,2,2,BC6H_UF16,LINEAR,1440,sign_exit_generic.651a6195a5f89545.tld,True
level.SCNE,court_pillibl_7NormalRoughness.bcd713de,128,128,1,6,BC7_UNORM,LINEAR,98304,court_pillibl_7normalroughness.6616ceaaa99846b5.tld,False
level.SCNE,arena_clutchtime_int_master@arena_clutchtime_int_shared_layout@GameObjects@balcony_chairs@chair_arenacrowd_seatbackcushion_42:chair_arenacrowd_seatbackcushion_low,88,88,2,2,BC6H_UF16,LINEAR,19360,chair_arenacrowd_seatbackcushion_low.1d18238f89c89294.tld,True
level.SCNE,%databuild_art_root%/asset_library/box_electrical_commerciala/texture/box_electrical_commerciala_mat_ao.png,1024,1024,11,1,BC1_UNORM,LINEAR,699064,box_electrical_commerciala_mat_ao.a072f2812803d757.tld,False
level.SCNE,arena_clutchtime_int_master@arena_clutchtime_int_shared_layout@GameObjects@Prototype_arena_curtains_prototype@Prototype_arena_curtains_prototype_0@curtain100x20_arena_straight500c_46:curtain100x20_arena_straight500c_linelightvisibility,72,72,2,1,BC4_UNORM,LINEAR,3240,curtain100x20_arena_straight500c_linelightvisibility.2ecec2b6370d05ce.tld,True
level.SCNE,arena_clutchtime_int_master@arena_clutchtime_int_shared_layout@GameObjects@balcony_lights@light_ceilinga_round_67:light_ceilinga_round_low_linelightvisibility,16,16,2,1,BC4_UNORM,LINEAR,160,light_ceilinga_round_low_linelightvisibility.bbb5c16588a49e77.tld,True
level.SCNE,arena_clutchtime_int_master@arena_clutchtime_int_shared_layout@GameObjects@balcony_chairs@chair_arenacrowd_seatbackcushion_59:chair_arenacrowd_seatbackcushion_low_linelightvisibility,88,88,2,1,BC4_UNORM,LINEAR,4840,chair_arenacrowd_seatbackcushion_low_linelightvisibility.cdcced57da6d1070.tld,True
level.SCNE,arena_clutchtime_int_master@arena_clutchtime_int_shared_layout@GameObjects@ceiling_panels@clutchtime_ceilingpanel_e_0:clutchtime_ceilingpanel_e_low,768,768,2,2,BC6H_UF16,LINEAR,1474560,clutchtime_ceilingpanel_e_low.b257c5c614c3203e.tld,False
level.SCNE,arena_clutchtime_int_master@arena_clutchtime_int_shared_layout@GameObjects@Prototype_arena_curtains_prototype@Prototype_arena@curtain100x20_arena_straight500c_91:curtain100x20_arena_straight500c_linelightvisibility,72,72,2,1,BC4_UNORM,LINEAR,3240,curtain100x20_arena_straight500c_linelightvisibility.2ecec2b6370d05ce.tld,True
level.SCNE,arena_clutchtime_int_master@arena_clutchtime_int_shared_layout@GameObjects@Prototype_arena_curtains_prototype@Prototype_arena@curtain100x20_arena_straight500c_74:curtain100x20_arena_straight500c_linelightvisibility,72,72,2,1,BC4_UNORM,LINEAR,3240,curtain100x20_arena_straight500c_linelightvisibility.2ecec2b6370d05ce.tld,True
level.SCNE,arena_clutchtime_int_master@arena_clutchtime_int_shared_layout@GameObjects@mural_lights@lighting_suspendedtrack_metalb_26:lighting_suspendedtrack_metalb_low_linelightvisibility,120,120,2,1,BC4_UNORM,LINEAR,9000,lighting_suspendedtrack_metalb_low_linelightvisibility.4294ff82d381bc41.tld,True
level.SCNE,arena_clutchtime_int_master@arena_clutchtime_int_shared_layout@GameObjects@ceiling_panels@clutchtime_ceilingpanel_e_3:clutchtime_ceilingpanel_e_low_linelightvisibility,768,768,2,1,BC4_UNORM,LINEAR,368640,clutchtime_ceilingpanel_e_low_linelightvisibility.33ba47bcda8ec47f.tld,False
level.SCNE,arena_clutchtime_int_master@arena_clutchtime_int_shared_layout@GameObjects@balcony_chairs@chair_arenacrowd_seatbackcushion_51:chair_arenacrowd_seatbackcushion_low,88,88,2,2,BC6H_UF16,LINEAR,19360,chair_arenacrowd_seatbackcushion_low.842c20359a5c0f19.tld,True
level.SCNE,arena_clutchtime_int_master@arena_clutchtime_int_shared_layout@GameObjects@balcony_chairs@chair_arenacrowd_seatbackcushion_94:chair_arenacrowd_seatbackcushion_low_linelightvisibility,88,88,2,1,BC4_UNORM,LINEAR,4840,chair_arenacrowd_seatbackcushion_low_linelightvisibility.cdcced57da6d1070.tld,True
level.SCNE,%databuild_art_root%/asset_library/electrical_switch_double/texture/eletrical_switch_double_emissive.png,1,1,1,1,BC1_UNORM,,8,eletrical_switch_double_emissive.eae93d8a48caf113.tld,True
level.SCNE,arena_clutchtime_int_master@arena_clutchtime_int_shared_layout@GameObjects@Prototype_arena_curtains_prototype@Prototype_arena@curtain100x20_arena_straight500c_76:curtain100x20_arena_straight500c_linelightvisibility,72,72,2,1,BC4_UNORM,LINEAR,3240,curtain100x20_arena_straight500c_linelightvisibility.2ecec2b6370d05ce.tld,True
level.SCNE,arena_clutchtime_int_master@arena_clutchtime_int_shared_layout@GameObjects@scorecube@clutchtime_scorecube_supportpipes:clutchtime_scorecube_supportpipes_low,328,328,2,2,BC6H_UF16,LINEAR,268960,clutchtime_scorecube_supportpipes_low.2fef3429a8ad218d.tld,False
level.SCNE,arena_clutchtime_int_master@arena_clutchtime_int_shared_layout@GameObjects@Prototype_arena_curtains_prototype@Prototype_arena_curtains_prototype_0@curtain100x20_arena_straight500c_44:curtain100x20_arena_straight500c_linelightvisibility,72,72,2,1,BC4_UNORM,LINEAR,3240,curtain100x20_arena_straight500c_linelightvisibility.2ecec2b6370d05ce.tld,True
level.SCNE,arena_clutchtime_int_master@arena_clutchtime_int_shared_layout@GameObjects@Prototype_arena_curtains_prototype@Prototype_arena@curtain100x20_arena_straight500c_93:curtain100x20_arena_straight500c_linelightvisibility,72,72,2,1,BC4_UNORM,LINEAR,3240,curtain100x20_arena_straight500c_linelightvisibility.2ecec2b6370d05ce.tld,True
level.SCNE,arena_clutchtime_int_master@arena_clutchtime_int_shared_layout@GameObjects@Prototype_arena_curtains_prototype@Prototype_arena@curtain100x20_arena_straight500c_77:curtain100x20_arena_straight500c_linelightvisibility,72,72,2,1,BC4_UNORM,LINEAR,3240,curtain100x20_arena_straight500c_linelightvisibility.2ecec2b6370d05ce.tld,True
level.SCNE,arena_clutchtime_int_master@arena_clutchtime_int_shared_layout@GameObjects@balcony@clutchtime_balcony_column_2:clutchtime_balcony_column_low,496,496,2,2,BC6H_UF16,LINEAR,615040,clutchtime_balcony_column_low.16dcf8443a0564f3.tld,False
level.SCNE,arena_clutchtime_int_master@arena_clutchtime_int_shared_layout@GameObjects@balcony_chairs@chair_arenacrowd_seatbackcushion_89:chair_arenacrowd_seatbackcushion_low,88,88,2,2,BC6H_UF16,LINEAR,19360,chair_arenacrowd_seatbackcushion_low.9f587e60bce2c3df.tld,True
level.SCNE,arena_clutchtime_int_master@arena_clutchtime_int_shared_layout@GameObjects@balcony_chairs@chair_arenacrowd_seatbackcushion_33:chair_arenacrowd_seatbackcushion_low_linelightvisibility,88,88,2,1,BC4_UNORM,LINEAR,4840,chair_arenacrowd_seatbackcushion_low_linelightvisibility.cdcced57da6d1070.tld,True
level.SCNE,arena_clutchtime_int_master@arena_clutchtime_int_shared_layout@GameObjects@ceiling_panels@clutchtime_ceilingpanel_c_4:clutchtime_ceilingpanel_c_low,776,776,2,2,BC6H_UF16,LINEAR,1505440,clutchtime_ceilingpanel_c_low.0c36618f56dc8beb.tld,False
level.SCNE,arena_clutchtime_int_master@arena_clutchtime_int_shared_layout@GameObjects@Prototype_arena_curtains_prototype@Prototype_arena@curtain100x20_arena_straight500c_92:curtain100x20_arena_straight500c_linelightvisibility,72,72,2,1,BC4_UNORM,LINEAR,3240,curtain100x20_arena_straight500c_linelightvisibility.2ecec2b6370d05ce.tld,True
level.SCNE,arena_clutchtime_int_master@arena_clutchtime_int_shared_layout@GameObjects@balcony_lights@light_ceilinga_round_37:light_ceilinga_round_low,16,16,2,2,BC6H_UF16,LINEAR,640,light_ceilinga_round_low.0909b961030a02cb.tld,True
level.SCNE,arena_clutchtime_int_master@arena_clutchtime_int_shared_layout@GameObjects@Prototype_arena_curtains_prototype@Prototype_arena_curtains_prototype_0@curtain100x20_arena_straight500c_45:curtain100x20_arena_straight500c_linelightvisibility,72,72,2,1,BC4_UNORM,LINEAR,3240,curtain100x20_arena_straight500c_linelightvisibility.2ecec2b6370d05ce.tld,True
level.SCNE,arena_clutchtime_int_master@GameObjects@clutchtime_mural_wall:clutchtime_mural_wall_low_linelightvisibility,576,576,2,1,BC4_UNORM,LINEAR,207360,clutchtime_mural_wall_low_linelightvisibility.dd562fd63e332f9f.tld,False
level.SCNE,arena_clutchtime_int_master@arena_clutchtime_int_shared_layout@GameObjects@mural_lights@lighting_suspendedtrack_metalb:lighting_suspendedtrack_metalb_low,120,120,2,2,BC6H_UF16,LINEAR,36000,lighting_suspendedtrack_metalb_low.111aa4449dc7a774.tld,True
level.SCNE,arena_clutchtime_int_master@arena_clutchtime_int_shared_layout@GameObjects@balcony_chairs@chair_arenacrowd_seatbackcushion_148:chair_arenacrowd_seatbackcushion_low,88,88,2,2,BC6H_UF16,LINEAR,19360,chair_arenacrowd_seatbackcushion_low.6519819cf90a2655.tld,True
level.SCNE,arena_clutchtime_int_master@arena_clutchtime_int_shared_layout@GameObjects@mural@clutchtime_mural_floor:clutchtime_mural_floor_low_linelightvisibility,1040,1040,2,1,BC4_UNORM,LINEAR,676000,clutchtime_mural_floor_low_linelightvisibility.ee6e4f2d2e195f2f.tld,False
level.SCNE,arena_clutchtime_int_master@arena_clutchtime_int_shared_layout@GameObjects@ceiling@clutchtime_ceiling_a:clutchtime_ceiling_a_low_linelightvisibility,1272,1272,2,1,BC4_UNORM,LINEAR,1011240,clutchtime_ceiling_a_low_linelightvisibility.670587e2458e6b68.tld,False
level.SCNE,arena_clutchtime_int_master@arena_clutchtime_int_shared_layout@GameObjects@balcony@clutchtime_balcony_column_0:clutchtime_balcony_column_low_linelightvisibility,496,496,2,1,BC4_UNORM,LINEAR,153760,clutchtime_balcony_column_low_linelightvisibility.9dedc012dfcf8d49.tld,False
level.SCNE,arena_clutchtime_int_master@arena_clutchtime_int_shared_layout@GameObjects@Prototype_arena_curtains_prototype@Prototype_arena@curtain100x20_arena_straight500c_72:curtain100x20_arena_straight500c_linelightvisibility,72,72,2,1,BC4_UNORM,LINEAR,3240,curtain100x20_arena_straight500c_linelightvisibility.2ecec2b6370d05ce.tld,True
level.SCNE,arena_clutchtime_int_master@arena_clutchtime_int_shared_layout@GameObjects@Prototype_arena_curtains_prototype@Prototype_arena_curtains_prototype_0@curtain100x20_arena_straight500c_40:curtain100x20_arena_straight500c_linelightvisibility,72,72,2,1,BC4_UNORM,LINEAR,3240,curtain100x20_arena_straight500c_linelightvisibility.2ecec2b6370d05ce.tld,True
level.SCNE,arena_clutchtime_int_master@arena_clutchtime_int_shared_layout@GameObjects@mural@clutchtime_mural_balcony:clutchtime_mural_balcony_low,1216,1216,2,2,BC6H_UF16,LINEAR,3696640,clutchtime_mural_balcony_low.2a0213bd3211338b.tld,False
level.SCNE,arena_clutchtime_int_master@arena_clutchtime_int_shared_layout@GameObjects@Prototype_arena_curtains_prototype@Prototype_arena@curtain100x20_arena_straight500c_121:curtain100x20_arena_straight500c,72,72,2,2,BC6H_UF16,LINEAR,12960,curtain100x20_arena_straight500c.ca1c106efdcc7de8.tld,True
level.SCNE,arena_clutchtime_int_master@arena_clutchtime_int_shared_layout@GameObjects@Prototype_arena_curtains_prototype@Prototype_arena@curtain100x20_arena_straight500c_97:curtain100x20_arena_straight500c_linelightvisibility,72,72,2,1,BC4_UNORM,LINEAR,3240,curtain100x20_arena_straight500c_linelightvisibility.2ecec2b6370d05ce.tld,True
level.SCNE,arena_clutchtime_int_master@arena_clutchtime_int_shared_layout@GameObjects@balcony_chairs@chair_arenacrowd_seatbackcushion_77:chair_arenacrowd_seatbackcushion_low,88,88,2,2,BC6H_UF16,LINEAR,19360,chair_arenacrowd_seatbackcushion_low.c36c9bc8abe4ae06.tld,True
level.SCNE,arena_clutchtime_int_master@arena_clutchtime_int_shared_layout@GameObjects@balcony_chairs@chair_arenacrowd_seatbackcushion_159:chair_arenacrowd_seatbackcushion_low_linelightvisibility,88,88,2,1,BC4_UNORM,LINEAR,4840,chair_arenacrowd_seatbackcushion_low_linelightvisibility.5a02b6fd65fedd28.tld,True
level.SCNE,arena_clutchtime_int_master@arena_clutchtime_int_shared_layout@GameObjects@ceiling_panels@clutchtime_ceilingpanel_d_1:clutchtime_ceilingpanel_d_low,768,768,2,2,BC6H_UF16,LINEAR,1474560,clutchtime_ceilingpanel_d_low.b839a77c11aabc85.tld,False
level.SCNE,arena_clutchtime_int_master@arena_clutchtime_int_shared_layout@GameObjects@balcony@clutchtime_balcony_railing_12:clutchtime_balcony_railing_low_linelightvisibility,104,104,2,1,BC4_UNORM,LINEAR,6760,clutchtime_balcony_railing_low_linelightvisibility.415df97535cc75a1.tld,True
level.SCNE,arena_clutchtime_int_master@arena_clutchtime_int_shared_layout@GameObjects@Prototype_arena_curtains_prototype@Prototype_arena@curtain100x20_arena_straight500c_73:curtain100x20_arena_straight500c_linelightvisibility,72,72,2,1,BC4_UNORM,LINEAR,3240,curtain100x20_arena_straight500c_linelightvisibility.2ecec2b6370d05ce.tld,True
level.SCNE,arena_clutchtime_int_master@arena_clutchtime_int_shared_layout@GameObjects@stands@clutchtime_stair_3step_1:clutchtime_stair_3step_low_linelightvisibility,80,80,2,1,BC4_UNORM,LINEAR,4000,clutchtime_stair_3step_low_linelightvisibility.e459a7044e5be3c6.tld,True
level.SCNE,arena_clutchtime_int_master@arena_clutchtime_int_shared_layout@GameObjects@Prototype_arena_curtains_prototype@Prototype_arena_curtains_prototype_0@curtain100x20_arena_straight500c_44:curtain100x20_arena_straight500c,72,72,2,2,BC6H_UF16,LINEAR,12960,curtain100x20_arena_straight500c.b5cc026c382cb932.tld,True
level.SCNE,arena_clutchtime_int_master@arena_clutchtime_int_shared_layout@GameObjects@Prototype_arena_curtains_prototype@Prototype_arena@curtain100x20_arena_straight500c_96:curtain100x20_arena_straight500c_linelightvisibility,72,72,2,1,BC4_UNORM,LINEAR,3240,curtain100x20_arena_straight500c_linelightvisibility.2ecec2b6370d05ce.tld,True
level.SCNE,arena_clutchtime_int_master@arena_clutchtime_int_shared_layout@GameObjects@Prototype_arena_curtains_prototype@Prototype_arena_curtains_prototype_0@curtain100x20_arena_straight500c_41:curtain100x20_arena_straight500c_linelightvisibility,72,72,2,1,BC4_UNORM,LINEAR,3240,curtain100x20_arena_straight500c_linelightvisibility.2ecec2b6370d05ce.tld,True
level.SCNE,%databuild_art_root%/substance_library/graphs/painted_metal_scratched/exports/painted_metal_scratched_roughness.png,1024,1024,11,1,BC1_UNORM,LINEAR,699064,painted_metal_scratched_roughness.fbed137f5d44b5ef.tld,False
level.SCNE,arena_clutchtime_int_master@arena_clutchtime_int_shared_layout@GameObjects@ceiling_panels@clutchtime_ceilingpanel_b_5:clutchtime_ceilingpanel_b_low,776,776,2,2,BC6H_UF16,LINEAR,1505440,clutchtime_ceilingpanel_b_low.884cad419dadd542.tld,False
level.SCNE,arena_clutchtime_int_master@arena_clutchtime_int_shared_layout@GameObjects@balcony_chairs@chair_arenacrowd_seatbackcushion_133:chair_arenacrowd_seatbackcushion_low_linelightvisibility,88,88,2,1,BC4_UNORM,LINEAR,4840,chair_arenacrowd_seatbackcushion_low_linelightvisibility.cdcced57da6d1070.tld,True
level.SCNE,arena_clutchtime_int_master@arena_clutchtime_int_shared_layout@GameObjects@Prototype_arena_curtains_prototype@Prototype_arena@curtain100x20_arena_straight500c_94:curtain100x20_arena_straight500c_linelightvisibility,72,72,2,1,BC4_UNORM,LINEAR,3240,curtain100x20_arena_straight500c_linelightvisibility.2ecec2b6370d05ce.tld,True
level.SCNE,arena_clutchtime_int_master@arena_clutchtime_int_shared_layout@GameObjects@Prototype_arena_curtains_prototype@Prototype_arena_curtains_prototype_0@curtain100x20_arena_straight500c_34:curtain100x20_arena_straight500c,72,72,2,2,BC6H_UF16,LINEAR,12960,curtain100x20_arena_straight500c.fc0e81f3240266c3.tld,True
level.SCNE,arena_clutchtime_int_master@arena_clutchtime_int_shared_layout@GameObjects@doors@door_interiorwindowb_rightdbl_1:door_interiorwindowb_rightdbl_linelightvisibility,112,112,2,1,BC4_UNORM,LINEAR,7840,door_interiorwindowb_rightdbl_linelightvisibility.726f2c08afd99930.tld,True
level.SCNE,arena_clutchtime_int_master@arena_clutchtime_int_shared_layout@GameObjects@balcony_lights@light_ceilinga_round_10:light_ceilinga_round_low,16,16,2,2,BC6H_UF16,LINEAR,640,light_ceilinga_round_low.5da29aa7e75f9e43.tld,True
level.SCNE,arena_clutchtime_int_master@arena_clutchtime_int_shared_layout@GameObjects@Prototype_arena_curtains_prototype@Prototype_arena_curtains_prototype_0@curtain100x20_arena_straight500c_43:curtain100x20_arena_straight500c_linelightvisibility,72,72,2,1,BC4_UNORM,LINEAR,3240,curtain100x20_arena_straight500c_linelightvisibility.2ecec2b6370d05ce.tld,True
level.SCNE,arena_clutchtime_int_master@arena_clutchtime_int_shared_layout@GameObjects@Prototype_arena_curtains_prototype@Prototype_arena@curtain100x20_arena_straight500c_71:curtain100x20_arena_straight500c_linelightvisibility,72,72,2,1,BC4_UNORM,LINEAR,3240,curtain100x20_arena_straight500c_linelightvisibility.2ecec2b6370d05ce.tld,True
level.SCNE,arena_clutchtime_int_master@arena_clutchtime_int_shared_layout@GameObjects@balcony_lights@light_ceilinga_round_29:light_ceilinga_round_low,16,16,2,2,BC6H_UF16,LINEAR,640,light_ceilinga_round_low.b8c950ba0b16901f.tld,True
level.SCNE,arena_clutchtime_int_master@arena_clutchtime_int_shared_layout@GameObjects@Prototype_arena_curtains_prototype@Prototype_arena_curtains_prototype_0@curtain100x20_arena_straight500c_42:curtain100x20_arena_straight500c_linelightvisibility,72,72,2,1,BC4_UNORM,LINEAR,3240,curtain100x20_arena_straight500c_linelightvisibility.2ecec2b6370d05ce.tld,True
level.SCNE,arena_clutchtime_int_master@arena_clutchtime_int_shared_layout@GameObjects@mural_lights@lighting_suspendedtrack_metalb_37:lighting_suspendedtrack_metalb_low_linelightvisibility,120,120,2,1,BC4_UNORM,LINEAR,9000,lighting_suspendedtrack_metalb_low_linelightvisibility.4294ff82d381bc41.tld,True
level.SCNE,arena_clutchtime_int_master@arena_clutchtime_int_shared_layout@GameObjects@Prototype_arena_curtains_prototype@Prototype_arena@curtain100x20_arena_straight500c_95:curtain100x20_arena_straight500c_linelightvisibility,72,72,2,1,BC4_UNORM,LINEAR,3240,curtain100x20_arena_straight500c_linelightvisibility.2ecec2b6370d05ce.tld,True
level.SCNE,arena_clutchtime_int_master@arena_clutchtime_int_shared_layout@GameObjects@balcony_chairs@chair_arenacrowd_seatbackcushion_106:chair_arenacrowd_seatbackcushion_low_linelightvisibility,88,88,2,1,BC4_UNORM,LINEAR,4840,chair_arenacrowd_seatbackcushion_low_linelightvisibility.cdcced57da6d1070.tld,True
level.SCNE,arena_clutchtime_int_master@GameObjects@dorna@clutchtime_court_dorna_5:clutchtime_court_dorna_low_linelightvisibility,352,352,2,1,BC4_UNORM,LINEAR,77440,clutchtime_court_dorna_low_linelightvisibility.cdfcf2092d510f58.tld,False
level.SCNE,arena_clutchtime_int_master@arena_clutchtime_int_shared_layout@GameObjects@Prototype_arena_curtains_prototype@Prototype_arena@curtain100x20_arena_straight500c_70:curtain100x20_arena_straight500c_linelightvisibility,72,72,2,1,BC4_UNORM,LINEAR,3240,curtain100x20_arena_straight500c_linelightvisibility.2ecec2b6370d05ce.tld,True
level.SCNE,%databuild_art_root%/substance_library/graphs/tile_square_relief/exports/square_tile_relief_basecolor.png,1024,1024,11,1,BC1_UNORM,,699064,square_tile_relief_basecolor.2899a317c1b8c77e.tld,False
level.SCNE,arena_clutchtime_int_master@arena_clutchtime_int_shared_layout@GameObjects@balcony_chairs@chair_arenacrowd_seatbackcushion_64:chair_arenacrowd_seatbackcushion_low,88,88,2,2,BC6H_UF16,LINEAR,19360,chair_arenacrowd_seatbackcushion_low.5e7b587adf94a29b.tld,True
level.SCNE,ibl1NormalRoughness,128,128,1,6,BC7_UNORM,LINEAR,98304,ibl1normalroughness.652d7c4ed47dbae6.tld,False
level.SCNE,arena_clutchtime_int_master@arena_clutchtime_int_shared_layout@GameObjects@balcony_chairs@chair_arenacrowd_seatbackcushion_103:chair_arenacrowd_seatbackcushion_low,88,88,2,2,BC6H_UF16,LINEAR,19360,chair_arenacrowd_seatbackcushion_low.8ae850584a2b9029.tld,True
level.SCNE,arena_clutchtime_int_master@arena_clutchtime_int_shared_layout@GameObjects@Prototype_arena_curtains_prototype@Prototype_arena@curtain100x20_arena_straight500c_185:curtain100x20_arena_straight500c,72,72,2,2,BC6H_UF16,LINEAR,12960,curtain100x20_arena_straight500c.55083fdd1e0b2c15.tld,True
level.SCNE,arena_clutchtime_int_master@arena_clutchtime_int_shared_layout@GameObjects@balcony_lights@light_ceilinga_round_89:light_ceilinga_round_low,16,16,2,2,BC6H_UF16,LINEAR,640,light_ceilinga_round_low.e16734d6b6c58d8e.tld,True
level.SCNE,arena_clutchtime_int_master@arena_clutchtime_int_shared_layout@GameObjects@balcony_lights@light_ceilinga_round_3:light_ceilinga_round_low_linelightvisibility,16,16,2,1,BC4_UNORM,LINEAR,160,light_ceilinga_round_low_linelightvisibility.bbb5c16588a49e77.tld,True
level.SCNE,arena_clutchtime_int_master@arena_clutchtime_int_shared_layout@GameObjects@balcony_chairs@chair_arenacrowd_seatbackcushion_75:chair_arenacrowd_seatbackcushion_low_linelightvisibility,88,88,2,1,BC4_UNORM,LINEAR,4840,chair_arenacrowd_seatbackcushion_low_linelightvisibility.cdcced57da6d1070.tld,True
level.SCNE,arena_clutchtime_int_master@arena_clutchtime_int_shared_layout@GameObjects@ceiling_panels@clutchtime_ceilingpanel_d_3:clutchtime_ceilingpanel_d_low,768,768,2,2,BC6H_UF16,LINEAR,1474560,clutchtime_ceilingpanel_d_low.1bbe81ef8c8b7c36.tld,False
level.SCNE,arena_clutchtime_int_master@arena_clutchtime_int_shared_layout@GameObjects@ceiling_panels@clutchtime_ceilingpanel_e_4:clutchtime_ceilingpanel_e_low_linelightvisibility,768,768,2,1,BC4_UNORM,LINEAR,368640,clutchtime_ceilingpanel_e_low_linelightvisibility.33ba47bcda8ec47f.tld,False
level.SCNE,arena_clutchtime_int_master@arena_clutchtime_int_shared_layout@GameObjects@ceiling_panelslights@clutchtime_ceilingpanellight_a_6:clutchtime_ceilingpanellight_a_low,1200,1200,2,2,BC6H_UF16,LINEAR,3600000,clutchtime_ceilingpanellight_a_low.f72a1971db334507.tld,False
level.SCNE,arena_clutchtime_int_master@arena_clutchtime_int_shared_layout@GameObjects@balcony_chairs@chair_arenacrowd_seatbackcushion_40:chair_arenacrowd_seatbackcushion_low_linelightvisibility,88,88,2,1,BC4_UNORM,LINEAR,4840,chair_arenacrowd_seatbackcushion_low_linelightvisibility.cdcced57da6d1070.tld,True
level.SCNE,arena_clutchtime_int_master@arena_clutchtime_int_shared_layout@GameObjects@balcony_chairs@chair_arenacrowd_seatbackcushion_2:chair_arenacrowd_seatbackcushion_low,88,88,2,2,BC6H_UF16,LINEAR,19360,chair_arenacrowd_seatbackcushion_low.98ca8ef62a3d0564.tld,True
level.SCNE,arena_clutchtime_int_master@arena_clutchtime_int_shared_layout@GameObjects@balcony_lights@light_ceilinga_round_65:light_ceilinga_round_low,16,16,2,2,BC6H_UF16,LINEAR,640,light_ceilinga_round_low.db41f90936312aef.tld,True
level.SCNE,arena_clutchtime_int_master@arena_clutchtime_int_shared_layout@GameObjects@balcony@clutchtime_balcony_railing_3:clutchtime_balcony_railing_low,104,104,2,2,BC6H_UF16,LINEAR,27040,clutchtime_balcony_railing_low.c5a4937ffe064ad4.tld,True
level.SCNE,arena_clutchtime_int_master@arena_clutchtime_int_shared_layout@GameObjects@ceiling_panelslights@clutchtime_ceilingpanellight_e:clutchtime_ceilingpanellight_e_low_linelightvisibility,1168,1168,2,1,BC4_UNORM,LINEAR,852640,clutchtime_ceilingpanellight_e_low_linelightvisibility.505e2605f407e5fa.tld,False
level.SCNE,arena_clutchtime_int_master@arena_clutchtime_int_shared_layout@GameObjects@clutchtimecurtainstunnels1@Prototype_arena_curtains_prototype_2@curtain100x20_arena_straight400c_7:curtain100x20_arena_straight400c_linelightvisibility,88,88,2,1,BC4_UNORM,LINEAR,4840,curtain100x20_arena_straight400c_linelightvisibility.cdcced57da6d1070.tld,True
level.SCNE,arena_clutchtime_int_master@arena_clutchtime_int_shared_layout@GameObjects@ceiling_panelslights@clutchtime_ceilingpanellight_e_3:clutchtime_ceilingpanellight_e_low,1168,1168,2,2,BC6H_UF16,LINEAR,3410560,clutchtime_ceilingpanellight_e_low.2b9035877fb540b7.tld,False
level.SCNE,arena_clutchtime_int_master@arena_clutchtime_int_shared_layout@GameObjects@ceiling_panels@clutchtime_ceilingpanel_a_5:clutchtime_ceilingpanel_a_low,776,776,2,2,BC6H_UF16,LINEAR,1505440,clutchtime_ceilingpanel_a_low.d48e16b20053e0b2.tld,False
level.SCNE,arena_clutchtime_int_master@GameObjects@dorna@clutchtime_court_dorna_10:clutchtime_court_dorna_low_linelightvisibility,352,352,2,1,BC4_UNORM,LINEAR,77440,clutchtime_court_dorna_low_linelightvisibility.1c86fd1cf8583990.tld,False
level.SCNE,arena_clutchtime_int_master@arena_clutchtime_int_shared_layout@GameObjects@mural_lights@lighting_suspendedtrack_metalb_36:lighting_suspendedtrack_metalb_low_linelightvisibility,120,120,2,1,BC4_UNORM,LINEAR,9000,lighting_suspendedtrack_metalb_low_linelightvisibility.4294ff82d381bc41.tld,True
level.SCNE,arena_clutchtime_int_master@arena_clutchtime_int_shared_layout@GameObjects@walls@clutchtime_wall_corner_2:clutchtime_wall_corner_low_linelightvisibility,256,256,2,1,BC4_UNORM,LINEAR,40960,clutchtime_wall_corner_low_linelightvisibility.64f1675bc0f8e0e3.tld,True
level.SCNE,arena_clutchtime_int_master@arena_clutchtime_int_shared_layout@GameObjects@Prototype_arena_curtains_prototype@Prototype_arena@curtain100x20_arena_straight500c_86:curtain100x20_arena_straight500c,72,72,2,2,BC6H_UF16,LINEAR,12960,curtain100x20_arena_straight500c.e726a899f17bbb32.tld,True
level.SCNE,arena_clutchtime_int_master@arena_clutchtime_int_shared_layout@GameObjects@mural_lights@lighting_suspendedtrack_metalb_21:lighting_suspendedtrack_metalb_low,120,120,2,2,BC6H_UF16,LINEAR,36000,lighting_suspendedtrack_metalb_low.6231a56a8d09ee22.tld,True
level.SCNE,arena_clutchtime_int_master@arena_clutchtime_int_shared_layout@GameObjects@mural_lights@light_stage_spotlight:light_stage_spotlight_low_linelightvisibility,40,40,2,1,BC4_UNORM,LINEAR,1000,light_stage_spotlight_low_linelightvisibility.361d9555115b82e0.tld,True
level.SCNE,arena_clutchtime_int_master@arena_clutchtime_int_shared_layout@GameObjects@balcony_chairs@chair_arenacrowd_seatbackcushion_110:chair_arenacrowd_seatbackcushion_low,88,88,2,2,BC6H_UF16,LINEAR,19360,chair_arenacrowd_seatbackcushion_low.358dcd156b20c514.tld,True
level.SCNE,pillibl_4.31691cfe,128,128,6,6,BC6H_UF16,LINEAR,131040,pillibl_4.b8d9567095406169.tld,False
level.SCNE,arena_clutchtime_int_master@arena_clutchtime_int_shared_layout@GameObjects@ceiling_panelslights@clutchtime_ceilingpanellight_h:clutchtime_ceilingpanellight_h_low,1936,1936,2,2,BC6H_UF16,LINEAR,9370240,clutchtime_ceilingpanellight_h_low.655034e96259eee4.tld,False
level.SCNE,arena_clutchtime_int_master@arena_clutchtime_int_shared_layout@GameObjects@Prototype_arena_curtains_prototype@Prototype_arena@curtain100x20_arena_straight500c_89:curtain100x20_arena_straight500c,72,72,2,2,BC6H_UF16,LINEAR,12960,curtain100x20_arena_straight500c.a867372b51b65dbe.tld,True
level.SCNE,arena_clutchtime_int_master@arena_clutchtime_int_shared_layout@GameObjects@balcony_lights@light_ceilinga_round_42:light_ceilinga_round_low,16,16,2,2,BC6H_UF16,LINEAR,640,light_ceilinga_round_low.9fc96b103e51cfda.tld,True
level.SCNE,%databuild_art_root%/substance_library/graphs/painted_metal_scratched/exports/grey_metal_scratched_basecolor.png,1024,1024,11,1,BC1_UNORM,,699064,grey_metal_scratched_basecolor.80cd246cea760bd7.tld,False
level.SCNE,arena_clutchtime_int_master@arena_clutchtime_int_shared_layout@GameObjects@ceiling_panels@clutchtime_ceilingpanel_e_2:clutchtime_ceilingpanel_e_low,768,768,2,2,BC6H_UF16,LINEAR,1474560,clutchtime_ceilingpanel_e_low.d031e6482555e4df.tld,False
level.SCNE,arena_clutchtime_int_master@arena_clutchtime_int_shared_layout@GameObjects@mural_lights@lighting_suspendedtrack_metalb_40:lighting_suspendedtrack_metalb_low_linelightvisibility,120,120,2,1,BC4_UNORM,LINEAR,9000,lighting_suspendedtrack_metalb_low_linelightvisibility.4294ff82d381bc41.tld,True
level.SCNE,arena_clutchtime_int_master@arena_clutchtime_int_shared_layout@GameObjects@doors@door_interiorwindowb_leftdbl_2:door_interiorwindowb_leftdbl,112,112,2,2,BC6H_UF16,LINEAR,31360,door_interiorwindowb_leftdbl.f9e9863e98ee662f.tld,True
level.SCNE,arena_clutchtime_int_master@arena_clutchtime_int_shared_layout@GameObjects@stands@clutchtime_stands_tunnel:clutchtime_stands_tunnel_low_linelightvisibility,288,288,2,1,BC4_UNORM,LINEAR,51840,clutchtime_stands_tunnel_low_linelightvisibility.d1cdfd5afe2fd076.tld,True
level.SCNE,arena_clutchtime_int_master@arena_clutchtime_int_shared_layout@GameObjects@balcony_chairs@chair_arenacrowd_seatbackcushion_140:chair_arenacrowd_seatbackcushion_low_linelightvisibility,88,88,2,1,BC4_UNORM,LINEAR,4840,chair_arenacrowd_seatbackcushion_low_linelightvisibility.d4736b214554f839.tld,True
level.SCNE,%databuild_art_root%/substance_library/graphs/cast_concrete_blocks_wood/exports/concrete_tiles_wood001_basecolor.png,1024,1024,11,1,BC1_UNORM,,699064,concrete_tiles_wood001_basecolor.b51b4ec43a147644.tld,False
level.SCNE,arena_clutchtime_int_master@arena_clutchtime_int_shared_layout@GameObjects@ceiling_panels@clutchtime_ceilingpanel_f_0:clutchtime_ceilingpanel_f_low,864,864,2,2,BC6H_UF16,LINEAR,1866240,clutchtime_ceilingpanel_f_low.ab68533883f8592f.tld,False
level.SCNE,arena_clutchtime_int_master@arena_clutchtime_int_shared_layout@GameObjects@mural_lights@lighting_suspendedtrack_metalb_7:lighting_suspendedtrack_metalb_low,120,120,2,2,BC6H_UF16,LINEAR,36000,lighting_suspendedtrack_metalb_low.6208ede2d93cd3a2.tld,True
level.SCNE,arena_clutchtime_int_master@arena_clutchtime_int_shared_layout@GameObjects@balcony@clutchtime_ceiling_balcony_3:clutchtime_ceiling_balcony_low,96,96,2,2,BC6H_UF16,LINEAR,23040,clutchtime_ceiling_balcony_low.2eab2bcd818387ed.tld,True
level.SCNE,arena_clutchtime_int_master@arena_clutchtime_int_shared_layout@GameObjects@Prototype_arena_curtains_prototype@Prototype_arena_curtains_prototype_0@curtain100x20_arena_straight500c_129:curtain100x20_arena_straight500c,72,72,2,2,BC6H_UF16,LINEAR,12960,curtain100x20_arena_straight500c.53cd460e5a3f3fd2.tld,True
level.SCNE,arena_clutchtime_int_master@arena_clutchtime_int_shared_layout@GameObjects@Prototype_arena_curtains_prototype@Prototype_arena@curtain100x20_arena_straight500c_69:curtain100x20_arena_straight500c,72,72,2,2,BC6H_UF16,LINEAR,12960,curtain100x20_arena_straight500c.b2f1c8f6a34a9dbd.tld,True
level.SCNE,arena_clutchtime_int_master@arena_clutchtime_int_shared_layout@GameObjects@Prototype_arena_curtains_prototype@Prototype_arena_curtains_prototype_0@curtain100x20_arena_straight500c_4:curtain100x20_arena_straight500c,72,72,2,2,BC6H_UF16,LINEAR,12960,curtain100x20_arena_straight500c.21e5be880ea03870.tld,True
level.SCNE,arena_clutchtime_int_master@arena_clutchtime_int_shared_layout@GameObjects@doors@door_interiorwindowb_leftdbl_1:door_interiorwindowb_leftdbl_linelightvisibility,112,112,2,1,BC4_UNORM,LINEAR,7840,door_interiorwindowb_leftdbl_linelightvisibility.726f2c08afd99930.tld,True
level.SCNE,arena_clutchtime_int_master@arena_clutchtime_int_shared_layout@GameObjects@doors@door_interiorwindowb_rightdbl_6:door_interiorwindowb_rightdbl_linelightvisibility,112,112,2,1,BC4_UNORM,LINEAR,7840,door_interiorwindowb_rightdbl_linelightvisibility.726f2c08afd99930.tld,True
level.SCNE,arena_clutchtime_int_master@arena_clutchtime_int_shared_layout@GameObjects@Prototype_arena_curtains_prototype@Prototype_arena@curtain100x20_arena_straight500c_66:curtain100x20_arena_straight500c,72,72,2,2,BC6H_UF16,LINEAR,12960,curtain100x20_arena_straight500c.2c03b2401bb18fdb.tld,True
level.SCNE,arena_clutchtime_int_master@arena_clutchtime_int_shared_layout@GameObjects@balcony_chairs@chair_arenacrowd_seatbackcushion_136:chair_arenacrowd_seatbackcushion_low,88,88,2,2,BC6H_UF16,LINEAR,19360,chair_arenacrowd_seatbackcushion_low.1d573a6d24aadfa1.tld,True
level.SCNE,arena_clutchtime_int_master@arena_clutchtime_int_shared_layout@GameObjects@Prototype_arena_curtains_prototype@Prototype_arena_curtains_prototype_0@curtain100x20_arena_straight500c_126:curtain100x20_arena_straight500c,72,72,2,2,BC6H_UF16,LINEAR,12960,curtain100x20_arena_straight500c.42416ccedba2cb58.tld,True
level.SCNE,arena_clutchtime_int_master@arena_clutchtime_int_shared_layout@GameObjects@Prototype_arena_curtains_prototype@Prototype_arena@curtain100x20_arena_straight500c_115:curtain100x20_arena_straight500c,72,72,2,2,BC6H_UF16,LINEAR,12960,curtain100x20_arena_straight500c.a6bc082b0d969fda.tld,True
level.SCNE,arena_clutchtime_int_master@arena_clutchtime_int_shared_layout@GameObjects@ceiling_panelslights@clutchtime_ceilingpanellight_e_0:clutchtime_ceilingpanellight_e_low_linelightvisibility,1168,1168,2,1,BC4_UNORM,LINEAR,852640,clutchtime_ceilingpanellight_e_low_linelightvisibility.505e2605f407e5fa.tld,False
level.SCNE,arena_clutchtime_int_master@GameObjects@dorna@clutchtime_court_dornacorner_2:clutchtime_court_dornacorner_low,480,480,2,2,BC6H_UF16,LINEAR,576000,clutchtime_court_dornacorner_low.9dc9aa2ee1286488.tld,False
level.SCNE,arena_clutchtime_int_master@arena_clutchtime_int_shared_layout@GameObjects@ceiling_panelslights@clutchtime_ceilingpanellight_f:clutchtime_ceilingpanellight_f_low,1440,1440,2,2,BC6H_UF16,LINEAR,5184000,clutchtime_ceilingpanellight_f_low.057f478ffde24b5f.tld,False
level.SCNE,arena_clutchtime_int_master@arena_clutchtime_int_shared_layout@GameObjects@mural_lights@lighting_suspendedtrack_metalb_16:lighting_suspendedtrack_metalb_low,120,120,2,2,BC6H_UF16,LINEAR,36000,lighting_suspendedtrack_metalb_low.b198208410fbaee4.tld,True
level.SCNE,arena_clutchtime_int_master@arena_clutchtime_int_shared_layout@GameObjects@balcony_lights@light_ceilinga_round_50:light_ceilinga_round_low_linelightvisibility,16,16,2,1,BC4_UNORM,LINEAR,160,light_ceilinga_round_low_linelightvisibility.bbb5c16588a49e77.tld,True
level.SCNE,arena_clutchtime_int_master@arena_clutchtime_int_shared_layout@GameObjects@Prototype_arena_curtains_prototype@Prototype_arena_curtains_prototype_0@curtain100x20_arena_straight500c_149:curtain100x20_arena_straight500c_linelightvisibility,72,72,2,1,BC4_UNORM,LINEAR,3240,curtain100x20_arena_straight500c_linelightvisibility.2ecec2b6370d05ce.tld,True
level.SCNE,arena_clutchtime_int_master@arena_clutchtime_int_shared_layout@GameObjects@balcony@clutchtime_balcony_railing_4:clutchtime_balcony_railing_low_linelightvisibility,104,104,2,1,BC4_UNORM,LINEAR,6760,clutchtime_balcony_railing_low_linelightvisibility.415df97535cc75a1.tld,True
level.SCNE,arena_clutchtime_int_master@arena_clutchtime_int_shared_layout@GameObjects@Prototype_arena_curtains_prototype@Prototype_arena_curtains_prototype_0@curtain100x20_arena_straight500c_159:curtain100x20_arena_straight500c,72,72,2,2,BC6H_UF16,LINEAR,12960,curtain100x20_arena_straight500c.ece2304f3494dcf2.tld,True
level.SCNE,arena_clutchtime_int_master@arena_clutchtime_int_shared_layout@GameObjects@balcony@clutchtime_balcony_a_1:clutchtime_balcony_a_low,696,696,2,2,BC6H_UF16,LINEAR,1211040,clutchtime_balcony_a_low.f03072ffa25863c9.tld,False
level.SCNE,arena_clutchtime_int_master@arena_clutchtime_int_shared_layout@GameObjects@ceiling_panels@clutchtime_ceilingpanel_c_6:clutchtime_ceilingpanel_c_low,776,776,2,2,BC6H_UF16,LINEAR,1505440,clutchtime_ceilingpanel_c_low.9dc6abb77e343578.tld,False
level.SCNE,arena_clutchtime_int_master@arena_clutchtime_int_shared_layout@GameObjects@Prototype_arena_curtains_prototype@Prototype_arena_curtains_prototype_0@curtain100x20_arena_straight500c_156:curtain100x20_arena_straight500c,72,72,2,2,BC6H_UF16,LINEAR,12960,curtain100x20_arena_straight500c.7e7e1dc417aedc02.tld,True
level.SCNE,%databuild_art_root%/material_library/_generic_textures/grunges/substanceprocedural_grunge_surface_001.tga,1024,1024,11,1,BC7_UNORM,LINEAR,1398128,substanceprocedural_grunge_surface_001.a16f5745dc4a6a6c.tld,False
level.SCNE,arena_clutchtime_int_master@arena_clutchtime_int_shared_layout@GameObjects@stands@clutchtime_stair_3step_19:clutchtime_stair_3step_low_linelightvisibility,80,80,2,1,BC4_UNORM,LINEAR,4000,clutchtime_stair_3step_low_linelightvisibility.e459a7044e5be3c6.tld,True
level.SCNE,arena_clutchtime_int_master@arena_clutchtime_int_shared_layout@GameObjects@Prototype_arena_curtains_prototype@Prototype_arena@curtain100x20_arena_straight500c_165:curtain100x20_arena_straight500c,72,72,2,2,BC6H_UF16,LINEAR,12960,curtain100x20_arena_straight500c.de30e0451781d1db.tld,True
level.SCNE,arena_clutchtime_int_master@arena_clutchtime_int_shared_layout@GameObjects@balcony@clutchtime_balcony_column_0:clutchtime_balcony_column_low,496,496,2,2,BC6H_UF16,LINEAR,615040,clutchtime_balcony_column_low.c0e6ddb43aca394e.tld,False
level.SCNE,arena_clutchtime_int_master@arena_clutchtime_int_shared_layout@GameObjects@balcony_chairs@chair_arenacrowd_seatbackcushion_125:chair_arenacrowd_seatbackcushion_low,88,88,2,2,BC6H_UF16,LINEAR,19360,chair_arenacrowd_seatbackcushion_low.65f7885e7c61f10b.tld,True
level.SCNE,arena_clutchtime_int_master@arena_clutchtime_int_shared_layout@GameObjects@mural@clutchtime_mural_floor:clutchtime_mural_floor_low,1040,1040,2,2,BC6H_UF16,LINEAR,2704000,clutchtime_mural_floor_low.7779cb9fe555ab64.tld,False
level.SCNE,arena_clutchtime_int_master@arena_clutchtime_int_shared_layout@GameObjects@ceiling_panels@clutchtime_ceilingpanel_d:clutchtime_ceilingpanel_d_low,768,768,2,2,BC6H_UF16,LINEAR,1474560,clutchtime_ceilingpanel_d_low.44959c4d24f88f33.tld,False
level.SCNE,arena_clutchtime_int_master@arena_clutchtime_int_shared_layout@GameObjects@balcony@clutchtime_balcony_a_3:clutchtime_balcony_a_low_linelightvisibility,696,696,2,1,BC4_UNORM,LINEAR,302760,clutchtime_balcony_a_low_linelightvisibility.2f589d455d4e9070.tld,False
level.SCNE,arena_clutchtime_int_master@arena_clutchtime_int_shared_layout@GameObjects@balcony_lights@light_ceilinga_round_11:light_ceilinga_round_low_linelightvisibility,16,16,2,1,BC4_UNORM,LINEAR,160,light_ceilinga_round_low_linelightvisibility.bbb5c16588a49e77.tld,True
level.SCNE,arena_clutchtime_int_master@arena_clutchtime_int_shared_layout@GameObjects@Prototype_arena_curtains_prototype@Prototype_arena_curtains_prototype_0@curtain100x20_arena_straight500c_148:curtain100x20_arena_straight500c_linelightvisibility,72,72,2,1,BC4_UNORM,LINEAR,3240,curtain100x20_arena_straight500c_linelightvisibility.2ecec2b6370d05ce.tld,True
level.SCNE,arena_clutchtime_int_master@arena_clutchtime_int_shared_layout@GameObjects@mural_lights@lighting_suspendedtrack_metalb_27:lighting_suspendedtrack_metalb_low_linelightvisibility,120,120,2,1,BC4_UNORM,LINEAR,9000,lighting_suspendedtrack_metalb_low_linelightvisibility.4294ff82d381bc41.tld,True
level.SCNE,arena_clutchtime_int_master@arena_clutchtime_int_shared_layout@GameObjects@balcony_chairs@chair_arenacrowd_seatbackcushion_9:chair_arenacrowd_seatbackcushion_low_linelightvisibility,88,88,2,1,BC4_UNORM,LINEAR,4840,chair_arenacrowd_seatbackcushion_low_linelightvisibility.6ed0966a004c15ab.tld,True
level.SCNE,arena_clutchtime_int_master@arena_clutchtime_int_shared_layout@GameObjects@balcony@clutchtime_balcony_column_1:clutchtime_balcony_column_low,496,496,2,2,BC6H_UF16,LINEAR,615040,clutchtime_balcony_column_low.1a61de3036798ed5.tld,False
level.SCNE,arena_clutchtime_int_master@arena_clutchtime_int_shared_layout@GameObjects@balcony_chairs@chair_arenacrowd_seatbackcushion_156:chair_arenacrowd_seatbackcushion_low_linelightvisibility,88,88,2,1,BC4_UNORM,LINEAR,4840,chair_arenacrowd_seatbackcushion_low_linelightvisibility.7d3b818aec6c9836.tld,True
level.SCNE,arena_clutchtime_int_master@arena_clutchtime_int_shared_layout@GameObjects@Prototype_arena_curtains_prototype@Prototype_arena_curtains_prototype_0@curtain100x20_arena_straight500c_143:curtain100x20_arena_straight500c_linelightvisibility,72,72,2,1,BC4_UNORM,LINEAR,3240,curtain100x20_arena_straight500c_linelightvisibility.2ecec2b6370d05ce.tld,True
level.SCNE,arena_clutchtime_int_master@GameObjects@dorna@clutchtime_court_dornacorner:clutchtime_court_dornacorner_low_linelightvisibility,480,480,2,1,BC4_UNORM,LINEAR,144000,clutchtime_court_dornacorner_low_linelightvisibility.27f39408d9ce838d.tld,False
level.SCNE,arena_clutchtime_int_master@arena_clutchtime_int_shared_layout@GameObjects@mural_lights@lighting_suspendedtrack_metalb_14:lighting_suspendedtrack_metalb_low_linelightvisibility,120,120,2,1,BC4_UNORM,LINEAR,9000,lighting_suspendedtrack_metalb_low_linelightvisibility.4294ff82d381bc41.tld,True
level.SCNE,%databuild_art_root%/substance_library/graphs/anodized_aluminium/exports/anodized_aluminium_black_basecolor.png,1,1,1,1,BC1_UNORM,,8,anodized_aluminium_black_basecolor.be5f27ea2a62377e.tld,True
level.SCNE,arena_clutchtime_int_master@arena_clutchtime_int_shared_layout@GameObjects@doors@door_interiorwindowb_leftdbl:door_interiorwindowb_leftdbl,112,112,2,2,BC6H_UF16,LINEAR,31360,door_interiorwindowb_leftdbl.edcbca483afac25d.tld,True
level.SCNE,arena_clutchtime_int_master@arena_clutchtime_int_shared_layout@GameObjects@balcony_lights@light_ceilinga_round_9:light_ceilinga_round_low,16,16,2,2,BC6H_UF16,LINEAR,640,light_ceilinga_round_low.127eaece5c57761d.tld,True
level.SCNE,arena_clutchtime_int_master@arena_clutchtime_int_shared_layout@GameObjects@Prototype_arena_curtains_prototype@Prototype_arena_curtains_prototype_0@curtain100x20_arena_straight500c_52:curtain100x20_arena_straight500c,72,72,2,2,BC6H_UF16,LINEAR,12960,curtain100x20_arena_straight500c.679d507a0e17b564.tld,True
level.SCNE,arena_clutchtime_int_master@arena_clutchtime_int_shared_layout@GameObjects@balcony_chairs@chair_arenacrowd_seatbackcushion_63:chair_arenacrowd_seatbackcushion_low,88,88,2,2,BC6H_UF16,LINEAR,19360,chair_arenacrowd_seatbackcushion_low.7b1e6661e58ce328.tld,True
level.SCNE,arena_clutchtime_int_master@arena_clutchtime_int_shared_layout@GameObjects@mural_lights@lighting_suspendedtrack_metalb_3:lighting_suspendedtrack_metalb_low_linelightvisibility,120,120,2,1,BC4_UNORM,LINEAR,9000,lighting_suspendedtrack_metalb_low_linelightvisibility.4294ff82d381bc41.tld,True
level.SCNE,arena_clutchtime_int_master@arena_clutchtime_int_shared_layout@GameObjects@Prototype_arena_curtains_prototype@Prototype_arena_curtains_prototype_0@curtain100x20_arena_straight500c_142:curtain100x20_arena_straight500c_linelightvisibility,72,72,2,1,BC4_UNORM,LINEAR,3240,curtain100x20_arena_straight500c_linelightvisibility.2ecec2b6370d05ce.tld,True
level.SCNE,arena_clutchtime_int_master@arena_clutchtime_int_shared_layout@GameObjects@Prototype_arena_curtains_prototype@Prototype_arena_curtains_prototype_0@curtain100x20_arena_straight500c_22:curtain100x20_arena_straight500c,72,72,2,2,BC6H_UF16,LINEAR,12960,curtain100x20_arena_straight500c.dadfcb36c1d20eda.tld,True
level.SCNE,NormalAndRoughMap#7818025a_1673,1024,1024,11,1,BC7_UNORM,LINEAR,1398128,normalandroughmap.0317d5490362e2d5.tld,False
level.SCNE,%databuild_art_root%/substance_library/graphs/metal_gold/exports/metal_gold_basecolor.png,1024,1024,11,1,BC1_UNORM,,699064,metal_gold_basecolor.ed035a2bbcb2bb0f.tld,False
level.SCNE,arena_clutchtime_int_master@arena_clutchtime_int_shared_layout@GameObjects@doors@doorframe_interiorhingeless_double_5:doorframe_interiorhingeless_double_low,104,104,2,2,BC6H_UF16,LINEAR,27040,doorframe_interiorhingeless_double_low.3424a975112ce051.tld,True
level.SCNE,ibl1Depth,128,128,1,6,BC6H_UF16,LINEAR,98304,ibl1depth.6ae05630974ce8e5.tld,False
level.SCNE,arena_clutchtime_int_master@arena_clutchtime_int_shared_layout@GameObjects@ceiling_panels@clutchtime_ceilingpanel_e_3:clutchtime_ceilingpanel_e_low,768,768,2,2,BC6H_UF16,LINEAR,1474560,clutchtime_ceilingpanel_e_low.f68f9808a1dbf17b.tld,False
level.SCNE,arena_clutchtime_int_master@arena_clutchtime_int_shared_layout@GameObjects@Prototype_arena_curtains_prototype@Prototype_arena_curtains_prototype_0@curtain100x20_arena_straight500c_140:curtain100x20_arena_straight500c_linelightvisibility,72,72,2,1,BC4_UNORM,LINEAR,3240,curtain100x20_arena_straight500c_linelightvisibility.2ecec2b6370d05ce.tld,True
level.SCNE,arena_clutchtime_int_master@arena_clutchtime_int_shared_layout@GameObjects@doors@doorframe_interiorhingeless_double:doorframe_interiorhingeless_double_low_linelightvisibility,104,104,2,1,BC4_UNORM,LINEAR,6760,doorframe_interiorhingeless_double_low_linelightvisibility.415df97535cc75a1.tld,True
level.SCNE,arena_clutchtime_int_master@arena_clutchtime_int_shared_layout@GameObjects@balcony_chairs@chair_arenacrowd_seatbackcushion_70:chair_arenacrowd_seatbackcushion_low,88,88,2,2,BC6H_UF16,LINEAR,19360,chair_arenacrowd_seatbackcushion_low.c42411ad9fb83643.tld,True
level.SCNE,arena_clutchtime_int_master@arena_clutchtime_int_shared_layout@GameObjects@clutchtimecurtainstunnels1@Prototype_arena_curtains_prototype_2@curtain100x20_arena_straight400c_9:curtain100x20_arena_straight400c_linelightvisibility,88,88,2,1,BC4_UNORM,LINEAR,4840,curtain100x20_arena_straight400c_linelightvisibility.cdcced57da6d1070.tld,True
level.SCNE,arena_clutchtime_int_master@arena_clutchtime_int_shared_layout@GameObjects@Prototype_arena_curtains_prototype@Prototype_arena_curtains_prototype_0@curtain100x20_arena_straight500c_141:curtain100x20_arena_straight500c_linelightvisibility,72,72,2,1,BC4_UNORM,LINEAR,3240,curtain100x20_arena_straight500c_linelightvisibility.2ecec2b6370d05ce.tld,True
level.SCNE,LAYER1_NormalAndRoughMap#456c289a_1474,1024,1024,11,1,BC7_UNORM,LINEAR,1398128,layer1_normalandroughmap.53af8caf4b110fc8.tld,False
level.SCNE,arena_clutchtime_int_master@arena_clutchtime_int_shared_layout@GameObjects@ceiling_panelslights@clutchtime_ceilingpanellight_b_6:clutchtime_ceilingpanellight_b_low,1272,1272,2,2,BC6H_UF16,LINEAR,4044960,clutchtime_ceilingpanellight_b_low.f269ffa770254cd1.tld,False
level.SCNE,arena_clutchtime_int_master@arena_clutchtime_int_shared_layout@GameObjects@ceiling_panels@clutchtime_ceilingpanel_d_2:clutchtime_ceilingpanel_d_low_linelightvisibility,768,768,2,1,BC4_UNORM,LINEAR,368640,clutchtime_ceilingpanel_d_low_linelightvisibility.33ba47bcda8ec47f.tld,False
level.SCNE,arena_clutchtime_int_master@arena_clutchtime_int_shared_layout@GameObjects@clutchtimecurtainstunnels1@Prototype_arena_curtains_prototype_2@curtain100x20_arena_straight400c_8:curtain100x20_arena_straight400c_linelightvisibility,88,88,2,1,BC4_UNORM,LINEAR,4840,curtain100x20_arena_straight400c_linelightvisibility.cdcced57da6d1070.tld,True
level.SCNE,arena_clutchtime_int_master@arena_clutchtime_int_shared_layout@GameObjects@ceiling_panels@clutchtime_ceilingpanel_a_2:clutchtime_ceilingpanel_a_low_linelightvisibility,776,776,2,1,BC4_UNORM,LINEAR,376360,clutchtime_ceilingpanel_a_low_linelightvisibility.986325f0b2280183.tld,False
level.SCNE,arena_clutchtime_int_master@arena_clutchtime_int_shared_layout@GameObjects@balcony@clutchtime_balcony_b_2:clutchtime_balcony_b_low_linelightvisibility,584,584,2,1,BC4_UNORM,LINEAR,213160,clutchtime_balcony_b_low_linelightvisibility.a9e3bd16c6faf7de.tld,False
level.SCNE,arena_clutchtime_int_master@arena_clutchtime_int_shared_layout@GameObjects@balcony_chairs@chair_arenacrowd_seatbackcushion_109:chair_arenacrowd_seatbackcushion_low_linelightvisibility,88,88,2,1,BC4_UNORM,LINEAR,4840,chair_arenacrowd_seatbackcushion_low_linelightvisibility.cdcced57da6d1070.tld,True
level.SCNE,%databuild_art_root%/asset_library/_generic_textures/curtain100x20_arena_straight150a.png,1024,1024,11,1,BC7_UNORM,NORMAL,1398128,curtain100x20_arena_straight150a.079383c240386c08.tld,False
level.SCNE,arena_clutchtime_int_master@arena_clutchtime_int_shared_layout@GameObjects@ceiling_panelslights@clutchtime_ceilingpanellight_c_0:clutchtime_ceilingpanellight_c_low_linelightvisibility,1168,1168,2,1,BC4_UNORM,LINEAR,852640,clutchtime_ceilingpanellight_c_low_linelightvisibility.505e2605f407e5fa.tld,False
level.SCNE,arena_clutchtime_int_master@arena_clutchtime_int_shared_layout@GameObjects@balcony_lights@light_ceilinga_round_12:light_ceilinga_round_low,16,16,2,2,BC6H_UF16,LINEAR,640,light_ceilinga_round_low.7fe4bb4fc5e77bb9.tld,True
level.SCNE,arena_clutchtime_int_master@arena_clutchtime_int_shared_layout@GameObjects@ceiling_panels@clutchtime_ceilingpanel_f_1:clutchtime_ceilingpanel_f_low,864,864,2,2,BC6H_UF16,LINEAR,1866240,clutchtime_ceilingpanel_f_low.43d4cab7d090a328.tld,False
level.SCNE,arena_clutchtime_int_master@arena_clutchtime_int_shared_layout@GameObjects@balcony_chairs@chair_arenacrowd_seatbackcushion_56:chair_arenacrowd_seatbackcushion_low,88,88,2,2,BC6H_UF16,LINEAR,19360,chair_arenacrowd_seatbackcushion_low.b47e8e97ab08d48a.tld,True
level.SCNE,arena_clutchtime_int_master@arena_clutchtime_int_shared_layout@GameObjects@Prototype_arena_curtains_prototype@Prototype_arena_curtains_prototype_0@curtain100x20_arena_straight500c_144:curtain100x20_arena_straight500c_linelightvisibility,72,72,2,1,BC4_UNORM,LINEAR,3240,curtain100x20_arena_straight500c_linelightvisibility.2ecec2b6370d05ce.tld,True
level.SCNE,%databuild_art_root%/substance_library/graphs/floor_hardwood/exports/floor_hardwood_ash_planks_basecolor.png,1024,1024,11,1,BC1_UNORM,,699064,floor_hardwood_ash_planks_basecolor.c62e7a63dd7f3e9a.tld,False
level.SCNE,arena_clutchtime_int_master@arena_clutchtime_int_shared_layout@GameObjects@balcony_chairs@chair_arenacrowd_seatbackcushion_63:chair_arenacrowd_seatbackcushion_low_linelightvisibility,88,88,2,1,BC4_UNORM,LINEAR,4840,chair_arenacrowd_seatbackcushion_low_linelightvisibility.cdcced57da6d1070.tld,True
level.SCNE,%databuild_art_root%/asset_library/_generic_textures/door_double_glass_mat_c.png,2048,2048,12,1,BC1_UNORM,,2796216,door_double_glass_mat_c.a25109e721218eef.tld,False
level.SCNE,arena_clutchtime_int_master@arena_clutchtime_int_shared_layout@GameObjects@ceiling_panels@clutchtime_ceilingpanel_a_4:clutchtime_ceilingpanel_a_low,776,776,2,2,BC6H_UF16,LINEAR,1505440,clutchtime_ceilingpanel_a_low.5b1fd035c9467535.tld,False
level.SCNE,arena_clutchtime_int_master@arena_clutchtime_int_shared_layout@GameObjects@mural@clutchtime_mural_balcony:clutchtime_mural_balcony_low_linelightvisibility,1216,1216,2,1,BC4_UNORM,LINEAR,924160,clutchtime_mural_balcony_low_linelightvisibility.5e062ccf5548bb98.tld,False
level.SCNE,arena_clutchtime_int_master@arena_clutchtime_int_shared_layout@GameObjects@ceiling_panels@clutchtime_ceilingpanel_b_6:clutchtime_ceilingpanel_b_low,776,776,2,2,BC6H_UF16,LINEAR,1505440,clutchtime_ceilingpanel_b_low.8fe18f8810d8d3de.tld,False
level.SCNE,arena_clutchtime_int_master@arena_clutchtime_int_shared_layout@GameObjects@balcony_chairs@chair_arenacrowd_seatbackcushion_56:chair_arenacrowd_seatbackcushion_low_linelightvisibility,88,88,2,1,BC4_UNORM,LINEAR,4840,chair_arenacrowd_seatbackcushion_low_linelightvisibility.cdcced57da6d1070.tld,True
level.SCNE,arena_clutchtime_int_master@arena_clutchtime_int_shared_layout@GameObjects@Prototype_arena_curtains_prototype@Prototype_arena_curtains_prototype_0@curtain100x20_arena_straight500c_145:curtain100x20_arena_straight500c_linelightvisibility,72,72,2,1,BC4_UNORM,LINEAR,3240,curtain100x20_arena_straight500c_linelightvisibility.2ecec2b6370d05ce.tld,True
level.SCNE,arena_clutchtime_int_master@arena_clutchtime_int_shared_layout@GameObjects@stands@clutchtime_stair_3step_10:clutchtime_stair_3step_low_linelightvisibility,80,80,2,1,BC4_UNORM,LINEAR,4000,clutchtime_stair_3step_low_linelightvisibility.e459a7044e5be3c6.tld,True
level.SCNE,arena_clutchtime_int_master@arena_clutchtime_int_shared_layout@GameObjects@ceiling_panelslights@clutchtime_ceilingpanellight_a_0:clutchtime_ceilingpanellight_a_low_linelightvisibility,1200,1200,2,1,BC4_UNORM,LINEAR,900000,clutchtime_ceilingpanellight_a_low_linelightvisibility.3a1373a98a6f9cf0.tld,False
level.SCNE,arena_clutchtime_int_master@arena_clutchtime_int_shared_layout@GameObjects@balcony_lights@light_ceilinga_round_35:light_ceilinga_round_low,16,16,2,2,BC6H_UF16,LINEAR,640,light_ceilinga_round_low.d1281246efbc990a.tld,True
level.SCNE,%databuild_art_root%/substance_library/graphs/floor_hardwood/exports/floor_hardwood_mahogany_planks_basecolor.png,1024,1024,11,1,BC1_UNORM,,699064,floor_hardwood_mahogany_planks_basecolor.085d359cb8d0b297.tld,False
level.SCNE,arena_clutchtime_int_master@arena_clutchtime_int_shared_layout@GameObjects@balcony_lights@light_ceilinga_round_37:light_ceilinga_round_low_linelightvisibility,16,16,2,1,BC4_UNORM,LINEAR,160,light_ceilinga_round_low_linelightvisibility.bbb5c16588a49e77.tld,True
level.SCNE,arena_clutchtime_int_master@arena_clutchtime_int_shared_layout@GameObjects@Prototype_arena_curtains_prototype@Prototype_arena_curtains_prototype_0@curtain100x20_arena_straight500c_147:curtain100x20_arena_straight500c_linelightvisibility,72,72,2,1,BC4_UNORM,LINEAR,3240,curtain100x20_arena_straight500c_linelightvisibility.2ecec2b6370d05ce.tld,True
level.SCNE,arena_clutchtime_int_master@arena_clutchtime_int_shared_layout@GameObjects@balcony_lights@light_ceilinga_round_76:light_ceilinga_round_low_linelightvisibility,16,16,2,1,BC4_UNORM,LINEAR,160,light_ceilinga_round_low_linelightvisibility.bbb5c16588a49e77.tld,True
level.SCNE,arena_clutchtime_int_master@arena_clutchtime_int_shared_layout@GameObjects@balcony_chairs@chair_arenacrowd_seatbackcushion_45:chair_arenacrowd_seatbackcushion_low,88,88,2,2,BC6H_UF16,LINEAR,19360,chair_arenacrowd_seatbackcushion_low.826d1c1beb8c93cb.tld,True
level.SCNE,arena_clutchtime_int_master@arena_clutchtime_int_shared_layout@GameObjects@Prototype_arena_curtains_prototype@Prototype_arena_curtains_prototype_0@curtain100x20_arena_straight500c_146:curtain100x20_arena_straight500c_linelightvisibility,72,72,2,1,BC4_UNORM,LINEAR,3240,curtain100x20_arena_straight500c_linelightvisibility.2ecec2b6370d05ce.tld,True
level.SCNE,court_pillibl_5NormalRoughness.52d972f2,128,128,1,6,BC7_UNORM,LINEAR,98304,court_pillibl_5normalroughness.ffdc32ba41856e1b.tld,False
level.SCNE,arena_clutchtime_int_master@arena_clutchtime_int_shared_layout@GameObjects@clutchtimecurtainstunnels1@Prototype_arena_curtains_prototype_1@curtain100x20_arena_straight300c:curtain100x20_arena_straight300c_linelightvisibility,56,56,2,1,BC4_UNORM,LINEAR,1960,curtain100x20_arena_straight300c_linelightvisibility.49e70862deee7549.tld,True
level.SCNE,arena_clutchtime_int_master@arena_clutchtime_int_shared_layout@GameObjects@ceiling_panels@clutchtime_ceilingpanel_d_2:clutchtime_ceilingpanel_d_low,768,768,2,2,BC6H_UF16,LINEAR,1474560,clutchtime_ceilingpanel_d_low.bf20ee51c5a2d91e.tld,False
level.SCNE,DetailNormalRoughConeTexture#8943058b_2172,4096,4096,13,1,BC7_UNORM,LINEAR,22369648,detailnormalroughconetexture.046f939495687e79.tld,False
level.SCNE,BaseMaterialTexture#24fc4126_594,4096,4096,13,1,BC7_UNORM,LINEAR,22369648,basematerialtexture.76e2c2675d553e76.tld,False
level.SCNE,%databuild_art_root%/asset_library/floor_clutchtime_court/texture/floor_clutchtime_court_wood1_basecolor.png,4096,4096,13,1,BC1_UNORM,,11184824,floor_clutchtime_court_wood1_basecolor.acf97a9f6ae9fe69.tld,False
level.SCNE,%databuild_art_root%/material_library/_generic_textures/courts_shared/floor_line.png,512,512,10,1,BC7_UNORM,,349552,floor_line.71af6dc754935e49.tld,False
level.SCNE,%databuild_art_root%/asset_library/floor_clutchtime_court/texture/floor_clutchtime_court.png,8192,4096,14,1,BC7_UNORM,,44739280,floor_clutchtime_court.75b8ed9f0535ae30.tld,False
level_floor_lightmaps.SCNE,__floor00___linelightvisibility,424,424,2,1,R8_UNORM,LINEAR,224720,__floor00___linelightvisibility.fd6fa79cd4bb5fc7.tld,False
level_floor_lightmaps.SCNE,__floor00__,424,424,2,2,R11G11B10_FLOAT,LINEAR,1797760,__floor00__.66bc2e521778755a.tld,False
